-- MySQL dump 10.13  Distrib 8.0.45, for Win64 (x86_64)
--
-- Host: 127.0.0.1    Database: chuyen_de_2
-- ------------------------------------------------------
-- Server version	8.0.45

/*!40101 SET @OLD_CHARACTER_SET_CLIENT=@@CHARACTER_SET_CLIENT */;
/*!40101 SET @OLD_CHARACTER_SET_RESULTS=@@CHARACTER_SET_RESULTS */;
/*!40101 SET @OLD_COLLATION_CONNECTION=@@COLLATION_CONNECTION */;
/*!50503 SET NAMES utf8 */;
/*!40103 SET @OLD_TIME_ZONE=@@TIME_ZONE */;
/*!40103 SET TIME_ZONE='+00:00' */;
/*!40014 SET @OLD_UNIQUE_CHECKS=@@UNIQUE_CHECKS, UNIQUE_CHECKS=0 */;
/*!40014 SET @OLD_FOREIGN_KEY_CHECKS=@@FOREIGN_KEY_CHECKS, FOREIGN_KEY_CHECKS=0 */;
/*!40101 SET @OLD_SQL_MODE=@@SQL_MODE, SQL_MODE='NO_AUTO_VALUE_ON_ZERO' */;
/*!40111 SET @OLD_SQL_NOTES=@@SQL_NOTES, SQL_NOTES=0 */;

--
-- Table structure for table `auth_group`
--

DROP TABLE IF EXISTS `auth_group`;
/*!40101 SET @saved_cs_client     = @@character_set_client */;
/*!50503 SET character_set_client = utf8mb4 */;
CREATE TABLE `auth_group` (
  `id` int NOT NULL AUTO_INCREMENT,
  `name` varchar(150) COLLATE utf8mb4_unicode_ci NOT NULL,
  PRIMARY KEY (`id`),
  UNIQUE KEY `name` (`name`)
) ENGINE=InnoDB DEFAULT CHARSET=utf8mb4 COLLATE=utf8mb4_unicode_ci;
/*!40101 SET character_set_client = @saved_cs_client */;

--
-- Dumping data for table `auth_group`
--

LOCK TABLES `auth_group` WRITE;
/*!40000 ALTER TABLE `auth_group` DISABLE KEYS */;
/*!40000 ALTER TABLE `auth_group` ENABLE KEYS */;
UNLOCK TABLES;

--
-- Table structure for table `auth_group_permissions`
--

DROP TABLE IF EXISTS `auth_group_permissions`;
/*!40101 SET @saved_cs_client     = @@character_set_client */;
/*!50503 SET character_set_client = utf8mb4 */;
CREATE TABLE `auth_group_permissions` (
  `id` bigint NOT NULL AUTO_INCREMENT,
  `group_id` int NOT NULL,
  `permission_id` int NOT NULL,
  PRIMARY KEY (`id`),
  UNIQUE KEY `auth_group_permissions_group_id_permission_id_0cd325b0_uniq` (`group_id`,`permission_id`),
  KEY `auth_group_permissio_permission_id_84c5c92e_fk_auth_perm` (`permission_id`),
  CONSTRAINT `auth_group_permissio_permission_id_84c5c92e_fk_auth_perm` FOREIGN KEY (`permission_id`) REFERENCES `auth_permission` (`id`),
  CONSTRAINT `auth_group_permissions_group_id_b120cbf9_fk_auth_group_id` FOREIGN KEY (`group_id`) REFERENCES `auth_group` (`id`)
) ENGINE=InnoDB DEFAULT CHARSET=utf8mb4 COLLATE=utf8mb4_unicode_ci;
/*!40101 SET character_set_client = @saved_cs_client */;

--
-- Dumping data for table `auth_group_permissions`
--

LOCK TABLES `auth_group_permissions` WRITE;
/*!40000 ALTER TABLE `auth_group_permissions` DISABLE KEYS */;
/*!40000 ALTER TABLE `auth_group_permissions` ENABLE KEYS */;
UNLOCK TABLES;

--
-- Table structure for table `auth_permission`
--

DROP TABLE IF EXISTS `auth_permission`;
/*!40101 SET @saved_cs_client     = @@character_set_client */;
/*!50503 SET character_set_client = utf8mb4 */;
CREATE TABLE `auth_permission` (
  `id` int NOT NULL AUTO_INCREMENT,
  `name` varchar(255) COLLATE utf8mb4_unicode_ci NOT NULL,
  `content_type_id` int NOT NULL,
  `codename` varchar(100) COLLATE utf8mb4_unicode_ci NOT NULL,
  PRIMARY KEY (`id`),
  UNIQUE KEY `auth_permission_content_type_id_codename_01ab375a_uniq` (`content_type_id`,`codename`),
  CONSTRAINT `auth_permission_content_type_id_2f476e4b_fk_django_co` FOREIGN KEY (`content_type_id`) REFERENCES `django_content_type` (`id`)
) ENGINE=InnoDB AUTO_INCREMENT=97 DEFAULT CHARSET=utf8mb4 COLLATE=utf8mb4_unicode_ci;
/*!40101 SET character_set_client = @saved_cs_client */;

--
-- Dumping data for table `auth_permission`
--

LOCK TABLES `auth_permission` WRITE;
/*!40000 ALTER TABLE `auth_permission` DISABLE KEYS */;
INSERT INTO `auth_permission` VALUES (1,'Can add log entry',1,'add_logentry'),(2,'Can change log entry',1,'change_logentry'),(3,'Can delete log entry',1,'delete_logentry'),(4,'Can view log entry',1,'view_logentry'),(5,'Can add permission',2,'add_permission'),(6,'Can change permission',2,'change_permission'),(7,'Can delete permission',2,'delete_permission'),(8,'Can view permission',2,'view_permission'),(9,'Can add group',3,'add_group'),(10,'Can change group',3,'change_group'),(11,'Can delete group',3,'delete_group'),(12,'Can view group',3,'view_group'),(13,'Can add content type',4,'add_contenttype'),(14,'Can change content type',4,'change_contenttype'),(15,'Can delete content type',4,'delete_contenttype'),(16,'Can view content type',4,'view_contenttype'),(17,'Can add session',5,'add_session'),(18,'Can change session',5,'change_session'),(19,'Can delete session',5,'delete_session'),(20,'Can view session',5,'view_session'),(21,'Can add to chuc',6,'add_tochuc'),(22,'Can change to chuc',6,'change_tochuc'),(23,'Can delete to chuc',6,'delete_tochuc'),(24,'Can view to chuc',6,'view_tochuc'),(25,'Can add user',7,'add_nguoidung'),(26,'Can change user',7,'change_nguoidung'),(27,'Can delete user',7,'delete_nguoidung'),(28,'Can view user',7,'view_nguoidung'),(29,'Can add ky nang',8,'add_kynang'),(30,'Can change ky nang',8,'change_kynang'),(31,'Can delete ky nang',8,'delete_kynang'),(32,'Can view ky nang',8,'view_kynang'),(33,'Can add khoa hoc',9,'add_khoahoc'),(34,'Can change khoa hoc',9,'change_khoahoc'),(35,'Can delete khoa hoc',9,'delete_khoahoc'),(36,'Can view khoa hoc',9,'view_khoahoc'),(37,'Can add dang ky hoc',10,'add_dangkyhoc'),(38,'Can change dang ky hoc',10,'change_dangkyhoc'),(39,'Can delete dang ky hoc',10,'delete_dangkyhoc'),(40,'Can view dang ky hoc',10,'view_dangkyhoc'),(41,'Can add bai giang',11,'add_baigiang'),(42,'Can change bai giang',11,'change_baigiang'),(43,'Can delete bai giang',11,'delete_baigiang'),(44,'Can view bai giang',11,'view_baigiang'),(45,'Can add ky nang khoa hoc',12,'add_kynangkhoahoc'),(46,'Can change ky nang khoa hoc',12,'change_kynangkhoahoc'),(47,'Can delete ky nang khoa hoc',12,'delete_kynangkhoahoc'),(48,'Can view ky nang khoa hoc',12,'view_kynangkhoahoc'),(49,'Can add chuong',13,'add_chuong'),(50,'Can change chuong',13,'change_chuong'),(51,'Can delete chuong',13,'delete_chuong'),(52,'Can view chuong',13,'view_chuong'),(53,'Can add tien do bai giang',14,'add_tiendobaigiang'),(54,'Can change tien do bai giang',14,'change_tiendobaigiang'),(55,'Can delete tien do bai giang',14,'delete_tiendobaigiang'),(56,'Can view tien do bai giang',14,'view_tiendobaigiang'),(57,'Can add danh gia khoa hoc',15,'add_danhgiakhoahoc'),(58,'Can change danh gia khoa hoc',15,'change_danhgiakhoahoc'),(59,'Can delete danh gia khoa hoc',15,'delete_danhgiakhoahoc'),(60,'Can view danh gia khoa hoc',15,'view_danhgiakhoahoc'),(61,'Can add tin nhan',16,'add_tinnhan'),(62,'Can change tin nhan',16,'change_tinnhan'),(63,'Can delete tin nhan',16,'delete_tinnhan'),(64,'Can view tin nhan',16,'view_tinnhan'),(65,'Can add danh gia nha tuyen dung',17,'add_danhgianhatuyendung'),(66,'Can change danh gia nha tuyen dung',17,'change_danhgianhatuyendung'),(67,'Can delete danh gia nha tuyen dung',17,'delete_danhgianhatuyendung'),(68,'Can view danh gia nha tuyen dung',17,'view_danhgianhatuyendung'),(69,'Can add tuyen dung',18,'add_tuyendung'),(70,'Can change tuyen dung',18,'change_tuyendung'),(71,'Can delete tuyen dung',18,'delete_tuyendung'),(72,'Can view tuyen dung',18,'view_tuyendung'),(73,'Can add mau chung chi',19,'add_mauchungchi'),(74,'Can change mau chung chi',19,'change_mauchungchi'),(75,'Can delete mau chung chi',19,'delete_mauchungchi'),(76,'Can view mau chung chi',19,'view_mauchungchi'),(77,'Can add chung chi so',20,'add_chungchiso'),(78,'Can change chung chi so',20,'change_chungchiso'),(79,'Can delete chung chi so',20,'delete_chungchiso'),(80,'Can view chung chi so',20,'view_chungchiso'),(81,'Can add nhat ky xac thuc',21,'add_nhatkyxacthuc'),(82,'Can change nhat ky xac thuc',21,'change_nhatkyxacthuc'),(83,'Can delete nhat ky xac thuc',21,'delete_nhatkyxacthuc'),(84,'Can view nhat ky xac thuc',21,'view_nhatkyxacthuc'),(85,'Can add cau hoi',22,'add_cauhoi'),(86,'Can change cau hoi',22,'change_cauhoi'),(87,'Can delete cau hoi',22,'delete_cauhoi'),(88,'Can view cau hoi',22,'view_cauhoi'),(89,'Can add ket qua quiz',23,'add_ketquaquiz'),(90,'Can change ket qua quiz',23,'change_ketquaquiz'),(91,'Can delete ket qua quiz',23,'delete_ketquaquiz'),(92,'Can view ket qua quiz',23,'view_ketquaquiz'),(93,'Can add lua chon',24,'add_luachon'),(94,'Can change lua chon',24,'change_luachon'),(95,'Can delete lua chon',24,'delete_luachon'),(96,'Can view lua chon',24,'view_luachon');
/*!40000 ALTER TABLE `auth_permission` ENABLE KEYS */;
UNLOCK TABLES;

--
-- Table structure for table `certificates_chungchiso`
--

DROP TABLE IF EXISTS `certificates_chungchiso`;
/*!40101 SET @saved_cs_client     = @@character_set_client */;
/*!50503 SET character_set_client = utf8mb4 */;
CREATE TABLE `certificates_chungchiso` (
  `ma_uuid_chung_chi` varchar(100) COLLATE utf8mb4_unicode_ci NOT NULL,
  `ngay_cap` datetime(6) NOT NULL,
  `ngay_het_han` datetime(6) DEFAULT NULL,
  `link_xac_thuc` varchar(500) COLLATE utf8mb4_unicode_ci DEFAULT NULL,
  `chuoi_hash_blockchain` varchar(255) COLLATE utf8mb4_unicode_ci DEFAULT NULL,
  `trang_thai` varchar(50) COLLATE utf8mb4_unicode_ci NOT NULL,
  `id_dang_ky_id` int NOT NULL,
  `id_mau_id` int DEFAULT NULL,
  PRIMARY KEY (`ma_uuid_chung_chi`),
  KEY `certificates_chungch_id_dang_ky_id_4fa8fc85_fk_lms_dangk` (`id_dang_ky_id`),
  KEY `certificates_chungch_id_mau_id_8dbb62ff_fk_certifica` (`id_mau_id`),
  CONSTRAINT `certificates_chungch_id_dang_ky_id_4fa8fc85_fk_lms_dangk` FOREIGN KEY (`id_dang_ky_id`) REFERENCES `lms_dangkyhoc` (`id_dang_ky`),
  CONSTRAINT `certificates_chungch_id_mau_id_8dbb62ff_fk_certifica` FOREIGN KEY (`id_mau_id`) REFERENCES `certificates_mauchungchi` (`id_mau`)
) ENGINE=InnoDB DEFAULT CHARSET=utf8mb4 COLLATE=utf8mb4_unicode_ci;
/*!40101 SET character_set_client = @saved_cs_client */;

--
-- Dumping data for table `certificates_chungchiso`
--

LOCK TABLES `certificates_chungchiso` WRITE;
/*!40000 ALTER TABLE `certificates_chungchiso` DISABLE KEYS */;
INSERT INTO `certificates_chungchiso` VALUES ('67e71aea-e11a-4682-9b0d-a9288554b594','2026-04-03 06:35:33.641013',NULL,'/xac-thuc/67e71aea-e11a-4682-9b0d-a9288554b594','c922b0157acf2daa2e0bbde4e28903f23e962cb33f8fdc13671782d3b0d4aaf6','HieuLuc',42,14),('8b2200f3-9501-49db-927f-cf274fb9570c','2026-04-03 06:19:59.321986',NULL,'/xac-thuc/8b2200f3-9501-49db-927f-cf274fb9570c','5f951a08397966042034a2ec039ab6a9657bec85e8009f837e1e20f756fff44d','HieuLuc',41,2),('c5c8ca02-4022-4324-a89d-b72a3ca6d089','2026-04-03 02:13:17.538290',NULL,'/xac-thuc/c5c8ca02-4022-4324-a89d-b72a3ca6d089','ed1631b51aa4cbe4f2b427fc0f70bf15377dad7ad6da5b594f9cfa37e0683ae0','HieuLuc',39,4),('CERT-3BAF06FF-12','2026-04-02 02:42:18.710108',NULL,NULL,'499db4db0e8041ab8875890b6710ada4','HieuLuc',9,12),('CERT-3EFC7CDB-13','2026-04-02 02:42:19.258682',NULL,NULL,'d6bf910a00574fac97ce8a40e0bbd59f','HieuLuc',20,13),('CERT-46D50A33-6','2026-04-02 02:42:19.008708',NULL,NULL,'696ed285b6b64a7aa99e437a9b54d316','HieuLuc',15,6),('CERT-740CB4A1-3','2026-04-02 02:42:18.348879',NULL,NULL,'a3cbf049536941eb9853baf5a5a72bf0','HieuLuc',2,3),('CERT-77E9EAA5-1','2026-04-02 02:42:19.487348',NULL,NULL,'737f28c05ef44c819f9e54f2301ffb41','HieuLuc',25,1),('CERT-8FB229B8-2','2026-04-02 02:42:18.801167',NULL,NULL,'d53103356c824ce6ba3e060306f28303','HieuLuc',11,2),('CERT-B961DCA3-12','2026-04-02 02:42:19.898893',NULL,NULL,'0f81e7d4c1a644e684c0d0d35bb40a3f','HieuLuc',34,12),('CERT-BF6859F4-15','2026-04-02 02:42:18.904846',NULL,NULL,'4e88ba73082a4e508f77d7d056974332','HieuLuc',13,15),('CERT-D15E1FB8-12','2026-04-02 02:42:19.063907',NULL,NULL,'82453463d3f945569a35f7b232700ef8','HieuLuc',16,12),('CERT-DBDBF86A-16','2026-04-02 02:42:18.415333',NULL,NULL,'56f9141cce9f45c68aa8ff6802e6e156','HieuLuc',3,16),('f3bb6804-ffd9-466e-a961-b379566c3103','2026-05-07 13:14:55.091548',NULL,'/xac-thuc/f3bb6804-ffd9-466e-a961-b379566c3103','e8f4dd105610364d5ce1aee30956831cf7f1329d5287a18415f348df277d3739','HieuLuc',45,NULL);
/*!40000 ALTER TABLE `certificates_chungchiso` ENABLE KEYS */;
UNLOCK TABLES;

--
-- Table structure for table `certificates_mauchungchi`
--

DROP TABLE IF EXISTS `certificates_mauchungchi`;
/*!40101 SET @saved_cs_client     = @@character_set_client */;
/*!50503 SET character_set_client = utf8mb4 */;
CREATE TABLE `certificates_mauchungchi` (
  `id_mau` int NOT NULL AUTO_INCREMENT,
  `ten_mau` varchar(255) COLLATE utf8mb4_unicode_ci NOT NULL,
  `hinh_nen_url` varchar(500) COLLATE utf8mb4_unicode_ci DEFAULT NULL,
  `vi_tri_chu_ky` varchar(100) COLLATE utf8mb4_unicode_ci DEFAULT NULL,
  `id_khoa_hoc_id` int NOT NULL,
  PRIMARY KEY (`id_mau`),
  KEY `certificates_mauchun_id_khoa_hoc_id_5320e83b_fk_lms_khoah` (`id_khoa_hoc_id`),
  CONSTRAINT `certificates_mauchun_id_khoa_hoc_id_5320e83b_fk_lms_khoah` FOREIGN KEY (`id_khoa_hoc_id`) REFERENCES `lms_khoahoc` (`id_khoa_hoc`)
) ENGINE=InnoDB AUTO_INCREMENT=19 DEFAULT CHARSET=utf8mb4 COLLATE=utf8mb4_unicode_ci;
/*!40101 SET character_set_client = @saved_cs_client */;

--
-- Dumping data for table `certificates_mauchungchi`
--

LOCK TABLES `certificates_mauchungchi` WRITE;
/*!40000 ALTER TABLE `certificates_mauchungchi` DISABLE KEYS */;
INSERT INTO `certificates_mauchungchi` VALUES (1,'Certificate of Lập trình Python Cơ bản đến Nâng cao','https://images.unsplash.com/photo-1555523969-9f220317e0b5?w=1200&q=80',NULL,1),(2,'Certificate of Xây dựng Web với ReactJS Thực Chiến 2024','https://images.unsplash.com/photo-1555523969-9f220317e0b5?w=1200&q=80',NULL,2),(3,'Certificate of Backend Node.js/Express Căn bản','https://images.unsplash.com/photo-1555523969-9f220317e0b5?w=1200&q=80',NULL,3),(4,'Certificate of Khoá học JavaScript Toàn Tập','https://images.unsplash.com/photo-1555523969-9f220317e0b5?w=1200&q=80',NULL,4),(5,'Certificate of Thực Hành HTML & CSS Nền Tảng','https://images.unsplash.com/photo-1555523969-9f220317e0b5?w=1200&q=80',NULL,5),(6,'Certificate of Làm chủ Django Rest Framework Toàn Tập','https://images.unsplash.com/photo-1555523969-9f220317e0b5?w=1200&q=80',NULL,6),(7,'Certificate of Phát triển Phầm Mềm với Next.js 14','https://images.unsplash.com/photo-1555523969-9f220317e0b5?w=1200&q=80',NULL,7),(8,'Certificate of Quản lý mã nguồn dự án với Git & Github','https://images.unsplash.com/photo-1555523969-9f220317e0b5?w=1200&q=80',NULL,8),(9,'Certificate of Cơ sở dữ liệu RDBMS, SQL & MySQL','https://images.unsplash.com/photo-1555523969-9f220317e0b5?w=1200&q=80',NULL,9),(10,'Certificate of Kiến trúc Java Spring Boot Microservices','https://images.unsplash.com/photo-1555523969-9f220317e0b5?w=1200&q=80',NULL,10),(11,'Certificate of Lập trình C++ cho người mới bắt đầu','https://images.unsplash.com/photo-1555523969-9f220317e0b5?w=1200&q=80',NULL,11),(12,'Certificate of Khoá học CI/CD DevOps với Docker & Kubernetes','https://images.unsplash.com/photo-1555523969-9f220317e0b5?w=1200&q=80',NULL,12),(13,'Certificate of Trí tuệ nhân tạo Data Science & Machine Learning','https://images.unsplash.com/photo-1555523969-9f220317e0b5?w=1200&q=80',NULL,13),(14,'Certificate of Xây dựng ứng dụng Di động Cross-platform Flutter','https://images.unsplash.com/photo-1555523969-9f220317e0b5?w=1200&q=80',NULL,14),(15,'Certificate of Kiểm thử phần mềm Tự Động Automation QA Tester','https://images.unsplash.com/photo-1555523969-9f220317e0b5?w=1200&q=80',NULL,15),(16,'Certificate of Thiết kế UI/UX Thực chiến với Figma','https://images.unsplash.com/photo-1555523969-9f220317e0b5?w=1200&q=80',NULL,16),(17,'Certificate of Bảo mật hệ thống thông tin (Cyber Security)','https://images.unsplash.com/photo-1555523969-9f220317e0b5?w=1200&q=80',NULL,17),(18,'Certificate of Mastering TypeScript cho Web Backend','https://images.unsplash.com/photo-1555523969-9f220317e0b5?w=1200&q=80',NULL,18);
/*!40000 ALTER TABLE `certificates_mauchungchi` ENABLE KEYS */;
UNLOCK TABLES;

--
-- Table structure for table `certificates_nhatkyxacthuc`
--

DROP TABLE IF EXISTS `certificates_nhatkyxacthuc`;
/*!40101 SET @saved_cs_client     = @@character_set_client */;
/*!50503 SET character_set_client = utf8mb4 */;
CREATE TABLE `certificates_nhatkyxacthuc` (
  `id_nhat_ky` int NOT NULL AUTO_INCREMENT,
  `nguoi_kiem_tra` varchar(255) COLLATE utf8mb4_unicode_ci DEFAULT NULL,
  `thoi_gian_xem` datetime(6) NOT NULL,
  `ly_do` varchar(255) COLLATE utf8mb4_unicode_ci DEFAULT NULL,
  `ma_uuid_chung_chi_id` varchar(100) COLLATE utf8mb4_unicode_ci NOT NULL,
  PRIMARY KEY (`id_nhat_ky`),
  KEY `certificates_nhatkyx_ma_uuid_chung_chi_id_c500fa57_fk_certifica` (`ma_uuid_chung_chi_id`),
  CONSTRAINT `certificates_nhatkyx_ma_uuid_chung_chi_id_c500fa57_fk_certifica` FOREIGN KEY (`ma_uuid_chung_chi_id`) REFERENCES `certificates_chungchiso` (`ma_uuid_chung_chi`)
) ENGINE=InnoDB AUTO_INCREMENT=115 DEFAULT CHARSET=utf8mb4 COLLATE=utf8mb4_unicode_ci;
/*!40101 SET character_set_client = @saved_cs_client */;

--
-- Dumping data for table `certificates_nhatkyxacthuc`
--

LOCK TABLES `certificates_nhatkyxacthuc` WRITE;
/*!40000 ALTER TABLE `certificates_nhatkyxacthuc` DISABLE KEYS */;
INSERT INTO `certificates_nhatkyxacthuc` VALUES (1,'User hv1 (HocVien)','2026-04-03 02:13:19.806739','Xác thực điện tử','c5c8ca02-4022-4324-a89d-b72a3ca6d089'),(2,'User hv1 (HocVien)','2026-04-03 02:13:20.004302','Xác thực điện tử','c5c8ca02-4022-4324-a89d-b72a3ca6d089'),(3,'User hv1 (HocVien)','2026-04-03 02:42:14.898910','Xác thực điện tử','c5c8ca02-4022-4324-a89d-b72a3ca6d089'),(4,'User hv1 (HocVien)','2026-04-03 02:42:14.962514','Xác thực điện tử','c5c8ca02-4022-4324-a89d-b72a3ca6d089'),(5,'User trunghieu123 (HocVien)','2026-04-03 06:55:01.034841','Xác thực điện tử','67e71aea-e11a-4682-9b0d-a9288554b594'),(6,'User trunghieu123 (HocVien)','2026-04-03 06:55:01.125648','Xác thực điện tử','67e71aea-e11a-4682-9b0d-a9288554b594'),(7,'User trunghieu123 (HocVien)','2026-04-03 06:55:40.092248','Xác thực điện tử','67e71aea-e11a-4682-9b0d-a9288554b594'),(8,'User trunghieu123 (HocVien)','2026-04-03 06:55:40.180325','Xác thực điện tử','67e71aea-e11a-4682-9b0d-a9288554b594'),(9,'User trunghieu123 (HocVien)','2026-04-03 07:05:54.728836','Xác thực điện tử','67e71aea-e11a-4682-9b0d-a9288554b594'),(10,'User trunghieu123 (HocVien)','2026-04-03 07:05:54.871075','Xác thực điện tử','67e71aea-e11a-4682-9b0d-a9288554b594'),(11,'User hocvien_3 (HocVien)','2026-04-10 03:19:11.968773','Xác thực điện tử','CERT-46D50A33-6'),(12,'User hocvien_3 (HocVien)','2026-04-10 03:19:12.104734','Xác thực điện tử','CERT-46D50A33-6'),(13,'User hocvien_3 (HocVien)','2026-04-10 03:19:46.491754','Xác thực điện tử','CERT-BF6859F4-15'),(14,'User hocvien_3 (HocVien)','2026-04-10 03:19:46.556179','Xác thực điện tử','CERT-BF6859F4-15'),(15,'User hv1 (HocVien)','2026-04-12 09:44:15.815337','Xác thực điện tử','c5c8ca02-4022-4324-a89d-b72a3ca6d089'),(16,'User hv1 (HocVien)','2026-04-12 09:44:15.869920','Xác thực điện tử','c5c8ca02-4022-4324-a89d-b72a3ca6d089'),(17,'User hocvien_1 (HocVien)','2026-05-03 08:01:39.647338','Xác thực điện tử','CERT-DBDBF86A-16'),(18,'User hocvien_1 (HocVien)','2026-05-03 08:01:39.779637','Xác thực điện tử','CERT-DBDBF86A-16'),(19,'User hocvien_1 (HocVien)','2026-05-03 12:26:46.517105','Xác thực điện tử','CERT-DBDBF86A-16'),(20,'User hocvien_1 (HocVien)','2026-05-03 12:26:46.663086','Xác thực điện tử','CERT-DBDBF86A-16'),(21,'User hocvien_1 (HocVien)','2026-05-03 12:29:19.009648','Xác thực điện tử','CERT-DBDBF86A-16'),(22,'User hocvien_1 (HocVien)','2026-05-03 12:29:19.086166','Xác thực điện tử','CERT-DBDBF86A-16'),(23,'User hocvien_1 (HocVien)','2026-05-03 12:33:49.737161','Xác thực điện tử','CERT-DBDBF86A-16'),(24,'User hocvien_1 (HocVien)','2026-05-03 13:13:06.024615','Xác thực điện tử','CERT-740CB4A1-3'),(25,'User hocvien_1 (HocVien)','2026-05-03 13:13:06.092301','Xác thực điện tử','CERT-740CB4A1-3'),(26,'User hocvien_1 (HocVien)','2026-05-03 13:30:33.690021','Xác thực điện tử','CERT-740CB4A1-3'),(27,'User hocvien_1 (HocVien)','2026-05-03 13:30:33.815630','Xác thực điện tử','CERT-740CB4A1-3'),(28,'User hocvien_1 (HocVien)','2026-05-03 13:33:28.795933','Xác thực điện tử','CERT-740CB4A1-3'),(29,'User hocvien_1 (HocVien)','2026-05-03 13:33:28.908107','Xác thực điện tử','CERT-740CB4A1-3'),(30,'User hocvien_1 (HocVien)','2026-05-03 13:34:31.718332','Xác thực điện tử','CERT-740CB4A1-3'),(31,'User hocvien_1 (HocVien)','2026-05-03 13:40:45.695818','Xác thực điện tử','CERT-740CB4A1-3'),(32,'User hocvien_1 (HocVien)','2026-05-03 13:40:46.691655','Xác thực điện tử','CERT-740CB4A1-3'),(33,'User hocvien_1 (HocVien)','2026-05-03 13:40:46.794182','Xác thực điện tử','CERT-740CB4A1-3'),(34,'User hocvien_1 (HocVien)','2026-05-03 13:42:00.932272','Xác thực điện tử','CERT-740CB4A1-3'),(35,'User hocvien_1 (HocVien)','2026-05-03 13:42:08.421416','Xác thực điện tử','CERT-740CB4A1-3'),(36,'User hocvien_1 (HocVien)','2026-05-03 13:42:08.502270','Xác thực điện tử','CERT-740CB4A1-3'),(37,'User hocvien_1 (HocVien)','2026-05-03 13:45:52.475478','Xác thực điện tử','CERT-740CB4A1-3'),(38,'User hocvien_1 (HocVien)','2026-05-03 13:48:34.376807','Xác thực điện tử','CERT-740CB4A1-3'),(39,'User hocvien_1 (HocVien)','2026-05-03 13:49:29.760365','Xác thực điện tử','CERT-740CB4A1-3'),(40,'User hocvien_1 (HocVien)','2026-05-03 13:50:41.711540','Xác thực điện tử','CERT-740CB4A1-3'),(41,'User hocvien_1 (HocVien)','2026-05-03 13:50:58.562267','Xác thực điện tử','CERT-740CB4A1-3'),(42,'User hocvien_1 (HocVien)','2026-05-03 13:50:58.642217','Xác thực điện tử','CERT-740CB4A1-3'),(43,'User hocvien_1 (HocVien)','2026-05-03 13:53:27.773349','Xác thực điện tử','CERT-740CB4A1-3'),(44,'User hocvien_1 (HocVien)','2026-05-03 13:53:47.382051','Xác thực điện tử','CERT-740CB4A1-3'),(45,'User hocvien_1 (HocVien)','2026-05-03 13:53:47.459820','Xác thực điện tử','CERT-740CB4A1-3'),(46,'User hocvien_1 (HocVien)','2026-05-03 13:55:46.676455','Xác thực điện tử','CERT-740CB4A1-3'),(47,'User hocvien_1 (HocVien)','2026-05-03 13:57:38.286511','Xác thực điện tử','CERT-740CB4A1-3'),(48,'User hocvien_1 (HocVien)','2026-05-03 13:57:38.381958','Xác thực điện tử','CERT-740CB4A1-3'),(49,'User hv1 (HocVien)','2026-05-05 07:09:24.486333','Xác thực điện tử','c5c8ca02-4022-4324-a89d-b72a3ca6d089'),(50,'User hv1 (HocVien)','2026-05-05 07:09:24.601950','Xác thực điện tử','c5c8ca02-4022-4324-a89d-b72a3ca6d089'),(51,'User hocvien_1 (HocVien)','2026-05-06 01:21:07.730542','Xác thực điện tử','CERT-DBDBF86A-16'),(52,'User hocvien_1 (HocVien)','2026-05-06 01:21:07.852015','Xác thực điện tử','CERT-DBDBF86A-16'),(53,'User hocvien_1 (HocVien)','2026-05-07 07:42:44.938930','Xác thực điện tử','CERT-DBDBF86A-16'),(54,'User hocvien_1 (HocVien)','2026-05-07 07:42:45.099723','Xác thực điện tử','CERT-DBDBF86A-16'),(55,'User hocvien_1 (HocVien)','2026-05-07 07:43:10.517427','Xác thực điện tử','CERT-DBDBF86A-16'),(56,'User hocvien_1 (HocVien)','2026-05-07 07:43:10.607624','Xác thực điện tử','CERT-DBDBF86A-16'),(57,'User hocvien_1 (HocVien)','2026-05-07 07:44:58.004146','Xác thực điện tử','CERT-DBDBF86A-16'),(58,'User hocvien_1 (HocVien)','2026-05-07 08:01:07.348141','Xác thực điện tử','CERT-DBDBF86A-16'),(59,'User hocvien_1 (HocVien)','2026-05-07 08:01:07.410702','Xác thực điện tử','CERT-DBDBF86A-16'),(60,'User hocvien_1 (HocVien)','2026-05-07 08:01:27.512576','Xác thực điện tử','CERT-DBDBF86A-16'),(61,'User hocvien_1 (HocVien)','2026-05-07 08:01:27.619818','Xác thực điện tử','CERT-DBDBF86A-16'),(62,'User hocvien_1 (HocVien)','2026-05-07 08:03:49.403400','Xác thực điện tử','CERT-740CB4A1-3'),(63,'User hocvien_1 (HocVien)','2026-05-07 08:03:49.454056','Xác thực điện tử','CERT-740CB4A1-3'),(64,'User hocvien_1 (HocVien)','2026-05-07 08:03:53.533817','Xác thực điện tử','CERT-DBDBF86A-16'),(65,'User hocvien_1 (HocVien)','2026-05-07 08:03:53.600467','Xác thực điện tử','CERT-DBDBF86A-16'),(66,'User hocvien_1 (HocVien)','2026-05-07 08:06:41.047142','Xác thực điện tử','CERT-DBDBF86A-16'),(67,'User hocvien_1 (HocVien)','2026-05-07 08:06:41.094521','Xác thực điện tử','CERT-DBDBF86A-16'),(68,'User hocvien_1 (HocVien)','2026-05-07 08:06:49.534568','Xác thực điện tử','CERT-DBDBF86A-16'),(69,'User hocvien_1 (HocVien)','2026-05-07 08:06:49.598391','Xác thực điện tử','CERT-DBDBF86A-16'),(70,'User hocvien_1 (HocVien)','2026-05-07 08:11:12.675624','Xác thực điện tử','CERT-740CB4A1-3'),(71,'User hocvien_1 (HocVien)','2026-05-07 08:11:12.735547','Xác thực điện tử','CERT-740CB4A1-3'),(72,'User hocvien_1 (HocVien)','2026-05-07 09:06:57.946847','Xác thực điện tử','CERT-DBDBF86A-16'),(73,'User hocvien_1 (HocVien)','2026-05-07 09:06:58.022312','Xác thực điện tử','CERT-DBDBF86A-16'),(74,'User hocvien_1 (HocVien)','2026-05-07 09:16:29.993081','Xác thực điện tử','CERT-DBDBF86A-16'),(75,'User hocvien_1 (HocVien)','2026-05-07 09:16:30.051271','Xác thực điện tử','CERT-DBDBF86A-16'),(76,'User hocvien_1 (HocVien)','2026-05-07 09:28:57.771894','Xác thực điện tử','CERT-DBDBF86A-16'),(77,'User hocvien_1 (HocVien)','2026-05-07 09:28:57.840241','Xác thực điện tử','CERT-DBDBF86A-16'),(78,'User hocvien_1 (HocVien)','2026-05-07 09:29:47.762215','Xác thực điện tử','CERT-DBDBF86A-16'),(79,'User hocvien_1 (HocVien)','2026-05-07 09:29:47.804764','Xác thực điện tử','CERT-DBDBF86A-16'),(80,'User hocvien_1 (HocVien)','2026-05-07 09:30:30.877026','Xác thực điện tử','CERT-DBDBF86A-16'),(81,'User hocvien_1 (HocVien)','2026-05-07 09:30:30.944980','Xác thực điện tử','CERT-DBDBF86A-16'),(82,'User hocvien_1 (HocVien)','2026-05-07 11:46:02.952118','Xác thực điện tử','CERT-DBDBF86A-16'),(83,'User hocvien_1 (HocVien)','2026-05-07 11:46:03.066352','Xác thực điện tử','CERT-DBDBF86A-16'),(84,'User hocvien_1 (HocVien)','2026-05-07 11:46:05.549356','Xác thực điện tử','CERT-DBDBF86A-16'),(85,'User hocvien_1 (HocVien)','2026-05-07 11:46:05.640567','Xác thực điện tử','CERT-DBDBF86A-16'),(86,'User hocvien_1 (HocVien)','2026-05-07 11:46:47.530257','Xác thực điện tử','CERT-DBDBF86A-16'),(87,'User hocvien_1 (HocVien)','2026-05-07 11:46:47.572488','Xác thực điện tử','CERT-DBDBF86A-16'),(88,'User hocvien_1 (HocVien)','2026-05-07 11:51:37.842040','Xác thực điện tử','CERT-DBDBF86A-16'),(89,'User hocvien_1 (HocVien)','2026-05-07 11:51:37.922400','Xác thực điện tử','CERT-DBDBF86A-16'),(90,'User hocvien_1 (HocVien)','2026-05-07 11:52:12.152934','Xác thực điện tử','CERT-DBDBF86A-16'),(91,'User hocvien_1 (HocVien)','2026-05-07 11:52:12.236657','Xác thực điện tử','CERT-DBDBF86A-16'),(92,'User hocvien_1 (HocVien)','2026-05-07 11:53:09.897887','Xác thực điện tử','CERT-740CB4A1-3'),(93,'User hocvien_1 (HocVien)','2026-05-07 11:53:09.970646','Xác thực điện tử','CERT-740CB4A1-3'),(94,'User hocvien_1 (HocVien)','2026-05-07 11:54:55.388452','Xác thực điện tử','CERT-DBDBF86A-16'),(95,'User hocvien_1 (HocVien)','2026-05-07 11:54:55.483690','Xác thực điện tử','CERT-DBDBF86A-16'),(96,'User hocvien_1 (HocVien)','2026-05-07 11:55:25.089930','Xác thực điện tử','CERT-DBDBF86A-16'),(97,'User hocvien_1 (HocVien)','2026-05-07 11:55:25.176031','Xác thực điện tử','CERT-DBDBF86A-16'),(98,'User hocvien_1 (HocVien)','2026-05-07 11:55:26.103739','Xác thực điện tử','CERT-DBDBF86A-16'),(99,'User hocvien_1 (HocVien)','2026-05-07 12:06:49.867253','Xác thực điện tử','CERT-DBDBF86A-16'),(100,'User hocvien_1 (HocVien)','2026-05-07 12:06:49.909246','Xác thực điện tử','CERT-DBDBF86A-16'),(101,'User hocvien_1 (HocVien)','2026-05-07 12:21:59.734532','Xác thực điện tử','CERT-740CB4A1-3'),(102,'User hocvien_1 (HocVien)','2026-05-07 12:21:59.775457','Xác thực điện tử','CERT-740CB4A1-3'),(103,'User hocvien_1 (HocVien)','2026-05-07 13:21:07.849924','Xác thực điện tử','f3bb6804-ffd9-466e-a961-b379566c3103'),(104,'User hocvien_1 (HocVien)','2026-05-07 13:21:07.907144','Xác thực điện tử','f3bb6804-ffd9-466e-a961-b379566c3103'),(105,'User hocvien_1 (HocVien)','2026-05-07 13:21:23.845909','Xác thực điện tử','f3bb6804-ffd9-466e-a961-b379566c3103'),(106,'User hocvien_1 (HocVien)','2026-05-07 13:21:23.886956','Xác thực điện tử','f3bb6804-ffd9-466e-a961-b379566c3103'),(107,'User hocvien_2 (HocVien)','2026-05-07 13:28:26.845264','Xác thực điện tử','CERT-3BAF06FF-12'),(108,'User hocvien_2 (HocVien)','2026-05-07 13:28:26.884240','Xác thực điện tử','CERT-3BAF06FF-12'),(109,'User hocvien_2 (HocVien)','2026-05-07 13:28:37.789499','Xác thực điện tử','CERT-3BAF06FF-12'),(110,'User hocvien_2 (HocVien)','2026-05-07 13:28:37.827126','Xác thực điện tử','CERT-3BAF06FF-12'),(111,'User hocvien_2 (HocVien)','2026-05-07 13:33:22.616202','Xác thực điện tử','CERT-8FB229B8-2'),(112,'User hocvien_2 (HocVien)','2026-05-07 13:33:22.683392','Xác thực điện tử','CERT-8FB229B8-2'),(113,'User hocvien_2 (HocVien)','2026-05-07 13:39:52.426251','Xác thực điện tử','CERT-8FB229B8-2'),(114,'User hocvien_2 (HocVien)','2026-05-07 13:39:52.483577','Xác thực điện tử','CERT-8FB229B8-2');
/*!40000 ALTER TABLE `certificates_nhatkyxacthuc` ENABLE KEYS */;
UNLOCK TABLES;

--
-- Table structure for table `core_nguoidung`
--

DROP TABLE IF EXISTS `core_nguoidung`;
/*!40101 SET @saved_cs_client     = @@character_set_client */;
/*!50503 SET character_set_client = utf8mb4 */;
CREATE TABLE `core_nguoidung` (
  `password` varchar(128) COLLATE utf8mb4_unicode_ci NOT NULL,
  `last_login` datetime(6) DEFAULT NULL,
  `is_superuser` tinyint(1) NOT NULL,
  `username` varchar(150) COLLATE utf8mb4_unicode_ci NOT NULL,
  `first_name` varchar(150) COLLATE utf8mb4_unicode_ci NOT NULL,
  `last_name` varchar(150) COLLATE utf8mb4_unicode_ci NOT NULL,
  `email` varchar(254) COLLATE utf8mb4_unicode_ci NOT NULL,
  `is_staff` tinyint(1) NOT NULL,
  `is_active` tinyint(1) NOT NULL,
  `date_joined` datetime(6) NOT NULL,
  `id_nguoi_dung` int NOT NULL AUTO_INCREMENT,
  `ho_va_ten` varchar(255) COLLATE utf8mb4_unicode_ci NOT NULL,
  `vai_tro` varchar(50) COLLATE utf8mb4_unicode_ci NOT NULL,
  `trang_thai` tinyint(1) NOT NULL,
  `id_to_chuc_id` int DEFAULT NULL,
  `bio` longtext COLLATE utf8mb4_unicode_ci,
  `ky_nang` longtext COLLATE utf8mb4_unicode_ci,
  `ready_to_work` tinyint(1) NOT NULL,
  `hinh_anh_logo` longtext COLLATE utf8mb4_unicode_ci,
  PRIMARY KEY (`id_nguoi_dung`),
  UNIQUE KEY `username` (`username`),
  KEY `core_nguoidung_id_to_chuc_id_8a9fd54c_fk_core_tochuc_id_to_chuc` (`id_to_chuc_id`),
  CONSTRAINT `core_nguoidung_id_to_chuc_id_8a9fd54c_fk_core_tochuc_id_to_chuc` FOREIGN KEY (`id_to_chuc_id`) REFERENCES `core_tochuc` (`id_to_chuc`)
) ENGINE=InnoDB AUTO_INCREMENT=19 DEFAULT CHARSET=utf8mb4 COLLATE=utf8mb4_unicode_ci;
/*!40101 SET character_set_client = @saved_cs_client */;

--
-- Dumping data for table `core_nguoidung`
--

LOCK TABLES `core_nguoidung` WRITE;
/*!40000 ALTER TABLE `core_nguoidung` DISABLE KEYS */;
INSERT INTO `core_nguoidung` VALUES ('pbkdf2_sha256$1000000$mJ8AqdkYr9NGMCfpBnrLbf$4leqb/Bve8oi0/IlocfKUEI/Nh3/iksR2Z0ANpC9SOI=',NULL,0,'giangvien_1','','','gv1@fpt.com',0,1,'2026-04-02 02:42:12.593870',1,'TS. Phạm Gia Khang','GiangVien',1,1,NULL,'Python, AI',1,NULL),('pbkdf2_sha256$1000000$p6RndzvgAI0zL4r6RMyYMi$X8Z8U3NpTZARZ7zy2e7QOR+GeEJ48dtWN1hvVLt7o9k=',NULL,0,'giangvien_2','','','gv2@vnpt.vn',0,1,'2026-04-02 02:42:12.934506',2,'ThS. Nguyễn Hoài Linh','GiangVien',1,2,NULL,'React, NodeJS',1,NULL),('pbkdf2_sha256$1000000$5kzBbIPNVY0cE9oYBXVr70$P6S5S+W9k++mN4iMGr08kQ3pzk/ASs1eghuzPDS9Q5s=',NULL,0,'giangvien_3','','','gv3@fpt.com',0,1,'2026-04-02 02:42:13.262486',3,'TS. Lê Huy Thành','GiangVien',1,1,NULL,'Cyber Security',1,NULL),('pbkdf2_sha256$1000000$phXf1x3TBfE9PWO5DSvNZy$d35xuvyvvDObFCMeY3AWITTARxaxDrUEFrzR0t+/zsU=',NULL,0,'giangvien_4','','','gv4@vnpt.vn',0,1,'2026-04-02 02:42:13.594968',4,'Senior Hữu Hà','GiangVien',1,2,NULL,'System Design, DevOps',1,NULL),('pbkdf2_sha256$1000000$22HgwYgOLBa6Q48ynfohd4$uUUHWhK19Af84owcaKMMXCw6+jiQzKYxVoA1MojCSfM=',NULL,0,'hr_fpt','','','hr@fpt.com.vn',0,1,'2026-04-02 02:42:13.905874',5,'Phạm Nhật HR (FPT)','NhaTuyenDung',1,1,NULL,NULL,1,NULL),('pbkdf2_sha256$1000000$57YOYRrVZgaJq8Q2HyWVub$Y2eQAbGB3EiRlQcOVczf3tDJ5xwnx6tcO4oCubb5ojI=',NULL,0,'hr_vnpt','','','hr@vnpt.vn',0,1,'2026-04-02 02:42:14.209708',6,'Trần Tuyển Dụng (VNPT)','NhaTuyenDung',1,2,NULL,NULL,1,NULL),('pbkdf2_sha256$1000000$Tg2tv6CCmaM9iEGidId24C$RruXxWx9LhRHa4HFOsocTxexq8qJZH4417jii3ie3X4=',NULL,0,'hocvien_1','','','hocvien_1@gmail.com',0,1,'2026-04-02 02:42:14.515424',7,'Lê Đức Tài','HocVien',1,NULL,'','',0,'data:image/jpeg;base64,/9j/4AAQSkZJRgABAQAAAQABAAD/4gIoSUNDX1BST0ZJTEUAAQEAAAIYanhsIARAAABtbnRyUkdCIFhZWiAH4wAMAAEAAAAAAABhY3NwQVBQTAAAAAAAAAAAAAAAAAAAAAAAAAAAAAAAAQAA9tYAAQAAAADTLWp4bCACufkBQHM6b/D/A/Tw9worAAAAAAAAAAAAAAAAAAAAAAAAAAAAAAAAAAAAAAAAAAtkZXNjAAABCAAAAERjcHJ0AAABTAAAACR3dHB0AAABcAAAABRjaGFkAAABhAAAACxjaWNwAAABsAAAAAxyWFlaAAABvAAAABRnWFlaAAAB0AAAABRiWFlaAAAB5AAAABRyVFJDAAAB+AAAACBnVFJDAAAB+AAAACBiVFJDAAAB+AAAACBtbHVjAAAAAAAAAAEAAAAMZW5VUwAAACYAAAAcAFIARwBCAF8ARAA2ADUAXwBTAFIARwBfAFIAZQBsAF8AUwBSAEcAAG1sdWMAAAAAAAAAAQAAAAxlblVTAAAABgAAABwAQwBDADAAAFhZWiAAAAAAAAD21gABAAAAANMtc2YzMgAAAAAAAQxAAAAF3f//8yoAAAeSAAD9kP//+6P///2jAAAD2wAAwIFjaWNwAAAAAAENAAFYWVogAAAAAAAAb58AADj1AAADkFhZWiAAAAAAAABilgAAt4cAABjbWFlaIAAAAAAAACSiAAAPhQAAttZwYXJhAAAAAAADAAAAAmZmAADypwAADVkAABPQAAAKW//bAEMAAgEBAQEBAgEBAQICAgICBAMCAgICBQQEAwQGBQYGBgUGBgYHCQgGBwkHBgYICwgJCgoKCgoGCAsMCwoMCQoKCv/bAEMBAgICAgICBQMDBQoHBgcKCgoKCgoKCgoKCgoKCgoKCgoKCgoKCgoKCgoKCgoKCgoKCgoKCgoKCgoKCgoKCgoKCv/AABEIBUYEOAMBEQACEQEDEQH/xAAeAAABBAMBAQEAAAAAAAAAAAAEAAMFBgECBwgJCv/EAFwQAAIABAIFCQYCBQcHCgUCBwAEAQUGFAcxAxEkYYEIFSE0QVFxkaECExZEVPAJFyMyM2JkEhg1Q0VSVSUmNkZTlKMiQlZjc3SzwdHhGWWEpLEng/E3R1eTlcP/xAAcAQEAAwEBAQEBAAAAAAAAAAAAAQMEAgUGBwj/xAAoEQEBAQADAQACAgICAwEBAQAAAREhMUECBBIUUQOBQmETInEyI7H/2gAMAwEAAhEDEQA/AO0HzbYQCAQCLGdm8hvAaK2ggHryHdDzHDrgryHdDzHBwV5Duh5jg4K8h3Q8xwcGXCxlIBAIBAOAIDLmXEBoraCAbAQDiZYzk44A3eR3AIBACN5AYAQCNDQQCMYQG1796yXW0r371g2hTW5IBGdnbXv3rNWBpzLiT6MEhAIBsBwBsBwBsAGcuWafTAgef8Y5xrc1ljM5Teb/AEOlBy83+gQ3u4kNC9YVU3eN3mozqHoyjFIJp9IFtsvvUZ3oDE0zUJeS5mS9Cxp58BRNp5x8TV4J6SpxvQJ9PPgR4JRPPgPBKJjwTAEkjlxAKTz4ASCefAA9HPgASnnwNitKpJdsQC7OO4ApIAtPLiAemAWjnwAdAQDyOXEB4BwAwBwBAR4DgCAbAIDYHMY0cy4hnNADgIBANhoNlYRYzkAgBwNnQBQHA0E5nwIobOAj0AjzwOWBs2BANgIBGNnICOez4ERoaG0Ixs5wAMBAIBsBANgDgDgIBANhoIBAfPcxhAIBAIsVmwsNgIrCAQDgCARYrIKyAQCAQCAbcCfCK15BYbCs5eR3E5XWU1eR7o+Z2zN3StDUsGjjgGl796wNQEA4FhssCK1hFY1vId0PMsTwxeQ3hOU1eb/Q4Q2vfvWaMrjK1O3JFYRWrIsGLSJYMmcIBssCLAgM3kN53yBryO4jgVOsqms1NOSPPGKs4vHNZdHnKkdshJnEbBiimpshe7Jg3TRjS7nTKdmmBNJ5cS71oSNl96ivYJWS5Ffon0i4TaeXECwSXMUT4EkkBMI5cQJC9+9YEgkAcmBIJ58AJBPPgWA1PLiWCSRz4FitJpAbAFJAHJ58ACE8+ABADgDgDgDgBABADYDdnHcBixjuA0AcCw2VrDZnA4VnABwGwEA2Gg2A2aFZFYRWGwrZs4bwNLGG8AoraArpuiJ0FMqSAQDYCNAbAbLAitWRWEVq0e5nwHjQbLFZAOFasOAgGwGwGwG3AGwBwEBq9lxLExqWOyCwjOPny5lDwMfjrxqWOjZWrIBANlgRWEAgEA4A2AixWcCtizj3x8gFZx74+QGQEA2Bo5lxCxgrWGwEBlPLiA0Z1YwAc2K2roGoCAV5HcAryO4DN3ABXcABitoNmwOFYRYrNlgcK1ZFYbAQDgDZWEAiwIBsBssVmXHNZcqckxXqW0U05MHCajbuztnA3cSlQdTy4lbQk6PTi44VtD0rhnJ7NQraHRk07M1A1POPiUs6VLGhMyXMo9TO02nnwO0JeTZcS30WiS5ECaTy4gSCX6sSfRLkCRs4bwJRNIAxL9WIEgkl2xAkkv1ok3oGpl4kUv1YliscjnwAfSAISAKTAKRy4gFAbpJauiADoDgDgDyOXEB5PPgA4A09nwA0AQDYCK2gOVhFasGA4A2AgGw0GwEWBAaOZcStzezRY5IrVtXQ6nbYLjDmXEBoBsBAIDV7LiaAyWBAa30N5W45alao4ViLcz4Gq9L70Ryk2Bq6dTpHjYyqCAbAbAbAbcAbAQA4DjqWoBsLDYWGwPnxeQ3mPhPDS9+9ZKdrUhycCwiwNlasgEAgEAgEA4WM5sBXkdwCvN/oArzf6AOAMXkN4Gt5Huj5hY1vIbzhYwdrDZWrOAOFjOZvfvWFhy9+9YVh3MoeADICAQCARYHLzf6BYbvN/oWBBYQVmywIrVkWBFYcAQG1796zrBqZQgBzQHDOBHMuIGAIqpm7NM3szhmK042TTkuHInHLs6VMK9pSoFJ5cStoXzCmnNbhW0PRdGJ2aZfWhaUzID00wJtPKPgaGhLJlXqv1MJkq0wmmWiwJ9e4HNEykkSJVICWAkkgJFHPgAaklqAmkgCUkiwG3kdx1sEkjlxOhII5cSxWKAQBaOfAAhL9aIBKYD6OfAB0BwAgDdHPgA4jnwAyArOO4BWe71A0cy4gNAIrWBzO0BwrIKzYCAQDYWGwsIsCAQA4GjmXErZ2AsILDT2fAiDQkIrDZYEBh7PgaBoFbRzLiTOw0QEZ1ZwCPLFhsrWEaFYczrCCsgrIBANgNPZ8AGABwCABwHHM+AaA4DYHzzMY0vIbxwnhi83+hKeG1796wbT95DeRwjg0WOyKxre/esna52km4ENiHZsKyA2vfvWd45ytryO4lVpq7iEHbyO4Bm9+9YGLyG8DF5HcA2FhwrWHCxYHK1ZAIAc2BGdnIBAIBAIsDZoDhWEA2WBAa3kO6Hmc8rGLyG85d8tyxQbAdvIbyOQ1eb/QjRi7iRsGbyO4gK83+hPA1vfvWQNrzf6HXIaccA0MoptfzizU05uZnmfEipG29kLOmftWlFCA+dpSail23oStodtwppvpK0OzSZOzTzOs0SqbhQ0pdPKPgR6nxKJE3p2lk0yhWsKeXE0zsS6ZUJpPKPgBNJ58DqdCWS66d0SySXbE7Eil+rEA5HPgBJJ5cTiCTIBaOfAsDrmfA0K04nnwMawUjlxNiscaA4Zw+jnwAIRz4AEI58ACEc+ABICAfRz4AZAcAfvo7gHQGwG3AGwGytYHcO/EQI5lxMfrSwSzkAgEA2FhssWEWBAIBFgFdM6J01K0mwMPZ8BOxoAgEVhssGHs+BoGhYrNlYbCskysOFYCez4AMFiw2WBGdYHAcDOQCAQDT2fAAd7PgAIAgCABw0GLOG8DAHzuvI90fMx7U8m7yPdHzGUysXkO6HmTtG15HcRwhre/esl1tPEOSLFhAIrVkAgNHMuJIwdqzYDd5v8AQK215Duh5hLN5Huj5gytAggsOFawgFeR3HWOsrF5Huj5nSGl5Hcc8DW9+9Z0hsWKzYCK1ZwBsBAbWX3qNAzZx74+RwNCAgGywIBFgHK2hpdwOtqhreR7o+Y4QzeR3EcBXkdxAbvI7jrgK83+hyG7yO4zhy83+gCvI7izgM3kO6HmXcjDjlmn0kjkmK9S6yyMzhU32tzTFCgEbAgLxQUnvG9CVtD0RQFNWhGoXQlIhNM89oSyeUfA0LEonlHwCxYE0zMzptJItWJxNIqVpRNIkTiSRcJZJI7Euka1aQRy4gOpOgSqefAo8WJRPPgVAxPPgWBxzPgaFaWRy4lawcnnwLb2rHI5cTWCjON0c+BWH0cuIBKOfAAlMAgBAPI5cQNgHAHAHE8+ACAQCcTh7UNcBZgFsvvUU6sMlIAcy4ketDBKsgrIBANgNljQRYEWBFYbAbcKwOAisI2BsxhAIBsDD2fA0DQKyLFZszhuz3eoDhWBHMuIAxYGyxY2ey4mdYFAcDOQCAQDYDDmXEBqzjuAbcz4ANX0dwDt5HcGgOAgPm+YwgEWBwKyAMCsOVtBAIsVtLyG8BXkN4Gt5Huj5gaAIDNnDeHWVgOTYViANbyHdDzMbXycvfvWaUbTN5v9DtGU244AjQgPeR3AZTcCpveR3DhwcvI7jjgI7G1796ycGpmCARYHCsNlgRWBzQEVrDZWsNmhnM3kO6HmdcjYyhAaXkN5YBjQHCsNgDmcOAOGwBzhyzTMY4ZjE4oegzuT3e1gPXcQznVFCUOtYOU1eR0EDmtDvkmT5mT0BU0pZPPgZQanlxLZ27vQ1NPWdrUwmmBPJpnDhNpfrRO0LFJUyVaZSHok08uJAlEnTKJhPLier6v9FI58B6qo0lyKSCtMpfrRM3ixJo5cTgPWcdxdkBqeXEiA1I7hRiTurpgWKxKTvZEB9HLiAQjlxAKTAITAcAcA3Rz4AOgbX0N4GoBADgCATjkPZhqgLdAbrpT2saOZcSj1oR7mXEejBIQVmwrIBANljQRYEWBGcaWcN4Rybcy4lXqQTmfA13pF6ZvfZ7jNylggOAIrDZYHCsDuZ8DYGwrIsVhysIrCKwM9nwAYAbLFjZ7LiVrAoDgZyAQCAbAFey4gPACupa+iIA7oTTIXnr6G8jIGSR83zGEWBBWQVkm4AQBm7gHXDN796zho2mSFJBWdbyLA0Vhu83+gDl5v9CwN3m/0OGgiA2WM5FawjO0EaFZXm/0NAQCLAM5nDxA2vIbzrKztzoOFYQG15Duh5gbGcNgOAbXv3rNWBXv3rGBq8hvJ5DLjpQsNXv3rK04au4HWGtXHDtyyVOAZsCAcvI7isNgIBwrDiefArDZsDLmUPAxio1lONjNY8515N7tstZ0GA/aRJ/0zf7S9NqOONjR6Bwnk8U1NAUvRdNTz4EeA5NMrdDE0zp0l00jlKbTTMqxJJ5R8DYhLp5cQLAnlxJnav1OJ5cRO1aRSIdXsenlxDlLp58CxdOhyQTehxWoSaP6ugLEpRHPgcUo9HLidkEo58DuoGJOkA1PPgdB1PLiWKx6Z1QQmcgpHLiAcA4AQA2A4nnwAIAQDgBCYGr2XEDa83+gAzrurpiAIA2Y2w2A2AgMuZcSPQzfR3HeRW0OQgsI0BAOGcIM4B39WBbe187NFSTYDhWEAgGywIAc0BFisgrDlYRWHCsAOZcSaAiA4WLCCwitWQVkA2AgGwBXsuIGwDYA7gDYCAbA+bSecfEzh0AdM7oRwHANr371ga3kdwCvFNxA3u4lCzGSxWcM6wO44aFZq8j3R8zOsb3v3rNWRxjU6azl5HcVqODZYgrzf6FXLjgOWoOOBoDmgEAIBwKzYVnAFeR3ANlgRWCU8uJ36MOOHA0vIbwG7yG8YGbyPdHzOuAryPdHzHAV5Huj5mfE5TV796zl2ZvN/oHBGxBsrCAQCAw5nDxKwwVhwsG93ErG9796wI9xzWaxyzFepE1FNN0lDO4W23dNm1m9ZISwptcNRKHTMNqbvPcENL0PTMm5mT0BjEqnnHxJ8a/UknlxM/i7w+nnwNaE4nnwAlkiL0JhI4EykkWCdTz4Fbn/ilEyx0mkgCkwJlJIA2y+9RO0SKSRDlKI58AipdIOxQDqeXE79Zx5IkDQrPI5cTqdB41AxPPgZb2H0c+ByC0cuIDwCAIAITAcA0vIbwMpO6umAGwCA3ez4AMAavZcQsMmdY1dKqsAm0OGcIBsBFbORYsIsDhYzmzOsaXkN5WBnXSwMvZcTQrMmNsOAOFYQDZYNnQATYEA4Vs4cBsBFY1dS1FoFIWGwsOFgbs93qZMG9jHcQraBWbAQDYDDv6sDYrYM6w2VhhzLiAMA/Yx3AZA+T6dZJwL8ZkknUybjhAmXHEytpK9U7hx/YdvN/oOQ2cjZPKPgZxsWM5sraDhYzkFhlzKHgFZXkO6Hmee2Em4BsaAgMXcQ405eR7o+Zndh7uJpGS8OFiw2A4A4AOZ2cjQFeb/QrCccLA2Zw6nlxAfcNXoGvI90fMcDJlAZsBBjCAHCw2AOFbe7idcJZOUGwNr371mgYu4FawryG8rccMXm/wBC7lBFIbccswI6cOJ2d4b2Z55xVnHPDh0zuf3cAHbr90f6SJlG1thD0JhrTWx6A5aHUUyr1pTiaZy0Mp5cQD08+AE8kcXsTSaZAlU0zO6WNNMISCefAJvafTSNjkcl+rExuv8AilEnTQ6SaefAKxyOXEA1J0A9J3X0wAkkndRYzjDOHU8uJf6sSCeXE6itLmtWynlxAMTy4hPh9J04dCEztwMCw4FZwBwDZJ3UBsBm8hvA2vo7gN76G8By+hvA2AbAbcz4Fa3wOHZl0o9WGTsIsCKwixWQCAQDYVkZw2WAV7LiaFbDmXEoqxgqWGwsOAOFYbLAiwBmgPJJailW2KVYc0ANzPgWKzhnWHCxoR7mfA6vSL0HMqTiZ1HMOHLk4FhOZ8Azo9wBOANgNmgbJFYbey4lcAjqQDqSWsB6xhvAZs93qB+e9TFSpDQzrAnjy4mBZKb5ScW+uFixLp4+KQj10CzSfGRRz54zrFmTxMT1aiPQYpX6jhkBSdZp6uogSPPaf0MTVgdi4k4TyHE3CA64PQLZfeo5DtnHvj5BoN3ke6PmZ1WRi9+9ZW4YvIbytY0dLFbW83+hoGbyG8LGqbhStb3v3rNSG95DeA7eQ7oeZxy42tSpU0vIby0aJ5R8C30PGUNlixte/essWMXkN4RybvIbw5w0HZwDS8hvKw1eR3FgRnG95Huj5nPKeTDmfA6V+GwggrZvIbwB7yG80NBXcCs1i8juKeEkXMxFg0ccOxT8S3IxTy9RwPOlSOXbnQSATQ88OVjoOFVNxc2wlD0TTKcE09BGJiaVhTzj4lPj0EymmEjk09R07GJp6zQrS6aZjSnkkgJlNMCeSSMbtNSWSXoE2mkXiSSSKAYkkeosHpJGdSKSCZ0dSdCBSTqUADEnUsitqOuTuyAKks6i7E2K0+k6WM6VTI9BCefAlWOsvvUFZJJa+iAByZsViA2CAxkFhANJO6wrOgbuu6gNACEXgN76O4B1J0Bl13WcdO+zV5Dec8pNPPFAGvo7g0MX0N5PI0vo7hg0Ow4WBwsZyMYbNAbLFYgxrAZoDd5HcBq9lxKxqVrDhWEFhFgcAHLFZsAgrVhywDOpdsCwM2cN5YrZsYbytY1LFYezjuMuRYZdS1dETlPZuxhvCD1nHcW5VhHYbK1bR1LUVhpwBssA9nHcaFYpIBkzrGtl96ivA8A2BokkB+cW0iaGbToSGu4gOXcQjDqbbahW0jlK8qRT50CWUxVqVT50C1U1j25r2wCfUx7U+tLFaSk+MkfrQLqnixHK+IxUmFMTE3IjCpJOpk/rSA8m5eFbSIcz4GUOADgNuOFysi5WQaCK2gQAgFeR3BWV5HcVBq7iRwrO3kdxyFeR3E8LOQ95HcXrGbuAGbyHdDzAYvI90fMAi8j3R8zLynkryPdHzHJyV5Huj5jk5K8j3R8xychnSfU3s3eQ7oeZGVDS8j3R8zpDJYrNlatu3mFjQsDZYsOJ58CqqyJY2lnDed8tBpzqRZexyHGOpekkcVu7ssZzVpE0Kxto3vA7ThRTR5ax2OTJlbQsSaeo4aU9Zu93qZlglNNzIrXjE7zUanPq1yWmL3oM6laEsPHUu0jRMpyWzIBqSWvogZHSck3Ya3KfvYpQADTnSTsbFIraGqU723bjYD050k6Ar39vq/qAK9OqosncjGEnOnXCaMpVRttlfmpoOTqdO6+kyJPUtPXUnb4n+cz/AK10eS1RB3bi9UuMkqpJ00KUqk7qCRaLwBhocCCxnOBY2vfvWWAi+hvLsd4Hdd1nTIfTy4gbgIBAOAOANgIAcBszrDDmXEq9aD5tA7hnDZWCkiINSWciwI0KyM6xq9lxLAyA09nwOZ0GCkGANhYQCA1vfvWBhzLiTe1bBAbLA2WBq+juA0vI7gNXXdXTEjsakhwzgMBFgVnHcdhskNlYRWGXQGSwNlgRYrIrWEVhFYbAQH5z9tLA2A02oWM5KKAOhnNgBmhYzaQJ/wBh1S7IDik3bU+dAklK8qT60A5TFWpE8nQLKpjC5lfHGNC3U3jfFPrjpTgt8nxkUbGKkwpiWm4MKmE6/plvJ0gHJzlNwTICNf8A8wMqRVpH66PkALeQ7oeZW0NjYHU3CA04cwDlQV5HcVjN3A62h28h3Q8zlJJHPrTO2pcpOFiwOAOAgCCsIBsrDd5v9AnQ95HcaEHCtWRWrIsWEAixWbKw4BvdxKxBVNObNPTuagPO2JNSc8Oa4mwVvqvgBJU2pedgE6nJ3G2+gxjvOGkm2MC/ppnDSu1MSZydJ9Bia06lh644BNSXC92MTLrQtqVEppddQKVg1NNOTHXbMM56h9dA5aScnSSaXXwBUqog78+A6lVFk6AU7VH8cBCyWdWbt5flbQkXZ1ebaXKxNLubZ14ucxs7OnU3NOFgJxy9MbpOUu7BP35sc9AkpLrd07uoxulkSSSnSQG7qSaewlzOsn9C0Tt0DntnNUQ47e60gOmJuuxSPQY2Up3qNiOlgkjt6BKhJ6+hvCOA7rurpiGRlJ3WaVgkvVjEzQrZ66VrW1jHcTqGh2rOAIBsDd1IrWNAI8sVnCtoNlatq6XRfOmLOG8z5VWVuklrOUHAggEWBFY0cy4lgaAZdJ9TGpUggNkcuIGoWEFZAIByzjuAbLAw5lxO/Q0cBsBwrAdnHcbFYwxrA5YNLOG8sBZnADmXEsDQDd5v9CsNgNlgbLA2WKyK1hFYRWGwG7zf6AfDJzB2P0RsVompMEXIKbGZ1irN4VVJkAC3QbiYEa2o2p0ljObcASje8BGhWbAIAHAZa7AMqZmdYJvN/oASpUbafzoC+PG1PnQDlMVKkTj10CySjG1yEOuhCwJ43O/WgW+TY+RtNsIwS8cV1HIlbSlU6yUbiZAUnWaevWBJpzm8iA05OQEm5rA36XI7jV4MHIIM4YvIbzXyN03CFhtw5WHLzf6A5IK215Duh5hO1hxwOzV5HcZwiwIsGLyPdHzOOFPBq9+9Zzkcti0IBFYQCKxs45ZgcvxXqSKidmBwxtu7b6SRNt0G5GGhcIBmG1NtqVJtkSt6DuCeGjjimyBOOiYZ0Y4pGzPPa3UUqKvPkTnWh0Wl5KnJUzlI1NMxuyTcTS6R2GZ3O9Rj7T0jHKo7TbiDPxNHuiZmdFOTpx0ABOp+ZXAJb8wrwLG94658+FZ1zPgceNAxOp9Ses7dnZNOrJzQGlwsc5dSstA6QAJLVCd7ZRJwX69STSvTtnV+l6o56T0/QVtB+iap23TpE2Ddyda510EC34iVRZyRdL/bljOIolJ2DugiGd1l1KENuAgEnbJ3pLGZNQqlGSBHJxKqb00OUneuulgGdddSSvTYhISSdwdSvgJpF4Aq9+9Zr1wevI7hodSd7IgYNrGQDgGyOXErWH3UtXTAzgdzLiXXsNFysK6VrDJWCDO0ByxWQCAQCLFZAOFYbLAw5lxLr2v9YMKTZYzkBskBqAgEAiwOFYHAHLA2VhwAV13V0xNASOXEB4zgR100BXkN4Dl5DeZwMA2AOAiwNlgRYrNlawisIrDYDbgHypckx2GnE04JarEAH4ZUb+RHYr1S4ZpuRGilt4OKOEK0U5g70k6IZzBFwlYiHMKrTMCNboNzKyABcpxtPpsjSrC2jndE7Zw1r+8T/ob2kDOrYICACbUJG6ihDQJ6p4ga3cDrhmNXbv1pHKTqlRtp/Ok9IGqYj1Ip86BLqY2VKplEgWCT48uJgWam8b4tnOJXJTEpRvMoD6dfKfWl/q9OJ1Km586OQV8SpFbSKvN/oA7eQ3jkK8hvHIaJDgCADMYILFhFisrzf6E8BFQYs4bysYLA4WBFbO2vfvWA8VtCMqZzYzQ0OH4rOOa7MCgtUhUbe2KJfsDOOuYbKOTijrNwwXhsdZozBhN1PpMepx0WmqMcppyyKmlcE0k0yGpZpK5ZGGiUSnVmV9tJc9Rd7AGnJ1egVydOudxidoFycupwzJQG+JnP7xtcCHZ12lQV5eEINpnPqv1OpumxwkHHAAL371lW1oNJzrbS3xnWPnq8SI9EC5OrNy9JHR06pvZLsRylzDD2p3U61szdcxDr8lT2291nIzOttnWg6CxnNYvVRr5osv6gDvGCCKU6jehnXCqZ2klk+WMyvyR1J13r4FCxgqh5N5dJIIT+FruxdAFknVbpSRLoMbpRa2xEesrJJ80NCSpbEV2CRsVrfJKpdS68DpNO1uEt/wAxo98TYgSnVXYWM3/SQ+KEu/0NfLgUlVV70RAkUp2Szj0ndXTA2KxV5v8AQAZ1IzrGSsAOZcTQGisIrWEFhAIBFisgEAQVqyAbADAbAQDYCAQDl5HcAxeQ3mxWwVrDT2fAAQsVkVrGHs+BWGnsuJYNrzf6FGwaXkN42hogIsCKwgGwGwEWBssA5YrbX0N5WsalYbKwgEB8rywIDVxPUYwK4mAK4mmAK4mBizj3x8jVwBXJOm3mSBfgBPeORGuYaJuR6AIpzBxQ0q1fcwdj9EBDN4Ox+iOGLVfbwrjqAiHKEbUzABbpxtTosgBbRveQ0mm8wiNAoN2e71JCIDbh1fUf0jy5Qk1FDhydtLPo1gOKThtMHY348bTKnpJZTFRxMCcUxiczK2hb08e1E8gLApjgo5DVekB1TGRRuHXSRYE6xTnHzxAMTqZNv54yAlNwB3Y9wG5sCAQCA1cyh4GMagbWX3qLGdqaGg4VtAczhuc7Yee2Ky3g25Uu2wJ0X3D/AJPzqqZj1OOl0ZgxTSifSiVNUiaTpizMaScTOWgrzf6Hm8Nhq99ruJyBy7dIaDfPNn88Qhp8Ub/Q7/VQGcnKZhEE5OTY60FeQ3hZtOpuagJNyc2gNwzzzDf5ljOkJNOr1wmzERKJ1PqNrMV7eJ5EinuVPZuHDQsUmqbWnrgRgacnN4MFjpip4Jp7a8a6KxJp1ZVpexJvSJ2vfxn7X1xH/qlNUxVF46d2M5qtXeenbIQehcIKpSpal9A9fajq8s6i1rig867p9uOpGZM4Qu6k9PO3X/8Au4qUKkm5Op1p6pdHiFhpeqOZU710hpQVUVs7OvfupP8AVyjBRp1Wtk7/ANuXjo+HU6SddsnX/cGxxE05ikle2ST9xbkZEivilJJLTuvPgRklnTs6dvUn/wBAcNKxyWd3vQk+b2RMO1RFLYr8lnS8kqlJFLbXyxm6WWlnb3bYPGxws6U71GrtHaQvo7ieE40OFZFjOYcy4lF7WGiAitoNgOFgcAQDZYEVqzgVnCsICPAQGtl96gNbOO4DWy+9QGHMuIDRYI80KxSQDb2XEBkDN5DeAO66VrAxYrOGdYQCvI7isOXkdwGt796wNryO4AcBANgMOZcS2hh7Lidh4zgc2Kw5jWEAQB8rywIBFYbs93qZ+Aw4mBo4nrA2s93qA1aRAacT1gKy+9QG7iZrDRIDcTTcMYjnKaUb+RNYjHMNFNRYzI93BtRsyJVdvASJYK7OMEHU46rErEe3hU4bAC3hW4BXG6QcUj0pEswJunG04AM2v7xDS2TOp4zf2IOUkBhvMNAADdTZIEs5283+hO/9o/01i22octLdSo21DQrHKYp1In86BZKbxtcT62BY1OUNHX10zu0ipjdefOgWlTEqLnzpAnE8S1PrQDk6yUbiAcnOAFzx96iMiMgi7S+tMLUdvIbwHbOLhzw0ik0zK0jE5NeHnu1tpjCOLqd6E4uMmwwin0WJW0rWnJU0zGk067ZHHbQhnXTz2xCuOEK0UmY1hw0B68szOAXHb00CLccL3KNcc1HC8C44Ak3AJRPPgRTww46SgKm5HWWKEim5ZuZGxCKcqd1J0raEzJq1dcArtT1PeuZgEyapwLHJXE3cgMTmc2ZY5V1KdbZ0FbpcueXO6HkaNVanqZnP1hVY4XNNxNzbf9ubmdaPzQTksl0Ekvv+7jKIazdgltv9eBcnKosqJ0CSRAgZLWrllZRJwT9bTrmVLQJfUECrVPOUqYoomdjnMmqa8dvXCUSrani4mk5p3XCMSKwinKbjundFEpifihZpcyJR/b/sBIN8PMQ7JLQJO/tzZjjXUcLsQ5LOZ1p/4ch1KDSxFS+N9O89+wO2XUeniHz1OtiOsxmXuSY3pSTYtZrNdNoit0p0lqibHC1JO9752zDb6O42cGG0ndZQjoQ7+tArUG0c+ATTpWvI2BAbWX3qAcsYbzrUaDey4mWJMgSAZzYDNl96gNbPd6gNgIBsBAavZcQGSwDlgbLFZFgbAYvIbysNXm/0K1hFYbA2ey4lY1AbAcAbAcAbAbAHcAYcy4lgCKwgCAEAQB8sywIrCARYEBq6YwyFjazh3w8grM2cdwWFZ7vUDNnDeFbSzh3w8ixY1s93qVqwjiYG1pEsZ2QGbL71ADOSZNsAZyTpufImtAFymk3IdCQPEQ5hrTTnyQEY3hRTeVkBUW8HVE4dBIr7eFcclIBKuTihHFOw6rNoHmeG4jIaFbUcIaQreRoVmitWbcNCs2Z1hwsDZYrNgNgEKN2gEgpV7anzpkWDE8R204ddIaEqnjY4o2aFaXT5QsdXXQJNPlDRyvTG2LApj1GCmh204xoSymMcW/nTJgs8nr5Q5aXRJNJnJz7jVA89rdLovCR13rhjd463TFMJJbE6Y0haodSpjqRxy0qm5Wpjx2ZdnXPX/kOkI5x0qaAE5cMaUZdxNCNMuTnp6QG3XSt0DcnXSWIRzjhQA7zf6GnVgZxw6GvPG6ATtFJzkARxwIBXboBCdTWZYoRFSuRcNC6iaYnNm4ZKlmczm9c1EAVOdAWfD6danTYHK0c23oAgk3Ns6AJ9Oc9zxscaKTnP8cZ1Q9TEBxNPWk8bESr3hi5Cp3dA67/UHN4S0nWLt7WlmkbJOFawYhVo4nJdBrMc7WIyTVnee4JxGpXELEKKbmgjffsDqRncrxOxNcqd3QJ3x1Ii1OOTlONF6BJIraeooE4nLjjegTTJRe3T0q0jTCfXjtQrCdZ/GlZjMRvK2VNWnwyneOEJtxasFcT00k9POnXv25rsrmXHOPzodcc08U3jLid5WGi8T3cnXjayrHJqndcd0+3AdepbHmNLpWOo2Yzbi20Tyl3nIljNrqdLYipTpLUaF6yJO3wO0gk7r6YHfTMMvfvWSzmQ0DU8uJqnaP8Ak3OkkA2Zw24VoocJOBnGAIAZ7PgA266c9jQ6DYCATmfAAJ7PgWwC3kN5erb3m/0K1htzPgWKzZsAjmXExjczrCAbKxo66BuAgEA4AOAOAze/esBt13X0xAZAHAdsvZ7wHLL2e8DACA+XZnbCCsgBwHAEVhssCAQDgDZYHANXEyhJlxM7cGyxyxZx74+R1wrNuZw8TkaWe71OeTlq4nrOQ1aJAN2ifdABpxMBpNNPIBOJp69dkBXnKNUc+RAh3MNVHPkgAnMHI/RFjOqM4wpcvAIGb4buKR6kbBAN0I2dMyFbpxtSBHgBblDao7AprcMXcQMlbQQCM6sgGm8y3+2wNaw74DQlOn50B9Rv+NPLWLtQknqScOaDVAxNb13yc+Sy7Oo6BxuB5luvSk17lwh5LyaiegvomJZjoccOsOqWS1lbVkjndTuSZzqRjS5piHtpKKoribmR5zSGi5ZG6Yguev3DlaCccvCHXYS8juLGflo44cOw95DeRy6/9gTjhLoK44cICOOnYjnHDp0i3HNZy5Nc9OgE/EzndAAFycXmRsQTjgcohxwJGJzg5NDttuNxOg6m4AVJqls3OvBOpipnHHHOkCEvId0PM2uBnxNHuiZlhJ1NFMrRqR+Md/obMrlZ6MxNdplTT2TxYzy4Gw/cjUrl5fAnK14tVNZqdDxETartM1ntmgJRKKrOtOeY9eBVVvIXhoXn3KmccMZpUA5d1noLwJnabxzqaGuzTdO4qrajf82U7w4WzhU51iA7U1S2bjxnVL/OazpmmMPrJL9uPRR6Acc+ch4noMkXeTTnbDE7W9yc/DCd6k8a0Kc5ia66514nIjV6ovEGKXuNTxtZXYMPOUPGGxXwS7Rh3jcm5Fc2MzrCVUpOJaDbz0GNK3kdwBd9HcRgKTy4nUG52HLzf6AIKzhWrIBsBANgJzPgc3oNPZ8CkapfqxLv+QwdAcDV13X0xAjXXdZsVnDOsOFYDcz4GxWcM6wO5nwKw2klqNARWEVhsBAIBwAcBh13sgA0A2AOAgNXQNrzf6AEAMupawNQPmGY2ggBywNgIBAIBAIrBCefAnxJF6DTeZYNCsauJlCQprQQDlnu9TOzkA24mALZw74eQWBQrOBYICs2bAG4mYwgGwB3E7w1gFymk3OwAByjU2yxmRDmGqmoCvt4UqEiquYPxCUR+VTf0cAG28K9RW0IluhHAINunGwArRtQAZtQ0qzSit23aAW5PBSvJvtickMbXjsGFPIhnU6c0Dc4geUtevMCuQR7a3uHbE8O/TY9UYecmqNMJ3sXyrWnFqdqlKSbEcNPTk+KFUOu/PGOOlAvm/rjz2gE66bUIlwxJQjjhsEe44VtwC9+9YMrF3A71m0y44SgO44FjRxwOADjgQBcdAi3HDSuQ7jh2z2mbyHdDzMbpm9+9Zq5c4accLgI44anJi8juMqWLyPdHzCeWybhwM3cCNOTCjkbzQEoSdS1LZkJtRvxJdko01zzvGINOVJ0hOtfiZs3coTilS7H0nNEvTNZfDQ7GayrL4l6Ynai0Cm5Z7ZqCAvxLd9BzI0Mc87zjGha3JwnJ5MSzo3CicOTipdOTUztOzhO8rLbTtnqLr+srRTmVM4kXqPTSjl5eOHVsFunDd5HQdJyJajXLOJNVxaZNOU0jpx2anFZ3nSC3VcTcM6paaZnG42OVnpmc7ZoAz8O0yXE9NNPQG7NUu14d4pJ2fXzUrdTpat7ztAvyTuvpgb+mMUSHbyG8jlztYNLkgCDOrC3v3rA2AQCAQGr2XEiAUkO3kN4Ee5lxA0vfvWWBlzPgWDWxhvOORsQHCsIBsAM0BGcNgNgDgIDZJ3X0wA2ABey4gagN3m/0AbA2sYbwMWcN4DDqWroiA8BvfR3AZcA+XdnHcZOGk4QgG5nwNgcCs2WKyM6wgsIBFYbAkCsBmwNlisitWQD1l96jOGTQEVhl0LA7jms5T0Yu4nDtrdwO+XB29+9ZyqM3m/0OuQ2chuz3eoDtnDeE8G7SBbiDVnu9TvgbOZQ8DsCuJ3gDVnHcAM5JgBXJOmSBnKaTzIAzlApuEiAbwpUc6TGAfyD9r6L0J0Mt8nj2m+ppGsB01yeKyi5eJomMdywaw/xmvLJtExtj23grybIvJ6B1xHq55trXjrdnGidiSMDUbcrZ2x6+cNTk1bVQ667qPPaVNccAFcc1dgEK5thDQjHMuI9PVcnThKtDuOagky44EtLyG8INOOAAOuhcAcc1mnsCOOGdIBxw7cIxxzWaEAHHDQ4DXkO6HmW5FRXcCoMOOFCWrjhtQj3HDENU3DcHjICm29SnQcJQ93tYQbqRvvAaUb2PpAdvI90fM7G15v9Czgb3cS7gaJuEhXm/wBByDk3CWcNUtS6k7MhoNU05aJiwSKbhwNKxqW82M6gdpqpXKagTZok/jFtzbHCMEPzvduEwHp5R8CPBJJuEAlNyzcAk05wQNruBjdnk3DQwJuTOGxwtcmcCTzlS2YZ9S9F4tupO6CN8bHL0lgpjY627oL0vsVvTdLYipTtLQazSxLoltsDY4EmNnEGwNWMdxYMlYQDYGt796wFfQ3gbFYbcz4DwDlgbADARYGns+BYFfR3EcDW8hvLVbV10zrGl5HcVjW9+9YDd9Ded4NTgNgNgDgIDCOfAAkCPAHAQDgDgCAZey4gJHLiBs4ALe/esD5k2e71MnDTwzZw3k5Dg3Zw3mpDezjuDObs47jOMWce+Pkdcp5MFy84AjOGysNlgcARYrIsVkAgEAgGXMoeAA7iZWtMOJgAFjsYGcOZwgHrOHfDyLFjYsWNbOHfDyM7O1NAHcO4sN2e71I5GLOPfHyOXXDdzKHgdqQpICtInA1s4d8PI6DiaZ5KwQmma1boFAYZzmp3NBCxMax7DwG5LqftJ6C9kJxrQ68ngJJpJtvMK55+1sTPtpcyJbEh2Hh/ntnwodbumtfXNp3WyScbK/M61UZ1OknTOsVhx0CHddCxGuTkO0O5OegIQjjh0Itxw09OQjjhkaDF5Duh5l6rhreR3Ep5MuZQ8CVnoFxwOUO4QeAryO4I4AuOFiALjhqGhczkAjOGXM4eJw7MuFccI9Nw3CQTcMIcIEQ71uBPtGKj7DqdO/QinUTZ4r8YOHDN3A7/ANu/9tryO44SEccO0GruI5BCbgSjW23HHA57TfyRw6SqjdomdiNccg22AK44EDk29j6AkSmnZi3BMKNkB9Nw5BN5v9DnIHE3DL26GJuG1ykU3LsqcJVNyzLHYjnned7EaYcvG/nsiVIqTXl50noMzpVF4hOSVzQRgc5B60wSrVJxPQbcbazvSFLTu9S1FDz02k7r6YHr9KxaTuroiSrFhWQCAGez4AaANgFpfrRAHez4FawwWKycz4AR4DZoGHs+BEDpQEBHuANX0dwCvo7gMgIBsAdwBAIBAICPcAbAQBABAA4DYGEc+AGjrusAcD5rhoOAIsZzdnu9SsKz3ep1yBnE9ZyBCwIrWEZ1hWe71OMiSs93qArOO4nIhmzhvLlTWzj3x8g4aGgJNMgb2ce+PkUB2zjuKwy4nrLgO4mcuzDeZ144aFIbNAQCAbAQWGwsDgPWcO+HkEMWkAliz3eoG9nHvj5ABuJmVJqzj3x8hyclZx74+Q5OQyid44YWt0nCXDFydOaCFiB7rwFwSTTT0DtiGd3VJJKSR2Ixu2HXUvrzzHqVy3ETFJJI5jRrkVbYhxnaWxGBpcpqedOwc6AAEnXXCeAC46BFuOkLEM45rDpGuOBCFcccCEe45rNCxGXkdxLrgNzxaA0SnOQnQzk4CEO444EA3HDsMXkdxXpoJxwtZwt5v9Djhe3UbNjO2ccMyQ7bZc7NOOHIw42Vq0U45qNw2TcPNaE2m5sgEI31viTOw45lxI8ASefA78Z2TYNE8o+AWztq5nwCA7eYAgCA3UzCYkVGwHm3Pk9YESECE3AlJKOagk6o44HIxNwKz6bh2C1MigOpuFCUim5HWdg9NwOhd5FyBdykMmTViZTc1FrMkk3LMsUJqTuWbl5qCh2jCLEFNJ3QRvzVUPWWFuIkZ17iEXzc892L2Xb03/gsn0m08+AiBBLObAcAYcy4gJJLX0xALAYvIbyOWg0cKzYWGyxnNgCumxWFARWsJzPgWKzT2fAzRY0OAOA4AgEA2A2AgEAGBs9lxAFAQBKeXEDAGXMuIaGAEGcO6kWDWxhvNCt81TG2EFZBWcM42dNUAbiYAbiZISeUfAj0b2cN5laGbOHfDyOMqWLOG8bDg1Zx3DgP2ce+PkbeGY24mcjSzjuM4cAbAQDgAroA7ieosGlpEYNbOG8ka2ce+PkHeRoQk2WKzYaDgA4A4BVl96gNisIztDeTJxbK3PFSblM/Rmdcek1GOOdcSO2d2LBXk9uvRvXJERaPU+F2Aicm9xGwOR2VJJKR9SPPbAFVO2SXUDGnpzGqK2nd5pyqdPScnnTrrru2okuVWnLrqcehE89rVip/+4gQl5ZgRjjpIhXXSFiHccCQTjgEDOXDp2h7371l+u9oZxwIAOZw8R6j1teb/Qg4NOOAAuOFgjXHDWhpeb/Q4QYvId0PM55RwZbzKXRJuFiBDmfAoSGccLwJdxL0cN3HNZlUI5vI3f2j+zymZX6uh5Nw4SDd63AsJ2TbZW5YCs2WBwNBtwOfA4cmG8gmmggQooEnA7Yu4hxpltsFrVRsCRTcAfTcCBF3EKxSbh0DbyPdHzHAdUbOQSnlxM6fEim4HYtNw0JFp58DWnwaZFJwsZ0gm44mBMUy45eFijl6OwTxd5k9wk88bGZ61w7xSTc9xt57DI6ok6k6lqM6kaGQjYMPZ8ANAEAgB3M+ADYWEFZyzjuAHAFdLACVhFgTmfABsrCAbAcAbAQDYDYDT2fADS8juAbvN/oAOAgEA5eR3AOANuZ8AGwEA2Bre/esD5shoOFas2aFZGcOANlgzZw3nfIZtInCcO2cdxk2tO0rOO4bTaVnHcNptKzjuG02mrOPfHyL1HLLiZc4DWce+PkOBmz3eplCAbAHvN/oAOWBwBuz3epI1cT1kO2LOG8o4XcNbOPfHyLuFRpxPUdKzJ2EAgsOBYFcyh4GWdpbHLsisbppuNuaCyKxf6Zk05in1H35A7DhFhFOno6B2EhMVrp64paSJJSRdGwtzk7W9J2xzCTTrvZAAZ2dpfp758pei5bW1bSVLMwrHPp1WqbvQY2hQZ04m65sRU9BTqodJVoFxwh2gnZ1eEuEXOXAmqw44EBbyHdDzAh5z2gRl3E0LTF5v9BwcBwgM23Zkp6a3kO6HmdjRxwrQgXHD0EEEnU3CEBnMuJwBbva8uBYjhIXke6PmYNroM44AJe/es1udahyxZx3Fg3V7Q6nYlTMhPgJzOHiSjwyo2ESsuZQ8AhgB1vIO72CDgk0wli0iDCtIgOKKAZcCfEbdfuhG1sVoOAEqZFjr04m4HJ8KzybhWg+o2VpOqOajgSKbh2sHpuHDgWo2al49OcJkA5ycJgOJuXhImU3CWcYnObM0M6Sk1aOJOddNmM703gPi7FGOgi68bM1nes8LMRUnUuvhndJSdSd6T0HljAEAOA07+tADF9DeBqA2AgMX0dwGgAroAICA1ey4gagNgOAIBsDDroGgDT2fABhwBl0DRHPgBoAgEAgEAgHLzf6ANX0dwAgDTroHzts4bzJw08NbSJbyrZOkGytWQCLAiwNgIztBBYQCCsjQzkAy4mdBizj3x8hwM2cdxTwBHEy8Ys47igNlgQCARWsb2ce+PkU8reQ1l96jpUatIHYEcT1nCs8WLCLFbF5Huj5lbTrQrdhbOHfDyMYcTU+TA7ZgtRacXNBsJzR61w7wtkrqWgjzCucjq0kpZKSJbEjbmN2lbL71A2AStIN1IziJnaSTqPXyn16Xqg1TS0l67fkoc4qlJJLYknzhoc8nWxOde9+ec9NSanc2zpJRVYccCEe44EK844EIdxwBm9+9Z1kEc3kXCLccJWhbyO4jTWbyG8cHBhvIsQaLAE44WIQ7bZYg0o5qAfUbAevLyISiHHCtaSbgG93EhWYvN/oWueDqmQPW4ct1Mw6nTN5DeDkNOOzxADUbuwhIh2bCtq45qCTIdsqZEODbjhwHVHNZYCg7Atdgc3tC/OhykDz1hw0Ai83+hoccFeb/QHBm8j3R8ztTyNUbMKTpeMqZF/9I/oco2ZlopNw6Dl3A75dpBNw2OEgpkY4sTCmRIkLyHdDzNaOWLzf6GRQfTcsz0Gd03C+tbJzQHdjO9c4J1skjHbTa856BkmKaXUj0GRcEnb0M6WAiXXdfTEDZJ3UA2AQAzZfeoDYBsBADPZ8AA3s+ADACAHAQDgDgDYDYCAZey4gCgDgIBAIBANgIBAauu6+mIDIA4AbmfAD5/hoDgE2kDOzmrPd6gNlgQCLA2AitYRnWEAixW0cy4mm9q215Huj5k8DJ0G7OO4rA9nu9SjgNuZ8C8DgNlgQCAcKw2VrA5nWEA24mBpaQLEtrOPfHyONjsy4mQuNWe71BwMTk97sSRjdOn4Ycm92d+4cO7cZ3qbCHk1fDHuHovHGj0DS0kjJEulACWMaxHOu2JsVo6+hvMXCwI67YmBpUqqZ07Zag01zOqXXXY6dIrX1ziqLzWY3amOu2Rx20IacxvM4HK+xU5zlxJL2i3HA5QjgQinHABAAXTQ6vYRzPgd+ujBwBwB3HCwDOOGhAVvI7hUa3mSjwLeQ7oeYOTd3AHLZRsBhw4joMpmduIdDsgFeb/QOOBCYT4V5DeDadu4BO0G23sgchVMwQZdxAyEE4EwkwnwnAeAzG6bqZmxxBymQT6GqRuHYEXUGmEH1MysOgZu4FiQ7jmoIOXcDrhTwJTcJBF5Huj5nCzg9eb/QOjqjYddjruIOBSmRscjE8o+Bi9dphPKPgEpxNzWA45lDwJU+iFMiXIxTIgTcmcs3LzWegzvQuC1Zpzn3BurzpXqHCx1Jx3QFzznbknUrHQGxyy7VKSWwwgGdHpO3gEqkBvZw3gPJJagMupagGbL71AN2X3qA0ez4ADPZcQAXM+ADYGtl96gFYw3gKy+9QGwGjv6sAGgEA2AgI9wBXkdxzsGtl96joKxhvA1AQCAbAQDTv60AGABHMuIDTmfAD5/hoIBwrVtbOHfDyCs24mQG7L71F+jaz3epyBywOGNYbCwixWQGHM4eJYrZAbLA4Aw4mVhhxM6DDiZIYJCKwgHCtYRWrNmdoIrWEFhmy+9R3sGpQsZs4bwEmo44Bf8AD7DF133Do0enME6YcTjoErEM71BS0l2LQASNnDeBo67ZGN0rrz14bHIcxrEBVM7sjz2hz+d4ipGJsUOc1qneafoOGhV51iEk6BzOqJ1eHEXq25OTlZag2270JAt5kpqsuOBCLccLFgC8j3R8y3lPLF3AjE7TQcmwBXRe03sI3mT4gAdgNw0I9RjbZYgPeQ7oeYOTbbYQwo2BhvMFaB2cCsgEAryG8JK83+gCTcAZqUIBKNgSaYT4V5v9AcHHAnwM23aBBu7iDTTjmoIOqNhI0IR9SN9wTUemECEwHrr90J2hm2wgLeR3AOKZnU7U+pJPKPgT/afG15HccLTijYSNCGbuAdcpZTMHg5TIOok0yKJdNwgJxwA5Nw6UpNPLid3pyk084+JtZ1goudOSVzYnjvxnd9wixddg7oIweN1jzpXpGl6pqmdJaA7VulUtSzrqV86FazWUUv8AzNjIXUgHUndXTAAhJ3WBu672QAaAbAbAGez4ADPZcQGQGwEA4A2A2AOAgGywNuZ8CvwMunM6DJSHUnS8avZ8CRreQ3gK99nuA3s93qA2A44AG5nwAHATmfAANwNDwOA2FZyzjuM6trZw74eRYNrOO4rDLiessGtnHcWBuz3eoDZWNbL71FgVl96jrRqUhssCLArPd6nOBHQQAYDLieo5AriZIcs47jyFhWcdxsc6esvvUVvQ2tLR0xumbN3u9TvWcrOO44aDVi39CBumm5lYmN0kU6Nbc+RK2hMJ4ZOOR1gzhesPeT3F75E2OXfcO8Bo+17hGwMlqqO20thYnJe07Zl3S2JI2OUe7iMlJIgRTs7SnZWBUc+BRVgZ2dpIlTQ55iLW6TsbLUYo09xyWdu3kdPqMjtRXEv25negps6d6dZKFbcdOkIacuGF0r7jhrWAHHAIJxw0rkY44Qg0F5wKzYCCsG5lxEAjmUPAAK83+hOwCuOAQbieskCKN7YbHDVvI6GFGwN7uINZCDgCAQDDjYSxeQ3gxvdxAHqRyHaCm1MwQ7eb/QIb3cQnRqm2ZADTjWnAFafJBDRvIJZk6YBQQiJx2eAAqefAApNzWAnHNQDV5v8AQAG9+9YBiecfECVUzCY0CBKmQTBYdkBKKdTh4EVE7o1PKPgRewedOBqbhwH7zf6HbnRibhLlLJuHatNBWeTc1Fih0rDCdWTugNSHsTATFJL2Y6A3PPeh5HO0nEthgWM3Q0MjTrxYziUktXRAraG6SWvpibA9Ze13nH/qMmYRzrvZA2BgBl0Aay9nvAxZx3AN2cdwDYGbyG8De8juAYvIbwGgGywI0Kw7mfAzrDDmXErAQEgAgBns+AG6OXEBX0N4DbrurpiBreb/AEAHAaez4ANXv3rAFcz4AeCw0GyxWcM6s4VhsBFgRoDZnA4GLOPfHyCeDBWgjQEA2WBAIrGXHDoDHIZdOIsakBwrVm0zjxp8Hp5x8TE1plOzOmdOSaSp/QmFqTCVFpufImN0OTouTauolbQSVFJJ/IgWhOmJK6nZASslw8TvevAX+l00pJ2mwdWw5je9SDOvVl96ixm2E71IE6VeqaWvTY4AJJWXYARfJ7jz2wJZJO9AFVnaVLO/ImJqUGtaXTSTMDU5dOkoWenNPC1zedJeRStqtTlwoWKy44dulbccLnaHccCALjmoItDOOEO2t5HcHbJWkixnM3ke6PmTy65MuEOTDfURexFAAOOHQBdy0/iQIZXtN7idtnAeNVe0E7FBBsDDbYSauv3QbW95Duh5g5Dt5AZuv3Trg2nLr905NoZyEHOgIbKZgOgOASCbgSBnDfeArvZMuIGoQMTCfDTbYEQ5tgQbcA0u4AMOOawGruAGAD08+AEwpmEw5Zx3A4OJplY3cctDK7EqbXAgTJvCK1YpNzUcOhV5DeTy5OGpWlU3CEJJNwlwl03NQQk1Mg5i0SZzmY3szsOEWKHMsdASzvSOF2PSfsx6XzYz67rStbpTtIseWlUv1YgPp58DQ6vaRTy4ljknMuIATmfAzgF1LV0RNAFAQDYCAYcy4gDupdsAGgGwGwEA1fR3FgdNCs09nwMaw09lxAjQD0v1omMEmwR4BT2XEAZzLiTQ0dhsBsAV0rGoDYHgNxMNBWe71AIK1ZFasiwNgOAKz3epWBXTqdDWzjuOlgRxMsWN7OO4r4ccNbL71E7UGTtYcDOHvI7g0FZx3ANWce+PkAw4mZElZ7vUcHB1NM7Zj3U/ExNjCbmo4aEumnemN12nU/8AIuR57UnE5zZnLQh5ziHZu6oHnY16hnMXXdRP6mj5NWs6nKexPFzhNUWnie47sLxdcI7ph1JZ070uvHSiPQOFiVkloCx5y4mh55OvaktUD1Fite0666V/nJ+Ua6k66Z3QV2SOuhCPdkrqXQec9SxR527zIULnP61qh10oixyudTp0raHP5zOnTWsVydOARTjhWsQbjgdIlzKHgD0C3mEBHMuIdkA3eb/QjlYV5v8AQlWxeR3DXGmnHAgC44SIhtsAZxwARts3uelfTb2zoDkddxCdK7iDSu4g0zdwBp8IAXcAN03AMt5ABGwEqZGX1Lc5QHvN/oAcr2hM7NN5AbpuBANxzbAEm4AReb/QDa8tAGruAA15DeA044Bpeb/QDS8h3Q8wCwG0wCE0wJNRQJFq9oTOxamQTOwziYcjE0ytItxssSSjYBSeUfAyVIy8h3Q8yHG0UnnwLfEej0jtWOTcLRLyZM6Vp1M5vbmJxNwqUjJO44nDM2OYvdF4hOyb3B6DzXqHBLF/V7jU8cWD0RStUpTu3N7MsF5HcEZW1796zTlUaIvobzrHDUyBhzLibAE6lrMY0dS7YGwNWcdwATv60ANLyO4Bl11KIDTrqUeiIEe66A1eb/QBXm/0A2vobwGHXXYQAFvXO6HkA6k67EDUAi8juAzeQ3nfKw0WrGL32u474RsOmRQDNis4Y1hs2Kw5nWGysNgeDbL71BoOWX3qCNKzh3w8itwZCs2aA7Zw3mcJPLiVjcBhzLiW3t3OmC9wHcz4Fa3wGHZ2zhvMnCeG9nHcXobppFYcslO85yuspWSneMplZs0u71NTkQmmnmZEnuZlN3kP9Jw7zLJTHtdMOSZJz54hoZTotMxrRScmszGvSFnDeU7WgK66kkked22W45VWlTJxdOo4quuVl2ko0pNiA4k5qTiB2fD7Ft2CZqvyPRWAk6cqiOo6vCmPTeHSVkkWPOSzrus9F5SLnVUpdhraEV8Uw3gRE7ql35JExukI7VNUmN0bdnbrvXitoUCp3U3c3jz3qKHOXEkvnwKFU7ibvvzhocwqZzbCF1QLpsco1xwrWIZxwOkS44ShHuOAMOOEOzV5Duh5kLDLjgCu4ko0wFBtwAMsEY22cgFts6ALmUPA0OEUn1viWIEqNgJxsAa83+gCvIbwNbyPdHzA1vN/oA4m4AS22AHdwJ/2CFMiBhwBsCXUUCQzXYC9hruAQjHHNYBSYBADTmfAAe7iBpeQ3gauOawGryHdDzAavIbyNgdu4EgtPLiBIJgSVnHvj5BIlTMEPKZBPoq0iDIcbbs1AWowOhSRW5iQTcMjo7dxLeASm4R0oTiZF7TBBocpFNw7E2nOTIs1KpuljOskmcPQZR4UrjRdTuSZzQbcegxvS2F2IkYR0G3gd5oedwdSXg8+bGVZDYypJJ3V0wAToATrtmYxCO1SkkWBl2qUsi0a893p2B3XXQGnXXXegBixc3gM2e71AzZw3gaJJagCLGG8AazhvAxZx3AOWe71A1vUvuIBF9DeAy4AGGg4aA4FZhzLiWKPEcEDAGzOsNlYQCA8JuJhoKzjuK3HBuz3epYqDmcOFg1svvUAzZ7vUrG1l96i3XeBXEztacCto4mFjSzh3w8gNgNLOG8DNnDvh5HHLnlq4Q6a2X3qKuXWVsS6DmMIBwraE9TElcjkY3UWNNIramXEzx3YNycpyYubXM8Qa0tImSJrjVTYm63NZwvVn4/U7vUGpOT1koWM7qdFzlOBsHvLkMSS9V0Dpprz49PJWXaa3m+k5lxBe0NZJO9B2I/mJIJ0w6klA4QgXUr3sPPalVnV6ml0kNLls5cdccyMDWodTu/tyRR6m2Mqb6qTpWvnaMbzCKiHM+BYzIZxM0rldcyh4EIoG8juGmm3HQ7CXm/0IWGnM+BF6DqZPoRIGcz4Es6MccIdI9zLiWOQZsVlZ7vUJ4V8IZTyj4AYcAau4gNOOAaXkdwDF5DeRsB6bhIw5nDxAFAkE8uIBLeQDQBCjYDbjgAjjmoANvIAtNMAgBhxwAYBANgNgIB+0iAQpmBJKZBKcbyCfWA5ZUyDr0co2AC43tYGA6Zu4BzyJUc1AEqZkJ8SKeXEypSSbh2rEpuFisQpmXeiSTc1nDQnE3CBcZN2FzElk3DeyJdNyP6AyKnQMMK1sndBqN9jI9SYW1snBPQG1l5dZSqpKKXSA47iMkl1IMqLdrd13pSPQZAzs7nb3XitrDupJatufMgH1yP/ABCJrDqU7RSiAnKpS7AEnVPZEBfFN6A3ePbgFePbgGee3UgGvimG8B/n0DZJ29zAXXQH0kgGgMuZcQBgHCxoIBmxhvCjKZCCCwitYQZyAbA8LmNoI0K2bOG8ahizjuDg3Zx3Fg0s4bwNLL71AN2X3qJ2p2suZw8SF4ay+9QGoCAbAQVkFYcNAgAcxjSzhvM3KxgkSkmTi4VtC+0wnqzPKWrI4klAoXoKdOpJJa4GBsckrOc3gxba49iBOXIp9JUvcpqON3mEVXQlf8NKN+JXdBA7jP29u8mDkqUZMY7d7RvtUSPcmFuHdEYeSWzTj0m7t5y7I5cS29vLBuu2RDUhbyO4J2B0ndYS0ddSiHKqzp11LqR5z1K57VM7dvThoUedORMbpzacuOx9/qMYqVTOQLGxWHHA0K/OXeksEFeR3BnATicazSutQbjl4Q5CuZw8QsaN5lc7d1oVuDZYEmd1YHcy4kufQbbYQjnHAgG3mHFANtnSG93E3OFab63wCDqmYGreQA95Duh5gDOOAZu4ANAFpuAbNth1SUyDkcpmAU3kAPeQ7oeYGybgDLjgArjgDCeXEidCTTz4EhpxwBkAdxwDS7gAm8iA0SCVMgNwJGT9vgBLKZhMGN5hN6OhybvN/oHXDdtsIMKNgEBBBYPTTKED00zOk8awQm4QqOXm/wBCUn05wAUnODpYssmcOla0JzksZE0m5eGhUmE8+BVUTpYqZcsnCWd2jDyqHU/cWUDdWR1hJ2qXYm5l9WqSJTp3r0vNjkX8LVTr2IM574Wql3rrwDqWHTvzoEslh0nZdIDn5dJAP/BCXeBp8Dpf3fQ72DWMkSSOA3ZJfcAM2Ke4BcypARbkkSzAaSkiUIgOpJWIBCX60QCQEAK6lr6IgMupFgykkWrumHCamhXsuJSpjUrQCddNC4PfR3Gd0dvN/oOFHDdJ0IaAeJzOM2cN5Ysblisw5lxAaM4RYG3M+BYGwNbL71BdtMuJh0bAHAcCs2WBwrVmXTqLGrmfA5WNbL71GR1lF2cN5mdMWe71OeROYRyb4ncskjC1R6CSwgjJUr54w2ulLrbYndOVR6LkuIVTa+wyOq5TOJwQ0uVVnObwqWKBOG469MbFaIs47gOz4HKOXodfL6M8mnPQeJfenkvUtLO7Euei80c67r6YmXpSjnXb46aASSWo0ICN9RBe1ScddS/7Arei1dqiSWW29xi5da5lU85TvdaRganPaonRW0KRU85T7IkL7VEnLkSUKu44VrldccvDa57R93EqdIicHawOSBytWbM4HAbLA2WBNtlqtFuOELka12HHrq9Mt5lnjOgXG9s6TerFXcQnVZ+c4BAsDDeYEYA2A4AgHAEaFh1TIzq0mmmA63kBDASAAjmUPAAdzKHgA0m4Acm5qAbczh4gagRDmUPAj0Op5x8RAUSEVggsBABKeUfAA5PPgE+JFtsAlTIJ9JvIHoZvbMwj1lRQB+zhvCcohNMrBqihldHzUEWB9NwwDQ3jdTMwUGKZm3wWFNw6E+m6bGdZpM5EMyfTcK3CVkzdk4Q53XVMIq1SSd1um1leusLapkjqegNjO6cikjHbixlPJbF/6BLV10MgY9BnM2MN557QeNgcAjzYrbOmNYBAcAQAr2XEAKzhvLAnf1YGhWwZ1hFYQDgA4A5YMPZ8CsCADuDwBuZ8CfA2a2g9Yw3mdTjYrcm7yO4DxeAgHCwDuFfgDLA4VhFaxpZw3lgwFhhzLiAw6AyA2mmA/aRGM7azhvA0cTCTIXiE03HDIlKp4fOzrqSJkdrVJOT1W06c6DJqcd6wF5NMaYevXjzbda19xSsrOx1HMaq81YoupJx0+o5i+uH4gVOnZ6c1ra4bWVS646zz2i1QnJxd9BMcoazhOTcjtbKAwbdqZzVCBh6dSa9icm/kd+1MHjdbimTHurDvB9Kl09BGOZZawLZ1LxLXnMuZ8AXpFOu2JWlFOVvZFjmoV2t3dfSee1KrVNbuup7EGlz2dTpz5489rV9xwraFEqep9eZEmL7cU2cudhwvqruOXhtcoJxzUVOkC44Z3KPNABccOlgS7iTobbzOEVoVuDTmfArRUY44BveR3Gjak06WCMbzOL0sA/OcCf8Aij0U2odqFZd63A3q24EBebXpwHwGXHNYAoGVMgHwGwEA5eb/AECT6mYQMTcA0cy4k+gcga3ke6PmBo44Ay44A3dwIDqbhIfbyAbccAjHHCLQ7J+3xANcy4i9AZTMQHWkCQ+AZJwHXHACbr90J2pJNwDVxzUBqmCkECE8uJW6nQ1PKPgVuhieUfAoo3cLwgEAjQCEzGC1MzV4JeTdhNFnUyLXnrDJuwsFjTcCkVeR7o+ZGw4HyZ2zNjl1TDzlJRpaPQSzu9UTyzFJz7hKJNlZ3U5JjClOjeyrKjO702ORl5HcGdrfQ3g0Ze3oGoA5YE5nwKwG4BonlxA0dAZAHLAy6lrLBqVhFYbAHAIAHAYcy4gMOgDvZcQBXB4GzY0CU8uJjZ2AG7yO4DxuWBFYxZx74+RIGcTAGcSIaGbOHfDyAcsvvUA25lDwDj0yHbLmXEACy+9QDVnDeARZw3mdnblg0s4byORglY0Ty4mfxb4nZK4mmBY5NWnMseohK80Tii7COxHzti56Woiduzqlv8toGevSUHG2dWaeq/JhXjrGuqHXepRKHrOOTlxxyOnvYgc8qVNNPrjoc1G3dHWmq94E6jgZTSlGuOdeNtQ9D8n5OjNeqLxNUzHvTk7SRKyvUjPWKOyG1mMuljNOkU672QMaUDO3dYWKo679aVrELOqoS7A0q27WqTh57WoVUTrXEraFTnU52LMLFGccK2tDuOG1wrM57Tm9L6gXHCUK45lDwIqDV5v9AgI3kKA28hQ05lxHocOA25lxCPQTah0k1Zx74+Q4CcTAiHFABDoEuOGxWrbim2dJYznW1NkCVZtNsyCBTjmsAFwBsDCmZEBJIYccA0vI90fMB5NwBwAm8h3Q8ydgfNasM5nwMnqwy44QMAD9b8ABHMoeBHodTzj4iA4kDN5kUAt5Eeg2TdhMB7iZIjU3NsIFgTT2MkAt5AScnc7wGm+uR8QDUysSKmRl9WNW8zc4pKZggizjuM7sQooUg5RQ6BqecfE4nY1bUNyGlnDvh5GFLc3je0iZOFGDU0zt2KTzj4lfjgYm4bkLCm4QLFJ3DtQnU3NQEgm4b2Y5ebHr/wDMxulKqWpbMlB3D/HWKTprQ71hHyhHWndB0ks71bhbiJz0loNZ6DzXSpJO702MqRSd1AGXkdwBAGroGwAroDIGr2XEDR7PgWBg0Kwzv60DJ/xWGnsuJAeAjwEA5eR3ACugYcy4hoDBnNgaugClgQDhWBzOPH4CLFjezj3x8i3hWEO1hFawrPd6gDgNOJAM2cN4G4GlnDeBiz3eoOTYZztnDed8jBQNbL71EbFhuy+9RSuyipLJb0hEmrjJqLPGbnVcL8PU3ndBZInNo9FOpRSS0CKJgbMcuxFkkkd25545aK84Y1YnYX0ZHTw9k5ktXXHirGXH5Rz39ma5HdridS1K3WPRek+ON1EU3hrUs4ycIymV3vA7k0uu9DcDtVI9t8m7kdUz7cdA47Em1VJHtalqISpZLQWRO6oWK+hvOmcI66WMvaGdd1GNcj3dtzK1ivupJENSr1TY6zhpUCdO7YY3Si1RkcRepc6vNZyvqtOErUG44drATiRa7V9zWnArcK85rcLAC4nZkAckNOJlYZbUOwrSACtIAaWce+Pkc8Aa0gdBltQgRDhEAqimtskbt5G5wik+t8SKqNN5lrioO0iEBW8gBgHAG7OG8gOEgNtveVuQl3A65dDk8+B0DQM3cAHU3NQDLmXEBsrVhm8zurCUzEDDnW+Io3UzEBN5v9CQPeb/AEOeA24T/YfUzEBpICtLNzIgWFNzY9ZIiJx2eBF6B1NORbJBziesDAEqpkYfVjDmXEuGVMin0HnIIUULEDU0wCk0zhLJvCs4bzOcnLPd6hWdtIHHLhub0Nr371mTHenLyPdHzKuHKQTcNS9OpuWZ0zrLJpyFa0JuFjk4HTnOJifeWMlcuvHE2wh0zBms7F3QRvTYR7fwVrVOCeg242150eiaInd6kds0WtJ02MopJ3X0wAkEndfTADF5DeBo67q6YgagM3v3rLBqVhxzPgAGaAw66VhorDgEeAU9lxAFAHcz4BPgV0L2oZyAbcz4ANgNgNgNhoePwCCtWbLFhsK2rmUPALGoDYDYGtl96gFZfeoDFnDeHOVizjuCvg24mZ3JAIDay+9Rq0amFoSiaZlWLth7RbrjmghfGC1rensEMO+ZU9A9rMCUfj3jAlRKWnKpHp2vE2NXKRdejp4pvDF1ryHivWU5qZ3TxddNGNVcjqVtPtiS4V1ypYJwMVuKtSdBVjWTblnJTdK5lr3VySsFsW6pd0DbSJdbjJJX0OwEwf8AgmS6CL36cWqXRnepEs4W8juM7OV5HcBFuZ8CtoVSduu/JENSP5kdcT214lHio1OlZfPHntbnVTzrmb35obulBnU6ccMSVZcdczCVRnM5cOFiG55b3+YC56gAK6ldgQTiZ2sRzeZzU0Ia0GbOPfHyPPd8n00zY4OczR3eQTlOJycrThpyTl7lGNqADuJgR7ahAjVOuQ8SJ1Q3OOzxFEIXs5hzbImhWbbULBX3HAGgHAHW8gGgzoxzKHgYr0svTc9FW2Tzj4lUaB7jhI0vI90fMDKbgGG2ytDF3ArctW8ytAJNzUalhpvIeh5TMmAi7iNDV5Huj5gDOOAEpuAFJuEggAtNwBh3qen8AG6Cz4kRMTreRI0vI90fMISKjYSJCDYDibgSk08+Bkji9JBTMeIjJDsQWB5POPiQHjarNmMNuZcQ68DmhcMTcMqs8nnHxOfHCaTc2M2oWSmXIQyMTuJ9Ny8NjntOpliiIOs5PeJljPY4dUybibZoWUzTLjibmgjqM6l7A5MVaRh7WgvYmxne2sOnUnk9Aeg83te0cuJsZUokARfQ3gOI5cQNXM+ADZYGwEWBxzPgZwGWBh39WBx6BiAQBHgEuZcQ0AgrNhWbAbAbAbs47gGXQGQEWLCNCx5Hs47jGGXQG7371gN3v3rA1AQCAQCAHAQG1l96jrWdrZ7vU5CM4HAIA2STvPcFbSvUlw9i6eTqzh1jCCl3E3dBelL03fL2ykmuJz6POXKkkt6np3XTFO2qvBuLE3pqmuhs1u6814lYlpue/gmZ3p2uRtzeM2bOd1zXS8G8EFK+c2x0vYpNe3+T9yccMqOjoI+1MF4mJfJI9nYQVRRNL7EmehXnu5UtVPPaWo7ZxDqRQ89FOpa+iIArqVkVtCFey4nMap2EdskuukisVvVKSOT5w03I55VFaJR6Ct6GufVPU6c6Dm1RpzU6ZjdagHJxe5BGq85tkCXSKcT1ECHc2MrWBbzf6ANuOARbgAN5Huj5la/kUaEj00i5Wk7OPfHyMKxizh3w8ixnBuJmhYDcTOxHOJgRzimyARkmT2zT6zoRtSp7YXq0CVqzKvabHE7OtqAVlvIINppgPhnBNtkglMxLEc3maAwWLD6mYDoDYDqmQGreZFGbzf6FCs244HQTqfgX9Omt3EBJuEBy7iSMkgdxM5DqmQ9ByefAmA5TIkbXcQNlMgHqaTin06wDnHNQALeYEgm4YFiXUT1FjOeIGFFCRIp5cSb2D1MyPExkhAhRQ4aByecfE78UNSxDRvI4deh3HCHRu7gdbQ6m4cghNwlwlU03DahaE0zC7T6eUfA2OZ2m08uJ3VfiRcTvEyXDi2MdNWbl4EVz1Ny0LGZ6AwArOyjoI/7A2Vne4cE8Q7xPQa4noPNd1kj16TjKsKRrBVnHcBvYx3AaOZ8AGwGwMPZ8DuDS8juJA5YGns+BWNHM+BWHAI8DZ0LAoWEFZsKzYDYDbruoBp1IBgBAI2NDyOYwy4mA04kA0A4A3Z7vUDNnDeBuA2A3Z7vUBAOBWQWNHEyFZqzjuJ4VkGhN0uleu6Axp7rsGHck7Tz2jp2mSUtsN7YGNeFxExSdpdNjYOrmGRqteOuUJjXWr6mnvY8CuRvtteEMcK/czi6VNdrgdRtxbbNVdVGKKFUi5dKbr2pEupvGva8yWx6f5OlMYl4ge1q9mdmZxNr3nhHyeZ3TKegede9+egwSY9I4dI2SdiFCaLGc3ep90fIxiAnc7sitoc/neIrvyRijYptT4hOZROGhVnaodd64VtCuVO73AUidJOZHWoxBOJ6zlej3E9ZIqbjhrcldxMiWjiabhCEW5JfowIXqZW0Ck0rwCvOpwTc6SteJTN/rhOppmBYmE0wCrSIwAuJgAOJ956DlFOJhyj3E9j6CVCETTtHOkhejJv1zibHFVdvMsZ60TB43bzBVadCDIGW8gIxzOHiRRJJmRWiG8jYrJPKPgR60DlMzqdqP6OuZcTm9LwZIITAccy4kXoAuZw8RRqcAdw68DKbglAd5Huj5kbQao2SCToIBsAxPLiQDCQ4BunnwAdTKwQZ1hssBCbhoVrOl1SJgWBlOt8Cz1nGqKAHJ5R8B6H08uIDqeUfAJ9FJpkOxNnDeNrnKRY5DuOFawDeR7o+ZxtWNbzf6FnI1TcKxMKKXZYokWODicoUNndQOk7d5EgXmTSYJkTCaaYSkLyO4sUbFPxMppNtTbIBzY4ROKaTTc2MsZl1wbctHbO9NiI9y8npy8U0B1WB6kojI3Mvi1o5cQnwWnlxNU7Z/BZ04COZcQNLGG8B4xgNzPga6By0bWMN5WBXM+BPgbcz4EBwAV7LiWDUrA4WNLyG8LAwZzgDDmXEBpzPgAOA4AOZwj1Gh5LTMYFdAacTAVnDeA7ZfeoOdrUOiATmfAOPA4dnbOG8BuzhvAwBtZfeoDezhvAbs4bwM2X3qK2hZcPE9t0BnUvRmFqSbrugPHWa6666kkl1A8x6rhGPVUJJyXT6jpFeC+VTi0osrZQeKHq2vEuK1S/ErmuBoabyqNpAhzyH6p4HPSFlw3k7bjnUjRGOPobyY8Mo+17SNn+gKazR75wtkjrsl2182VndGkiVikSzo+duWWYZ1bdd19MTOI91K966VPRVadJJJEihVOkk5tp57WqM62IraEM5lxEFeccTyAiXHEwvQ7ieoIV1yTBCLckwQinE3CtoYu3FEwhGtqXoSZTTcUcyLHXSInCeovdCk0wJhTIyLE6kV3sFWcdxPAacTABcSN7lFuJBCNcTJZ0M4naOHPS9WpynE1q1ZtIlyg6pseQPQLjmoIV5xwDADbmXEi9CHJE4mY1aIbyNis+mVuxaefAtjmMuZcTm9L0QpkR6DzoIDRzKHgRQy3mcOb0EcOvHRs5VhyxY3UzOIJEhWcCwwpkdegtPLiSDE8uInQcJDaeXEidCUJArmcPE59DSmR0Czz1ixp9U4HoOb03Tzj4mNSkgHVMg7g8OCAMTy4hYPUzHjiE3mPCgHCzx2jzQsDWkSEcJWUKRycM8cxJdux6jnxwkJMnZ7a6XuVg+Mk0+pmd3olOpnHAlLJzhw2ONWJNwsUK3X/VIGxy87VJUnNDZYy1N0FXu2a9YTK9h8mPE6KUdB2G+vOj3NhbVKU7SOHTpKPU+BYyzsabGU2AO5nwAQCADAbNisryO4p2LDZyG3M+BWHAAns+BsVmDOsDlbQbCs267rCtm8hvA3AFdA1ADDQcLFZGhY8lmdnIrCAesvvUTtAriYDZ2sIrVm7Pd6krCICs47gsa2X3qAxZw3gJPLiBuAgN09bkDDzjXxqy0Uk7F3QazHUvRWFqVkYK2LViLW8ZIlt3/4EHhrlb8pBRZTTpwgVfMb7XzyxXxXdrFzpe6Tjpqt1zk4dtdmK2g6nTkZxkd4qx3DASjtfQkkUMs7e8cFaYdjHQav0BdWJ7DwfSgmnoL06rz3SLKNlqLGdATuCSXXgK+7zIBAOumduU+dJOumZcgJ1S7pw0KnU9Lu9hW0K85JTGKq7S7pt0QLkmcIXgXE9YQjHEw6MuJ6w4RbiZWvQriYEXZw3gN3m/0AGccNa0wYHYxPLiBOqZEwSqRvRArhB6jyhIGcuGcRjjpvVoRty8cNqFcqVMOaryim2FjPAzeYKr7jgQAAQCb6nHwAjE8o+BHok0zIrRjmUPAi9F6HKKQTUJAKbm2dAQOcU2PpNrhEJnHjQMcHg3u4kjJwrMOZQ8DNei9E5lDwF6L0CcL6BEutxM0cjpR1ziXuhpoVi7SJjWBk0zWsPWcN4DiZIIA2TTA2Aw5nwASefAj0Pude0HiSLMmE+CVMgn1uY3LdRs4WJFPLidno1TIIgxTI4qT5vZ2rmcPEx+JBuZw8TWu8aWkTgZUUMiRCbhcrHJuKKKGtWFbnF4MyjZNwxJT8n7fA2VCxyZzWaxak3NRnUAKmTu1NODt52xVpttNwzqLqpU23ZtnqOnccGsWLFzWbEy494cm3GpOcRsr4sYnqnDuqbxIM6ypO6z0HliA0BwzkAYAG5nwADNAbs93qc4EUgV7LiA8AK9lxLAO6lrKwyAw5lxOb2BXs+BVBoXhXm/0DQbCs2WBBYRYEWDytZx74+Rk4Z2h2CCsIAVxPV2nQZOhmzhvOeQ3Zw3jkMWX3qOWg8FbWy+9QdbWtnHcHRAZs4bzjKNypYPphO9czKavX+l0k73QQSMXKXccO0rNIw2yNjj3KvxCdk3tMQg+cRofNjlFVk247rvTmNlrzPN24ON6cpa6aTTuytaOk9N3hYqx03DaTqJt7YWKZ29XYLuJpp6BJJEz1men8IJLex0DrpNUR6gohFJJHQajt58FTudupdRLGZWnb12ACsrLroEe7O0kip6SEdnaWoxulXnTpw0K27eulbQiXJK6Y04gnKYcL3WIVySlDhUJzJjQ0IBxOzC0M5nwB4hm8wVDOOauwIQLjgSjHHAgNeb/Q18rBKbhQsHp5cSgHpuECTvNj/wDckMOObHoNR2NXHNjKxXXHTerC3cCRHOdb4mw9QlSf+QcVXk8uJNV+I6pP/M7cfXaAcDlHgIBN9Tj4ABgSCihjVo2cJ94El8kBX0+ukXsWCzvKaN/GOPEQnlHwME6dzpup1OHgaXc7rRPKPgd+pSZkVgz0FZlrsMt9TewJcgyl10wzt36k009s6DoHhIhMBi0gaHbez3epYk4AgEA4A24A2nlxInQk1MyRMKNhJ5RsyKjt5Huj5kBxRzWctCVUzI9EonnwAKUyIo2vI7jYo4ZcLfUGLOHfDyIXctyt0GvI7jID00yxQGcTASaYEommdg9PYzShMJuECzSZwsUD3NsiBzTFmmugsZnJXJOmaFg6mnLNwJ16T5P+Jrkld0ESxie+8EsX0pynoIRNjO7Kltv/AKFry0m5nwNYQCAHNisitYbKw2AnM+BWBXsuIDwAjmXEBoBhzLiAM5nwACez4GSBg1ggNBsM5ssaCLAgGzOPLTiRLO2s4bxlG5AQGjmXEm9jcgIBqzj3x8ieAxZx3DgYs498fIcJaHbs9Zfeo42qzJCwitYVnHcZ3W0TJUnHXdRkdO+4JYd3u2vGKusdkdkiUkRvinuvSeHeXHWiUfb06V8efI9G9vmritWN43pzT1Gi9qAnJnG8ihsk1a6aoFNPbHYlio85XtNSfY1CzYo1L0A5eOXjh3FMezOThRbs5T6iY64e18EqJd16C9LKwx15LUkl0kspOpXvREBqy9rvCQjqWoCsu0t3la9F+3S0TL+f0s+AblE3phaabdpdNKO2mxCLcSSK2hUapstZzOmhzecuQTOWhXZ04BWJy52BzUC44EK844EIJxwOkO44S6R7mfA03oaGFY3TcN6tOp5cTAsSAGLyO49Bzy0vIbzHjpu45sfSVipuObYb1ZJuARrje1gQM5cga4rRjjh0IObtkqqr524IBANgDWkSMBymRIGnCZAcTMitGWcO+HkRkMicU/0YN8//AC5/4ohRPUYXR1LqkTXOlga6/dOdpsHFTGbCwy4nrIVgbPd6nC7P+gy3WzZO3KRAPUzMaxksDhYsOFg0Tyj4AbgbWX3qA1AQDYEipkAcm4A+m4ch1RspSeUyKfXaXTcIEum4ATeb/Qjga3ke6PmWK2l5HccLGrbZuQGvN/oMTymE0ztnGppnIKs47ieRiy+9RyHjgOqZFngm00yxCVk/b4BTFmTTCVer+T3imnCLHBalTs3DYrqLMbtdMNZw4m5rvT0GaPZvJixBdRjZOPGxnle38OttT0Gt4secsqTpsZT6efAJ8IsdkFZl7LidTsMnQbLFZGdYbcz4FYQDgA4AbmfAsALpoVmXDGsD2cdwCCw2AgsI0BBWRnVvMFnDeTlGlnDvh5DkakByzjuJ4DZAQDZYGbL71HG0OWX3qJ0PHIHAcAEs4bw0MFYc6795Gd0tuHifzxkrp6Hwu6kec2Nse8ROZKW06ST550j06+W3LAxAcee08YmqNX1eXlj4NcbcvXSprEuJp0aBX6lqW8j0Ola61HKU05UjmgL81hegMHKPpqj46C9MuY4mR7b5Pbl5HYkSarj2Nh11Lbiy9sC0nTKGddsQlHu1SkkkEKg7W7rrutIiRqOpJTp0IEpUtOzE7PfBM8/u+piyJyK9O5K6l0unDS5/VDrqRc3KBOp07eafpDQolTOOwzCKrjjjgQgnHAhGOOBCuOOFjpXZy4VuUQ45rTK1+hU3AgYWORCbhW7Tcn7fEsUwSEGXHNR0BHHLM0rQDk52MwOtV1xwIMXcT0GbQLk4swt3lFttnoM/RpxwIQjeQQjW8wB03AMgIDS0gBuBlzbI6gGgzoxxOH6cxu0vTbexhIJRQDPyRr8WIe82wj0SSvacqhxnSDcDihw7BKdch4mxWPccMbs4nnHxCRqmYGTQsb2kSwZASeXEB69+9YDICAbAPUzAOTcAwVh1TIsSLTcMbtKKNnIlk3CATdxGDLjhYzodxwraGqjmo3uRiecfErnblOJuFDhMp58DZ6g6QCU070rD9nDeZ3fIiz3epscJBNM2CXTTM6hKJ5x8QnxhzbE8geOVYl0106bWHLl7mUPAA2mpxZtljO9FYAVnqd0H/qbGd9D8BK256T0GuJ6DzddTRy4mxylUc+BFBJIDDOHLA2WBsBwzgdzPgA4AHeb/AEAevobwAQB3UiwDOJFY0s47gGXsuITAoXn7GO4DQsVkWBGdW8xlgbKwYAI7+rA6/wCQaOggGwGytoOFjOcKw1Ze13k7EtCHZsLDdnu9QCU0zG6XfDxLYtAYK1PROD0k9TxlrmfLAc5lU08P4czx7V6fL7lFVM47OtOa40/VcNrGvnJRGyUgcLLVQcnDjeZWt2nE8+AItdMuRT6miWKnoXAHDNys3eeHDu1X8zXuXk8RktLp2Uf05TXmR6Ukj14kdYozUsk7q6YEs3YR13sgEBUqWvYgHpYcpQyQCxNIyRJL5A5q+k7O0kTElATvEVJJLofOMaHMJ1ikk7A5aHM6orVNx0Clzqcp3mn6St6CnVPOUwiq65OUw51V3HIaix2g3HCXaGccL3KDcdvDz3VqHcy4ljnwykVpnacUUuy2RSkE09R2zp6SpgJwCJcc1ELETOXCVavNtlzYAccOXANxwtVIxtskC3cTc41q42EB22wIZxwCOUzIg2ccJG13EgOp5cSQUp1vgAC4Bu5nwJqig3eqQOavGU51TTmOK4HUzNI0LAI4mQsPnCsQVje7iVgA2K0cp145nbQJSjeJ5GScxV2klOqcSUiFe0sGxYsOFgbAcA1vI90fMAS7iRofTzj4kh4AhPLiAReb/Q44D93EzK2FGwHU3DhoTajmskHqNkB8gNuOFiEQ22cJYvN/ob3HA1RsJTybhgdJhNw1KUopmS5TCmZW7qbTTUcyK09pVOTJmxxg9OTJuAFWcdwODtnDeWKeQriYQ5xiWm3rDlxupU3E3NPsRYzo1NwDpuE9S8z1LoOg6rO96cm3F3+THQHr2YzPVlLVQk4a3K3o5cTPXnDjYI57PgBoAy6WBkrGjv6sDYrMOmWLDN5HccjW+hvAFAcA2vfvWAK5nwATmfAARzLiAMAgEWLDYVnCseYywPppHAadE7DJ2GzQrOANmNYRsaCM6sitW1cyh4E+jUhYbCxo5lxAKS+iMDW6phbRLs79wYmqO62X5WUveu/tzxe13UeEuXdyhXpj7Wu/K5G76r59Yr4lOThzTwLnoWuXt7WHPppRQrWpNOmnAmR02gk6bpv3DbjpcyzI7TQGIDradmmZVcr1byUaJnU79q9cLawzXrySJWSegSOlHiWS1OkqRickOlA5JI6VpUrXoid33ySBzw1qBVMknjvvzHEuezqSzlPOJy0OZzlJxL54raFInPXIeBEaFSnOrX144XXpXJy4EIJxw4Xoi8hvLxFzlwzipuTkOdQzjlmEWmeed5sQym4Y0ugSdO8TPQZ+x7ieszqhyefAraAjmUPACHcdO0K7UzkMjgqruNmpaBcbNKsA5ODSoDtt3YQ0u4gaXkN4DbjgEG4mABeQ7oeZHIze/esjUkm4TKgem4diRprrpqALnW+IRDjh47gI4nseuBoA9H9U05YrPp5cTidLDiZ2sAuZw8Tn0bFKs831TiaarDKN7zMsN3cCsMI/1xY6+WyfUiqdOZ0kZPlwJB6igCNCwiwIBAZbyAh3MoeBHoMTcJBYBCZEDhwM3cDOrNJuFa8Wo2WCWUbISm03DkEEAZvM69Ee3mdwBt5mtxSUbAn5Q2ExPpuGRUnk3DYhOydwgSSbhS6SybhS6SKbhe5SN5Duh5lmORqecfEtU+E4mBQK/T2PThFeX6+rKpVHNPGKRYzK+nXifzgF0pupNs0Dijpv8Zns/kyTnnlTQQvjRUR7RwSdccTJUu1yW9sSx5aSvIbzYB3f1YANANgNlg1dNCsG9lxM6wCVhwBsBOZ8AGXQGnMuIDQDL2XEDUBsBAIBAearOPfHyJ4DB2EA2AiwNlisitYQCKw2A2VtAgM7DmcPEL7/APkrODkQlaKXpdLrjp571HdcLEkkvcOpGKupEdypK25lkvTA8ORtr5Qcr3Fm+9rTx7TVOGn6rzC23dmJ7BpRTcBMpqKRPQCccc+TMam2rxhpQLlSN6C8d9wWKpNeusCcJMPlY3s7fM7NJHtjANKSpJWUkiWVhjpiZ1GeJtJLYug6ZUoj1EsZ0innwAV7ZFbShJ3VNlA5k5afVAqit3U/f2JgxqcgqjEOduFGL7VHnNTuRT1Gd1VCqhyEIGhdVWnLkcwvqnuOuZmxarjjjh56UO444pmb1aIccMghZy5ErTUG44akA7uB3tNStNF7z3T6Z6ocRqiXs93qRwnISblmSAXHNYQgpy5ZkIUycOBdVWcc2zpNjgE23vOVaObzLlbe8swNbzf6Ab3kdwDbjgALjgEEVrCAdUyOvVY5TMmCXprrptDc361wK72j003kVf2m9AW8yujenNjKorPNqbikDKN7zQ6CXm/0OuHQc5Em31PT+J3ehEXm/wBDnYAbvaxoPlCn7Y5iG6akLPTncSk5QoZVY02KyDQQDgDYGjjgEW5lDwI9CTyj4D0TFpAkbplYIMawO4bFYMxglTI9ATKbmozrE0o2UiUTy4keBOZcR4IlrsO/BHuZw8TQ4vZkIbpuQUgZFixqOay1wsabmxnSFhplzvO64TybhahMJ58Ci9O52lkipKZTTAMs498fI15GcQ5noPErvTOrNaJ3iRw0PM+JVBRbc08NRYyVxapKDs2zY5SVNttqdoS9Z8k/EtxH2tDed5tvbNOn0bwFxRSbT1azWoegJJO0p2WMog2MpANgIBsBARz2fAAABwBAaugR7oGoDYAYaDgZyAQDgDYHm8NBABljOfczh4nHgZs4by7kYs47iQisDmhWRnWNrL71HG0Ky+9Q2jUhoIA9NMztCdpdy82Iztj0JhYlZJa3TxqscT5c1UQTV055s7el9PkryiW7xzoL2/6ctNC82Bm9b7jz1iTk84suwsUa6rQM4bchoIliuPVmBEmg7HbTOzPduCMlSkkk2IsrFOltU68dfPTN8rAkkdMqbSS19ECVaUsrI7VhZ25Cy6Stp1zSqZ27q1EetPrlGIeIbqbun6DA1OU1PiE72IlbQprtbOuk4jVYnU6K2pVpxUxW1q5zzDf5nbjUS5OSt2rzjharVtxwhUgqkch2m1wr7bbmQAvPG6BVwt1a6Pm5pYnYaac2MraoPccAjXHDa5RjjgFYqWc7yvEVU3HC5yrTbe2BAe8juAYTcAaccOU1omdIOp5R8ABW8yKHbzf6EiGbzK13jIcnU0ztWOUzEFhppyzbNpDU3T2u8AYK1YOzhvM6xuooY1bQ0AZtvedOkYcuiAmE9sT0+ssFebzOKIhvrfEinqyppnYKUUOEJFRSzM7gjQEmWO62s498fIJEuJgCARzjm2EBtxMUMqZEeicTcOhuAYBGuOEAS8juOND6bh0JFNw6FiUbMKxNp5cSPA244BENtlwjnC1WEccLAIm5qAnJO53AWeUNmcWWTuHDhPJuGhCdTcOxMpuayh2nE5yXuU4m5emN2K+SLGcK4nzymd+s7zvjlTTijmnNqtwWbzi0c014ADqvNrA6rg9Ulo5oFDY5le8eTBWl2nqNN7ZXsTDudu2Zewr2k6bGUfe/esDUBsBAMugAuAa2MN4Gtnu9QNLKKUAGnXQAXQNQBwBw0CAzkA2AgEB5rK3oEWM5sKzZYrI0KzrmXEraGLOO4436DFnDeV5VbCaZ0ESHCsP2ce+PkTwNXMuJiafDQQueF8lvXCp6j0ck7zJJNAeH3Wx4X5d2Lqcw0mnSvsjiRv8Aqvm5iW3duFbTVVCxHmhYcK1jazj3x8jOoyuq4NpuatBH/wDBYrj2fyb0r17piWMny9u4d9S0CRnZIu6SWrogdds3azSI6ZU2jnwCb20d2IxuwLruxFbQotVQRSSOY0OJ4hOpXunidDkdUOJuZFT0FDnLiacSUVUpzOUytapU5cAh7371gRbjmoAJxwCCcy4mhWi6j7DVWdUG8im9r/7QLjm2dBvcJymnOjQEjslNTjZNAYFkTfxKQ6/ZFOTg3OUE5OCUahZw33koVducdocoJxwAFxwgNXv3rI1INts5XJJNw6UjDpAZzPgAwACptZWv9HKKBJyz3epKnlupmdRyklMjudAq8g5E5GjiZIDIG6mZnVtm8isDuJmxYj7OHfDyIA7eRHoJk7hMEW5nDxIvYilFNZyLInlHwO/QcpmIDU0yAO5lxJvQfUzJG6ecfEB1vMAQCJb63wI9DrimyDwJNMApTIkPgbOgCuEXoRl3AjkPJuEg1NwkWNNwwLE2o5rJGjbZ0B28zX64qNbyJQg3HAEm4BKpuawJ5NwJTsobMDtalGzUpTabhc5TaeXEp9T4NSKHafkzkTY4TCbhlSsZ0pcnxoT6dPqRA8w17Ryjbes2KrNUhxRuTt2YRVlw2cio4bHL2ryS6zSReszV9Mvy99YduJOp6AuZXU0kv2ET0GMUGcQAGA4A09nwAYAbs47gEAw7+rADV7PgAA4AOAO5nwAQBgDYDYaA4VkFbzWVvQIsZ21l96gNTQEA4AOZw2bGMjOsIrDYBBnCK2hlJIOnUsE+vQ8Sq9PSXLlEVs7JpLsR4cjY+XXKzrNx5/TxiYG76eS5u30mhqCXkO6HmVrQamQQfK1h9PPgWOI6zg2nteg1liudve/J6dopJTpnxYyzHrbC3bUtA4ZqxrwnlxO/+TNO1hRy4nTNUqjnwBe2rrutI4alFqmqUkkiZBxnFHERx2OxQMLXa4pOq1cd+eK1yhzmc2YXWqdOZzehCuOOauwrXoFwCJczh4m31x6BcTIEY3kR6hBt5HXgjnc9P4G9HisuJnLhTpypZ7YTQqbqSzIlHWKbrGNnoDrHUqXbqTsIxNoFypO0lG8oZypOwI1HuVKmEKs23egQ95v9DjYFeb/QbAzeR7o+Y5GFc+JzOl8SymZ36pqROkBwBHMoeBx4moxRvU2c+rU0mS6GKKXpYzm3EwCk0wHFOt8AJZxO8Oqp7CNqFLsPaQM6CbyN3riA28jir6GJDLiZABUbsiAnE9k04sEbKFCIJ9TI6B6eXEToTqmRICcTA0cTAVnDvh5AauZ8AGW8gIhvrfAj0SaepyJIbcTAynnHxAeTA2s498fIBlvqcfACLABuv3SrYv2C03CxQnFGyh2sabhSkS3kPQy3mbnFQbjloEKy5UvSc6Bry8iOaJxNw6FlptRwJi0KZGd1O1lTcOFKeTcNiEwm4QJVNwxrEqm5qLBMSZw5rlaE3NjOlKu4gyZOcp6eIHl+vab5nc1GxW59UqijgRQKmyOdJscO/YBVlFJ0sVSvo7ya6odcU6Im29vPj0fJHdRvZEqGcgGwHANHMuIDQCAGez4AMXm/0AQES6BqA2AgHACABHMuJN7XXsMa3QgxjzOAgEAiwEFYQAbiZsckY1Jmy+9RO0bHYbK2gixnOpJHntQ9KSuuO9QB07PgjRNnG+dK2pWuV7VFmpZQPD+eXqPlPyoa/vHbSJVHpfTzu23dlfaztteb/Qobm93E64Vn7yPdHzOnG0So3vJcjZPUtSqOaBNMuZHtXkS4fTmqPa55buDquPl9K8LZJZSTQGWs0XdJI7ZUrZ7vU6UYV7ZHLQha3qmCSYhy5NVE6vff6nzK0uP4hVOmmZ2hyqppztgX2qm5eOdoQh3JMEItxMIRbknNK9COJm5wiHM4eJHgim8jDBAttmtWjW8i116g2+ohF7VCpVNxFQrJwJWnKjcUj0HoOJcXdOsYOJmN2Tk47AIVycHeiBcnBVojm2zc4Rd3Dviee75PNthDdRsCUTJiUupmdQSyaZIacTAHAhbTaytf6lE84+J3FCYSJGziYBADPU/EApNwA61/eCcoGzhvI/0gM4mSBnEwBm8gN007xO8AjXEyLABHLTeJHgUoy4jwWGzhvJyB1NPbOgkTYATfXI+IGXMuIGqaesDRvMCMcc2wBdcAOTT1gMN5gMJuAEqZAHgQ83z4EXoRLjmogRTbZXauJRsSiYTnNnA71VqzJzjtO0CHJwdKdJypegGqZWNS6sjz7cdKzdtt5nKMTEnTuzbFq100nE7gt0p6oExKKNmcTKbhWhKpuGhWNTcLhPpzgqEwm4Vu05JnIkJWNNz9hrKxmp3NjLGd55xjgooHNcWnCZsV0Eo2bHLrOCLe29BsH0f5Irl4oW3t5UerJI7DsN7Imkc+ADoZzgDgA4A4CAFdS19EQGQBns+AAjgDYA7mfABwBwDVHLiBq5nwOr0t8DlzsiwedzGBwCANbL71Ab2cN4G4DhsAYYzdnHcZ+FhGhW0s4bzO1ZWCt0OkqUL045Su8knaclMTWuSdU3qewkY0PP8Ayx6ndUV0+t48KPUtfKrFZxxypNPeHDTe1Cu4FW1bywXNx68j3R8yng2CjUrMXcVDGrdNwDk6c4qTQaki/qMk7fTPkbyZOTUxrMifl63ol29S0EYxO6wrQn107jP6m76O4jEcIqdu9xP/ANQ5tiLO9ZgkanHa2qjXHT7ccNDkk5cvSGhXXROkToA4mShEOZ8CIjxCum1CEccNSxWqlcO4zqu5ODGlDOOGp2Acc1FitGOOBCNccNK1XXEzKoVZtTazlBlvOPgbkG+drMaaK+JSlZoZypekJAXX7p3sDbbZIim2zzrXZXUe6I2HKSUbJFhTJqU4mmdCWSJG1nu9QNbL71ACWkSEtLPd6koHqZkUGpuEhuz3eoGLOO4BJpgSSigDzagSDbUCAFnu9QItzYwJOmk9j04DTiexgQdn+31EBqmk9sIgsNl96joL5kCXtIBJtxTbOkIJxMBnqniAIBFOJ3bfSR6JRNMkEWcdwAzoEaATeQ7oeYBieUfADRxPUBVXDi9CHcK70tgK7iQYJUbLFKaTcLUnnHCa5Bt1H3nJqtXbbbZWlYlFA5WKmk4HcdrCmSJFPKPgE+pRRszpSabhy5SCbhCtKJuF4lk3DsGJuHQmZO4Yna50y5ee4NjmJ5xPYyxQ4Vj9Rt3G8TMZY8/zjY9jcNjhWpv/AAgcrRg/Ujibmu+PYcx9LORBWifsq6nXiysce6JN1KBsZvpII5cSxlPBnEAIBsAcBpHPgBh7LiAI4kAIAO6lqA0s4bwGnCwN2cdxWCLPd6gNgOBoBmgIsHnhzLiYwMA8kXeDdPLicejc4CARYGwFZx3Fbjhiy9rvOt+U/wDqasvvUTw6auJnAdTy4lbQKTvXHAOhUsk5Zajz3qPMHLgqbX7VlqPmfltr5oYlObZpjR9L1Xu4d8TPrblOnTttdfunG13y1vN/odcqDim1kzkdiwD2NvQOBZ88PdnJhrRxx6z1ltZo9yYWyRyCWgKa8xeEktfRA76ZiddskghVJ3VWsxunJqoqjnv36Jy1a45Wrll2lcXKa5tgXteZYEaaCcT1EisVNsYc1T3HD1natzhwscVTJy5qNSFddMviqopts6Sj22zYrDuOGNWjHHAgC22a1qEaz4kUvSPbyOmdANt6wAW2ytaLUbLBrdwKz/QFtsOwt5Duh5le1Y3k7l7DI8/5sqxbVFCxCfk6Z1ErKmmdAxNMAy0gAzZx3ADWce+PkAzZw3gOqZFYfM6w8nnHxNDidjLX94sMpWv7wMpKOawhJJh14bbUCEY5scQhGubXACSTT2MAZRS8AiHE7NzT6wMU0nZkQTreRIBTT2wCwKKBImz3eoTwTcnvAixEThS0gCgbOO4IOJ00Ae5ZqQyAiLyDYAriYA1nu9QHE8uJE6E6mnZkhOJ6wKi2nH9OQKy3kcFRLbYQeUbNMqRKk2tC9Ww3UZGmmLr90f7Diil22PRZk0zEsSqmRo9Euo2ciUUb3lYkU3Cl0k7zf6FLlIqNhykU3DsSamRorkenlxJ8Ewm4BZ6Zc1ZFYt97sf8A7latWayUUnKdmbHNx5b5Q9AtpPXaZqnTuzlwFur26cbtHDpm1ZMOK7Tbb1gl17N5LdfupO9dN1UR9N8E8RLyS6BJ03POdNSdvixnSKYZxSQGrrusBsAcAVIsGzmfA0KwzrpjWBXXUvrwBb1H/EIgYvfvWAzeR3GxWMMawgNLOG8yZQC9nwNbQYAcNg88OJGMauJFwwkXOaeMbogEWBw0BhxIxjcBAIAez3eoBSaV66BZKYpeLnXYmGvQXJxLmSS6c81vx4L5c9ZWj+njqMU6X/TwRWLd45p9XYVVqV4ytggNDRtQvsGDSrEJmNW6XhRUiajeghrDv5r6PchCir7SaB5w0V5/y90ySySSsTG4SbrtmT2zoCdVR3HUg5rW07Mg57OpzzIlp3dRW0OZzlznly8IaEUm4duT16p3HLpGOJnTM59WbhcsqqOOJpliVTqVzuNsxWplTTnUa1isOTkzKtVqcNkVzUY3ODcqRjdRgAfEcNwdaXxF+8bGbQTdRxAabb1BCNbbAh3ABysY543RM2x3tBNtnC0Em3tZTLy0LpQdN6oatZj+PnI7XJOTlmJTSaZ0JdNMA9NMAlMJ8P2kQYjXEwhFASiYDtpA54BFpA6SeUUANs93qAk0wC7SJ3ynI3tNkODOEa5TbjYRitOJtqQCE0opsgS0UU2sINOU106gCpNJgJtum+wOsRrdN2jl2EYklJP2BLLah0DrOFmanKvzhO7yMvCbyi1E3MjlB1tS1CUG444EHVMwCbPd6gAuJ6gFJ0+4Cy2kQkC2oEKrOExRUZuocUQjWXA5oDvI90fM2LGW2xagweioSqmRigmFFCwWFRs4dJBXtOP6cpJRQh2kVMjOlIJ5R8Cj134NV7TP4lLJlscxKKNlTpJJuazV0o7SCbhcgWm4BY6acj3GJ3F4+SLFCi1nU3MznTE2OLVHr5xSsk9McRe8a4v043J6k08CfpksyoShNjbOfnhD1nyaqyTk060MHD0Ezt9WsB50nOqY0Fkb6xOzJIupR0B6Ly1gTDOkkcuJYNgGysNgR17BKIFFxe5StFYYJ3jjxsVvGvKA/F4ltIu2UigvqA8yVL+ODXr3VPaJwMyf8Zuu/Z/5wwdGo78YmatddIHX6N/Ffp+bx272VwOnUx+ItQE4jtri4FxS5ZOHzvzq5jbFpT5Q9MOx1xeAkUsUZK71J81uR6U6Sc+fAkEnb4jo6cIMrozZfeosGLOG8DACKwgHAHAGzQEVhsBwrBKSe2dBW0LZJdiMVbBNbTqzkunPEbHzL5ctTQdrTWXx6X128lNtxcbPLagtpEkZLFhwLGqecfEE6FGcXrAOgnJzWSN5+xL5MY/mcvrXyQ1EqYU0CSX05NPnh6OSnVkZ2MVz067mds6s1S66lHTwMcHL51OttJTXN61nV788Vr3Pp1WqSZ1IjSkrl7kXOtS15HcWO0LOnLJMDk1Zzly91gVFxy8PQVqtUrn8aa44qkzdvuNjlANtqfWkqFXbqNT60OdQrdRqZ3gQrbdRp/WhCObrxT60AZvEVT602I0F8dJlihv8de19aYtjraXxHdkoB/Ecd5rQf54jvMjrlHNtla4DeR3HlbGvIlabTbbc6Cr4lra69Talp2lUVrUmmdiTTTAMTTAKUUAKUUCTtnu9QcGm1AIhxMIOpp6gDVE9YSdUUAJTTAkVFCUn00zW5E2cO+HkQHnEyQUmmeQ4VOpFNrNayjabUvFAmH+Z1LwwOmZxTZYzg009RuElDqeh8Cur/Q7ah0D00zW4ANqbWUBptu0KnVoZRS6B2w2oBETfUoEVG2d4ECFFC0OuJl4BgnByOYEoopaGNPQkIAtdgTe1ecTCFRqRPVkTRVW8jT6rRrbeoi0MHps4pXtKxJqZAS6YEwm4VpSqeUfA4/p2mVe0qaJ0kpOZfFPg1PKPgT4uFlAOUc1FjpIqNmRSlk3DtKRTcL0CU8+B16LJTTkLwxO5q9J6nYhLmOMl4nE9BjckbqSKhsWKBjAqpN1dZWvrjtpaNnGY4dnwfb1e520vY3025Ftauoq674sY491Us6lO0tBrPQecljYyHLOO42KyAaez4FEWNCocH5SnKUk2GEn0/s+zA2K3yM5dX4gMwqF7+V7U76CR8+cU+UG1ULWqI0UX4+acgQJynKkbjm6SLzTtXN/WAW1TEVtXpvTWJqU4u1H9aBcZRyjqxTyncThoW2Ucs2v049D4F/pv8QHEFLpg/EzM7o9G/iWT5Lrc8iMHUaM/FL0Xsx1O1VED1UY2w2WBFgRWGwEVhFgcKwjQEAisOFYNS/ViUzpoSqTpkbDWKLn+RdPrPNj06+ZXK8bvKz05U9H65eZGs+JVemmmjhBFgQDhnWN1Nq2QzjsmE84UptzQmhklx9FOSK47Ofa0ECbjmPWqZ2w+C03UkuumN25/iJVH7eyMY5JWtagcbrStLM0Jt1ztyp4udBY7WOTVOmWM6VcnKaZsc9KxOazCNUOpqlThA2Obcc4qXEtNRTogEWqBUeMCnabHFrl9R4vavnS/pgVKo8do/Wk7jOo83xo73TRuLEA3jV7P1xH7ROVCt4qezq66d/soyoVzEv2Ydpq1GUC5i17PZAmS0wk8WPYO+WfB/wCZPsfcDn9og4nir7HtdpOpypJOvINtleyt6xK1d3OmQE87xbMGvQSNOqXfYVL3SqPpuCfQYfmY0ujSdNOzMk6WJVPPgSJRTMCQUUCWymQG4dkVqyK1hsDZNPWWOBaaYBqcmBg5OmuksQkFKb7Q7zhK/DUe6BxwlFJpuJOG/tWlXEzEsBuOWhlUdAalk8ZuoVr0VTajibdm4b3Mi1ppnSk/OE9jMLpEpp7J0GlyabyOvWihrPd6jTkcmmEI5zbI6ja4NWd4A7aQAEcTKwG3KLs46Anw5HeVOsbKKFiG1pEscZGbOG8sdG3DGnwNdxBqMccCAzeYFZrJM5oobahssVolvKPidKKGuv3Tdqn/AEfUbOnCXUb3gSKjYSm1LQJSijdoY3Q9RvebFqdUbMbtL3cStoEpuGNI9NM2ISCih5CsamE+Dk84+JHgMTctDchOU05thFF+Tc2PQEJQeJknTnCmRYz15QrFvmhzTwOasqlVhUd32F9rtQrva9Q3kdIwhb6ci9je8ORnUznsv6DV9Qbqpj6N4Iu6k9BEueP0v6TpsZRZYHCsNmxWip27rMax8rfxPcY40lLXvZh36Q2K3xa5QmKns1ZUWqOcSRybpeiQJeSpd5sFnUbtCsSylR2hYCfiL94CQUqP+NMgkVK6AklMRVNYEipXSjYEirVygEupV3cax95DG2EAgEVhsrCAcARYHCwNgNhWIMawSnlxMbu9JCS9eKb/APl6KKxdds6X16zzo9KvmhyonLystPGBhjZ9dvN7bZfWlg5WnAEBo5lDwKr078bKNwVgY+kuqYN005UtYolqr5m19XuS9Jk5NRehil07OW3tRHZknbM67UdI6qJ1sRijtx+tancOnNtccxBrOzicyK7XEayr+9Ok2qq5iUpJ8oBzqLc5Siafv7M9Bm1lPHFycdhsc/sebr7ZOJvZXOqwxU2TogSOQ1fikp84d5jO5pXWLqinTE07Irc0qPGxL2c4nctvSnKqrdfey2bNZsVZuqNeUCWZFtzj2va3HU+bQDdx74GoO3cAGgEpnDwALu4mTK06cvI7jnE7DyTpeuS6c7d1mFpzheqFcbnHkYPrtt/GdxoWnbRSMDJ+W0/519pxQwtUWyTmL12mk09RIlVFAk6mDw4EEFhBWSZWmNnEwNk0ywSiaZndpNRS0KAWnnHxN7Ok1MiI0Dk3CA7ZqOASLlNdJtc2cICcUdeGN0FTUs4WUTgiLnCcE29AZOMFtTUS/QdB6Gs51xP+CIFe6n4HQjPmR/xBblnqNKwNeb/QchpNMqDpcNrOPfHyMTvgw4mbXAVxMAWzjuOeArSJldZCtInakrONmBBTlMIqvOXmohzyIUUIdtHSfXFRM4UvDizV6pVIoooWsFUibNqKHoMyrt1GoaFhj46UUydNmxBz8w1PrYA/aD1MRVC3WBLKYjwMuxYnVMR1PrThdqXUru7CdSKmJBVrdqZUrsx671Op1imYpU6tcnqVM1L1nUcTc8wDE1FDKrSCefAw1PgkO0hJ+uRLGaLqnlxCVfxLqXmdM0yaseYceHIOOXihuvSuuU1E2V1Yq8XLOGo4Fywtb2stin5e3uSDU38mYaAuvLJOn0o5O7rrqmgPReM7Ml+tEMok2DZI2KwrrtkBxTlD8pOisMI6eDbv7AD4bfidcsP2sTpg9LFvqNIB83527eOgbpJajYJhNPUBIgOXm/0AcvN/oA3eb/QBy83+gDt3ABxSb2gBKlRtqAEq120oB+lkxthAIBFY1dKZ0NToIsDhYHAGwEVhwrBKeXErErJUoXuuJ5b3FR5QrlnRWnME7aq+YnKVb/y1piGr6cHbbKLWq0Je/esr2LhN5shOhu7iNG9796yNgzeR3E8joHJ4r1yTVloNtMkuufm5X1q5L06vaL0Lhbe1MdqR6nwDq9IStnbNIzTFFcArWp9XvyXNrguLNZ7ZpyxFeeMS6+c/TwNXSq1ytysXG4ddK92rTKjf1Z6Tz1wlFSKfWnoM6FrvlB0hSGx+y4anGuIVHypIzdvZInWxn1S66m1RNqXaZ3dZ3J5y5Wjf6qJs59Z+EC6k7H5AicJ4CWcN5PJlMWLvdEnhlZ5nc/uwJ2f0HOZvb74eZG0MOJ6jSBbffHyKv3o3CwamlrK7V0mMJJXvRAW4jtOyWl3M4ld5aNWROgWoGHK0/s6Th3QkFGupHn/fzzy3fiuzU6paKE/ltH+fhaVFDA1LJTal4Zo6ixKKHCRNnu9QcHE0wHbSATyVpAHJy0gQchrPd6knAlTIJnaVTTMCRqaZerH2X3qOciMrdNM2OEommcukinnHxJchXIWjhy0J9Ry8T7TYiHXM+AiVdcTMwhnE7xzoOBb5OnsfSQCrNRxPTHTOrzkn/b5E6Kq4naN9J14HE07sqaElzRaJk0RDmcPEI8am1wcMawy4mdIDWkVDpwGcTNA3tImNLSz3eoVGHMoeB2AHM4eIQjHEwhH3cSNpyTeYvZ6iHMuJxelyp1I3shawVymu3LOGuJu+rkZnKqjbb1aaJZbtWxTXHKo7D39rzuADtUu9kBzU4ylWrmUXTuyxRkHJ4nN9sCbsRiRlGKzasMjHfn7jT+q7U5i97MYaDU6RLyjFzpzEa7MUsrRqyp1HdfOnC9ZZRUVoZ1a5yirzQu1d6aqXvdPG4bZVvTqVPK9CUwnUijhLOOUbuwJqmm+8rdxd03Cxy5ByiqlcTUOJwuteeajqTndTpNbu3hz1ts5tcqy45rORZsLW9r1lnyo+e3tPkhubfoNX1BoZZ0+ovJqheqaDpNlefHcU8uJYz3oWbGQjY0KTilO4yWS6d0Mb47/iicpR3RTJ5OM719JsHyPxWrxqrZrp2nAKSBKJlYkkiwHAJPLiBlvIDADYDgCAQDgH6dDG2EAgEVjDv60CsaAI0KzgCCwrOO4rRkIzpEFYIM4sUm6lAzvccs5TziSdGa4HnvS+nzC5RDd5OdOVtH04i4Vu4DK14gsCKw25lxJvYSeXETsXPBKm/iWvkU4GP57czmvs9yUaY5mw+Rj/AA5fVPz06s91PgHU6c7xDnNmmYom3HmTFCc7bpy1kcCr5y89/wBBMcVwmvtr7DVenarqKG9mYm6kEzczdubV1Nm1PfN3h7LG8819WLbVSaoQKMv1NZJOAMmqXW5qiRdhY73hFXVIzdSzbN7INqLDlRva7ICmtUKp9ESzoVukE/owItqUJqdNkawM2omBGOOJ2muIFOnbvZArESxnxKfkP2kSNrTiTTkrjuZU1bi2UzRrfs5hzbrolOUJZ9BxGyp+EoszxmtcaQUAvcoUMLWnU0zA0rLTWxxzO5FMTqjahyvZu4BPIsORSiesrBiaZkWNk0zWrKz3eoG3M24x8LBSihIkU0z0WdLppkApNMByzj3x8gHbOO4h3kbwTg2RytZUUsyOwTeQ3lw3s4ORL0K45sbhlULWm5sfQQB1P1tOa50vnQOz/bmNKjuObYBJydPuO2cS3mV+NCvRTbbJRydUppzIaDOaHN4yJDuJ2gAbeZ0BLPd6nOnJWe71GnJ5xMsZwLiYAriesAFxO8HaOwPM24jDDLiZCUU4mQsU2sFFImhnUCr6cU1nqMauN0Gp3DBWqvw5T9pTVGB6+RW5dWdGfyobFHVE7zOWOKW6kbGdgyrDt7FLIZqDybjuRr1wstMVm57UP+VAxbY02YtSmKfsqdGsnYhb6cxShHpvDFPqVodEpCr7oyul3pyo3CtfKvEoqT+NM6sanXdp86Vr1hk1fd5TYsX+jKmvIaApaI6Um5Gz0Gs2M7iHKinGtMweL/rp5Kbm+16jRbyk25OE4do0VRtsrtFlw2b2s7+KPbPJDbTg7of+8Ghl+X1E5LzkOZj3Hiu9p5cSxnPhWeey4mqdup24Xy2K1jTGHunhfnTK/O9+JVit8SVi/pI/UE+Dxe67fGsaI58DGJ1NLUXCZUT7IFwypkaBuZxm7gaA0ZwgHACAEAgP02GNsIBAIBFYRnCLAgMXvtdxYM3m/wBCsNlYMKwUkZ3c6TSbuxaomd7Lzny3ans6aPPej9PmvirUmtwraL25k22VrAV5Huj5la8Wo2WDcBOOHAGu4kDqfJSUcnNfyrfpzL8Xhz89vtVyeEop0VoIu/Tl1VRYZ1OrLtMTty/EN28T05LmvN2Jqf7czs1cLrNPbdPrCHNKkpvUewlX25QaWZX5tKbvtPTZbFIq6hm2lNNrPY1ks15wryg21m7yGZRZjFKobkkdSyNadguTzhumG4tqQ1widM3bpso5R01VUtG46idjlq3jwi1lE61nRzeKqUO0aK+5iAlDojEgBuVp7MDYIJ2d9kAIlpX+SZZcBKSUYxOROSaim4dMYkc1plxfqboOHsp6tR5+PQt1elJSqp8mdITqih5z0BLgFvoNO76NRzGhf1JPFRQ8bpZiaTTvCGhMfDdp0mNW1tG9xsW5RKigEuonrCUuooZ3KQTTANTTNStmzjuMSeGE0zagammch+zj3x8gJFNMkEppkB20gArSADQaGHHANk3CxyPTcsy90g6zcSi4ZulFSNNObGcoYTc/bkNCMccAr7im19JAOvLOJ3wzm7xtwniCQUUTTMLqQaaFzVzOHideCv1KIIy0iOBtZw74eQ5G1nHcdOOGlnu9Q4w44mdOQLknOUm3EztCHcT1gNJ010hGIRxPWcLVPm8o1FytTqjUNzOrbahsVI+bU7dmhXYpdRU7vLbGBUpxQabmZsxnVGc0Y3GGrWQmXFTdSdTNWYgyZVgpJ3UEHrzf6GrXA5OqG084GV1i9U5im1KczDPpfldOpvHdRuHSZZZWnV4UxR2TiY9dC1K6NC3U5TtX3bZhlapdd5wem93HQRKyOxOOWaZc4eX+U9WMXXbQqvEavp5ycc8zhyjG2zi0BNtkWi0Ybdaj4HfwPXPJqccTe0Fn/tzSy/L6q8kRy8U0ED3HivR0lyLGdIhnbPZcTVO107eGfxVsWvhykXkN50yvzt8pupOdqsdh/wBeByGxjuAJSS1GwS6ecfErB15v9CwK83+hoDhnDgCAcAQCAQCA/ToY2wgEAgEZwgEVhWcdx1kGtl96jkOWX3qO+Bsmn3nAcKwUkZ3c6FpO7FpzO9l5M5dM52XTmCdvQ+q+cmKbm1lTRVKccM7YcTcAKPQGiufEpg3MLQxaRNDz3pb8PmjXJ1iEhDeZZx8p+O317pdLmWidBHUUeqZ0i6ocvTmJVep09j0525rzxihJunThy47U0n8DhbY55Usnsz0u2ZT3EyHKNs498fIuYUBUah7CtzCr6QvDvtncdqPCyEc0tZpvy42xz2psMm1com2bGfVYdSsu0h12edS7YHUuMxqyikN0AORi4d/NyovJ1JK96IEW4dpROl7wiWp2LEnhrNodpGI1c5PQiaeSRGL0upKbX5MxNCaUU1hoTEoU6TGkRa/vGNrOKKQbbM6x02hKcbzhALF8s47jG0JeTpuKRNgsCm1mN12xzPFyBW5PKU23kd66xIpycyqUqnJnDt1iQTkzgMGpplzkbaROtoVpEbQrSI2jWzh3w8hoLTy4gIBXm/0Cxi8juDvYyEmG8gi9tE4XcCxwec2MrVqzUrkXOwmCcppvYxQyo5BxzTkOuQt5Huj5g4BuOKHTkC44BNU0R9dias93qQEAK5nDxCwI4mHQW0gc5XTCaYG7iYAh0EFbNpAhYGcTAinEzCBVMjb4rRbah06VtxO8DlQKvlG1m+zWaqtaQNrIGbU3AVqbqbyxQqLahsZg7cpuwItuhE28zYIpvCtKPYR+sc6j3MG/Yj0ajrFW03+U3s90CODaY/KnwMe/f9tP7HFMKWu+JF/a90/ZJJ0G0o3rgVz5ur9X2j1HFIazHJkXraoo25EkW6hJRqb0MDGsj0NhSn/ytARemmLDivX3w0mYo6tx5XxTrDnZvM0fVdW65g22ZrV6LbbN6s3dxAtmGze16aBl/wAdVvYHJ3c1PI/94NTJO31W5IaeyaD/ANT268+PS6SULK+LXnDAzsu7Emw6ap0u8fHz8ZPFj3vs6dM6ZXxDxLnN1UmmhqF7FZNgMSSAnrOPfHyAJs47gHLSJYM2cN4Cs93qdb/2M2kByHFFDoK0gZwrSADQBAH6bDG2EVqyCwgNknSsPFYbAQDgDgDYCAkE8+B57Z6de6ppyt6Dxfy53I/ytPDUYJ23/T53YkN3bWn6DN9N97U1ts12uzybhkD93EsTyMTcM7oryO42asT1CqKN1HtcSiMs7fQDkSO0ZTEwQtDLenXy96JOuztLQRLWMM7JewxrFerVKyT04c1xatU7xIOXIJyn+31nC9Qaxk53Gauf1KnE2K6qziZUxIOpFO42oVJuUdp7CpXKjpC7BiqTekrs24yK45gum2RmiEqPAn2Y9URH6p2q23g8zHtI/U2mPyd9j+7DyNuM+1NU3g/7KcNrM2LLdWT4FUUJVnLX94H+jVpArakmooUrUuooUpEqKGRqPqKGZamqQpxttwmJkrrtNJ2aZia0uooBZVE9YdJSzj3x8jBldD00yxQlU0zagcmQCk3ACEii9Op2KTTLnJJpnITmXE6A4Gl5Duh5jAXeQ3gK8hvAEvId0PM55aGU3AFeR7o+Y4AzjlmTmCNUqWzcOsZ1lqVxO02MgUO7vVNOd4JKmqk2OzIwPU1tbmnFG842PtIgqrbcW3DoFJ7XAC1SdO0T1HIOTcAV3EjKG4uQbzDvlpZ7vUJYtIh1kbJpkOjbiesAJxMDSzh3w8iORmzj3x8hwM2kRwAHEyHDPM++BLtATlM3K0M2oY3ShV6nthoZqoTahc5At5Fyv+0W2oVq1abp09xkRzagCtIks5WkQHead3oQMfDkd5PAcUpFQhoSClOGNOCVKc7gkWpTpjX4m1JQVu11ptS0czMbqOy4Z5R8C9uVHG/bIkovTzRXqZn+5wtU1tsz2iLbbPStVnVe0mdC4YV9ch4GT/F0ret8A3LN5H/vBsZJ2+snI1cSck2g1ntV58emJI9CyLnnCwzqvjdOvhfDt9136foNa5+f38XbGOE7n7HtxOoyvmTO3bx0gNmwTMlS1QMYn00zYCbSAG4DhoDNr+8BpaROeBtaQKRuAgNLSAD1pE0D9NJ8+sIBssWGzQEZ1je99ruKxkBwAgBAIBsraEgmAnXdi055b3HhLlzObdpzFOm76fP6vctP4me9NH12qF3E4ODt5v8AQJ5bKNnoK0smVr/D15Huj5mN0mqQas29CWRTO3vnkZUzTDr6LkXjy1fzj6V0Skk5JdBZR/TnVchapS5k7RORxrEKdftzpzXLZy5eJmNNc7qdPuNjhzqp0+nTmMc/qU2K1SbULGdEOJ3ZsVoRtQ0K0Y2oVoRLah7Cs3aKbwaJ+G1G+nUDIr9R0IooEYiuaLQrXBm9kjrAjG2yxQjQg9aXfTqK2hLKSgA9RQ89oEWkQjgZTsobbMMi1eabk8VMyZMaF5k6hIsikoDrEqmnaGDt0kU3DWzpJPKPgVuvEskldhMiTTplPMGCk6Y7DvXOCFJPZlDo7Zw3hIVxwIB3im42ODbjieYALjhy6N3kO6HmdLeTbjgDV5v9DnlJj4ksyQWnOLzM6srOVSp7J0CCtOJnbOtSk5vFLMCCtNj02s5aEbTTdm3p4CiwUc5ee/FB046nATsVZNODcDpnTidoomBLp5x8QBHM+BTenoMp7Yds6TTTAV3EjKMlg1s498fIp4aEadBwBFYzaQLHPLRxPUQ5MOJkqw9nHcFiPcTO0I5xMOFLrJO8jmR25vKhzimjizVyutqG9mRTah0rANyg2KEU3KAA21CwaqKAEKKFzkaooZXQ1RQCSUUASihnWDVJQeeJJNMJXOmk4B1MdSoFQ5rTFaxWUs/fnE6XfTyfiq3tcDR/kqlz9xy86IGa3QOblgpRzWdSi5YWdZ05V/iZJ29YYOudOgL1c7fSPkO1O44poEoHt158eyaIevC15yfez4AcE5eVa/DOEb0P4fSmxjfm/wDxBsVI1fVzHtxgSPLD3XOJrDySWoCeTStCsSqaZYDjQNbWHfADaz3eoCARWEAQVhq0iWDFr+8dZ/0Hjofpbsva7z59YxZfeonasKy+9R260rL71FjorL71FY2KxqkA+nlxA3AcCs2FhFbQkEwGZ31LTHlzt7jwTy5M9P4lHz21/TwDXre2aYn6aaqp5IMLFjZXtPQnar+kleb/AEJ4SeV7TzmhLSi6uixR69s8hBOsnPbR1FKr419RMO07KS6Ax0YrXqRMHH6oS1JafUcOa5TOdjM6XPKzc2w0OFInDl50FiFCqPPiT4j67VKc9pepQ7mcPEu9VhXE9jOkIRxMsQg21DQ5Ys93qbHAlTZIhPgm7vOlsGqnUUotNrCKpLbYQ0UlF3lEraEmpQygVnPg9RRTXqJzhYbKgSooZwfTifO7Zlitb1JQooctCxJphoXOm1IdoTNTgQkE0yoSCaZerSqaZhdJxNMJTCaYSfT2M2Kzt3AJBuOGN2hXHI5pGhWh3M+Bb6BnM4eI8GibhQsbNtlqwDeR3EcBOZ8CQrO8iAFeOKOFnjOknKl1KANqKXm2Es55POPiAa4nsnScNCvJqWjen6CQdQLex6cUPzly82I6cBalb+Dvcf8AXhWJk3YELKmpsfQAw4cTtoDpgHXke6PmAM44A1eb/Qh1oVxw5XBviNvu9Rppr4kc+4E8o1OSdy8TISJs4d8PIcjBlVtXEzW7a2cN45SjXEyVKNcTOnKtVKnAlFUmpJRqicLLNUqcJnNShG1DpnBtqG1yDbUL3KJbULQMnnHxEEknlxE6BKmRAllMzJHXgtXtNPjkfaQKFmHlFDIlIShQ0LY6BTScXA6dGo6T7HmZbVaoYrU223HTnEXWPKeJFBtxcNP38/spc2qRS0M/3MEfaQNuLDiihMguuFae1mb/ABThW9e4DSeDjug6T12KdPpPyN6YjJVNAb6wx66ohKFlqLXnJ97PgB4K/GTxN+HcLNIh/wDJ9IbGN+eDlCVE5UdXQhADmLqWo2CQSSAsaifZACWUUASihcCrPd6nQbs93qA5Z7vUBq0iBoA4VhWe71LBvaRAzZ7vUD9Lh8+2GwEWBAIDV0rDwCTz4AOBWQVnAsNhYkE3CtoCztzYtPrPPeo8L8sxS7jrMHz23fXTwBXdON3emKPqa0qi2oaljAS3UzPPdeJBRstlciSBfcEaa53qTQbEef8AEWycvppyIcMeaFkYxK70q+I9spyVxJLQG5QDqlLYtOY47cYrVKzTMo5LOf6/xDlzus0wiud1Mm7HOAQpFSmxWrbbZYzoxvMraGTYsRTah2zhW1LQlSBbUABbyCIgW27Rs09Vam1FPiPZCU9qnUdC2jfSkRYizlIqKKKQIXHbPd6kqd/7RtR9hF7ECHKRlKkW/c64CJi+03J7T5Izq5FkTU/gitvTiknAnVFLMwrEommaXCSTTKVaeTz4Gz1CZTy4mJ36l00wkemnrA2cTOwK6cCCbyCKinNjNrhEOOEgNxyKkTEkA5UpWvGqN3herP3locOOA/xKbf1QlJPUijYwOzhP+C7TpnRricW1OkJ8AU258mEDrSzhqAJvPlDloRjjlo3mT2FRycLPTkXBYaak145eOEWitVi4nOHOj+oO2dMU0nebYBbnHLNMAFzazhoauJkANxtNM6kAqjd2R0HnHAGbOPfHyHAxaQId5WbOPfHyJ4cJNSzT3gEXkO6HmcctAtM6Z2LOO4BWkTnhoDOJnbOBcTArU4TOhTZx1rT+Bwm9qhUqf8EK7VBtQ4sAdpE3uMK0iDEXN1DY5qEs93qEZ/0aUUAnE0wlIKKGNKXUUAJTTKEnrSBRy7TknTOh0Gm1O6AdR1OjU7NTQEdukRWKf7fYgPLWL7ikXNZsvSj67cKrzbHDP/k5QrZtWC1MyILzhsptenM/xOVb2Fybeuo/94PVYp0+pPJtShzNoD0HkO/0slsRYzpt12ySvQzvjH+NrjjHTezad2g0hsVvi/Uzd45qAijYJ1NOGoCUTTLBLKKFgSmUPEDIDhWMWkToK0iBi1/eH+grX94j/QVr+8T/AKGbSI4GbPd6nQ/S4fPthwBANuZ8AHE0nHO0A9OiXXIagLclhBemN0AqnDvmTsBiuWXtd5sZWriRWtN2cN5Y7OJpFaxgztCOqrqLHiZ3oPE3KzqVNR3TwMMb/p4/m9R07d6a8OXewA5QlN1fDTwUdKLJW3FBqTCtumzZYrsQTabacelI82yx3eTibnbAlPazSim22nNZZJy5y16k5L2FEfac0H/eDPJh8x9OOTVh5Zp6B6JYzSPQlkkmnqOO3Sl1S7sWnMkdOJVO7ee/Mg5rOU/25KFOnNneRDlT6mcTTzCHOKlcTch1E0IVBuUdpbjgG5TXaalgVxMsUolxMgRtnHvj5HSjkM3kEeK+2oEIJtQrXs063zQ3oROB1jmdOsabuyxV2qLdOWnWzQ1ZiJtIqZE8Kka2pdkuQylC3ZGGLSnTdn7kqdLVJ5OUpkTKieo5XpJMOvEiooZHSbUUKxNJyfsPRZ00nRrmRhd4nJNTO4JTqSVmAXZx3ACuZQ8AIBxwIRrjgEQ5nDxLvEeo1w6R4EcTuypKMcpopXB007Qt6ZxyaZAccppNw1gRNNtNs7EwnOLyBLOabbsw6MpqJ/odZYYlG7QrcoxxzbNAnrIaEunTSbjmgvCLQU4mpJ42Y0Sd4mmnp0yBzmz54qSzgds7s9NUzzOmEgalTvHAgAopZlbQdcTccyiBBOUDGDd44TodtE0+pxAHIG9nHcTyG7uJPI1u4EcDRNwkGpuFbQlE3DtnOJ58CHc6Ehabcy4hnAuJkiDcTJFYnEn2sCtuSclGKjOJPqOFqJcTNCsDaQOuRGtqHQhW5QRgdUlIwSakoJEopKAnElzRDeHWMWce+PkYkik0yRYJPJwOjU0nuLHUdNppOFmXpirV7lp/Ex+peW8bFE7vUaKp+nBajb2w4+7lcqw22aLVg5TM7g6rhbKNUNRx8xlnb2zyaaavXkYaz0FMfRvk8p2aegPQeO9C0slsWgLGcNiJVKUlojTuuxDO/Oz+LriV8T1Sx7ZtVvny44QAkktT2qJsFok6eqAEgooXA06DyihyHjkNgOFYcAbAQCAQDgH6e+ZUj5tuyElS+uIOzqdLpdoBfwQl3hOCUpKkmEJBKySAsyVURSMylW62qi9EgqppWA3Uu2BjWGbL71G7YzbG9nDeVcNGRpZfeox8tKBrWFlJdPDWQ0PAfLIc27TnnvQ+nhyo3NTevWZPq8tiNpusG6c6FHTXPrFi905jBzvsc4TO59aasXw5SFYKalEjnitHCNb5PLfyfsmL/wAcVYtVBYU1io7tiRfJinK9l8j+jL57bEfmCKs+Y+gWHaVmloEvpzHUJl13V0xAhXXEnSehzbEKSpa9PExjjk469p/AXpF6UCpk9eZLmqTU8mvAhVakpuz6Il0orTiZchHtqHC1FuJm9wjXE9YQAcTtDpTYr84cMLpGGxWTal4AE3TgFgoKpIyZ3QqEyplWGvZPBuN4ma11UxtQINJpmF0sMnTOhLJpnSlJppkjNpE4X4JTB4mFFLwwO1zpumz0LWdepNTSaZiWYm08+BsceDEzG7JwARxwCKccAgG8gio9xw2uEdeb/Q45WAXHNZYNbzf6DlWdtIDQ04mA0opaHIy22dBpxwABNw2uE62oo2ppjFHavSdzbLNz+oNqsS445ea4hJpNO8cvQLymo5BzQOQ/qDDcds1/1zQuHbOgm27wCdw0o60dvHAOjuObH0BKoOVLzy5ZppBAhPYytoFOOJp9AEPOHLwCsuJuEh47G95HcccjQ7DZWEAQm4T0Dk3CAam4OwSArPd6lSTLieoodIVxMsQiHE08zU5Qc4k5Iqc3UIFWnCYcIxtQ6dgW1CtIe0iFTa0gauVoxRQpdpBNMIGKKEOBiihwJJRQJT0oU2sLYv1NJw7yxy6DJ09jK1al4xtpydTTwhEiNFeLMYKwum9NE1/VyKLeXE2m7tzoMlu1CP8AnOB6KPUpTn6p5/wl27C1SJtin5e3+SYnevaBP+IN34XSqvpRgpS8U09Aei8Z2FJLmRLQFjO5By5cQk6Zw+ehCIjO/NNy7a7+L6tibVbzq9lxNYdTT1OgWdRQ0A1RTUViSKw2WBFgVnu9QHCsIBFYQCAQCA/T3B2yifNt3rPxTHcE8nEp12hBfFG/0B+x7bXPAJS0lpZ12HUDNqhbEsHp26lqKEq7VGD87S+QL9QqLsld1kjHMjv0BGwE/Dbn96PmR/NR+pl2UPZajn+c0/oa5oc74eRx/OrT+iuYhpWUl05ia3zu5XfXdP4FbZ9vE1R9a0/hpDHWxV7zf6Gr9osPqZlfz0u8ScnqRxNvZHTufQ6JTmNtYJ5nE+lf7V2HDXGOpVHNbhPaqXHszkrYgJtPaByKORFW/NezaWqhN1K9MljlKWV6kROxT6oTdT20xwcurWp3HSRTnMoeAQok5y4kl7UKpXLMkqozicHblX3HDQ4C3ke6PmcbVwRtS8N7mxGtqA7QtRqRtDNVKuWm1nAw5JzUBlE9Z2rJtS7HaQzagQtVNVLeKWThMrqUxUlNuKZJFljvkAnJyl2kU07M6UJxNMlI6zhvGOsD2e71OFvA1RS7CZFtptNSORkVTF9kyZDpYE03MwDE0+4JEWce+PkBoVgVzKHgWCIczh4gvSGczh4l/jj1EN5nVTekQ4mdLke4bPVYS7gZ1YlNwA683+hHITjgAPXCQM3kKG1MjSsSCblnsYUh3E7Ny8gdoE2cXDgHpppqdBldjm6ks09ORnIbk95U1M3he88k0wLhJnLNMAWpalc6mmBimrRTbHCtoJycFbQFvLwnoRrbdkTIIrnjdEnBq22QHLuA4B50BnEzkOJpgEWcdxGgq0gRwCU0yQcmmQCnTOsvRizjuK0AHEwK64mbnAVxMCDqWT9hJXPqjU3G1Wh21DAAbSBAza/vBY2TTJWJFNMgFqKBWPUUAkE0whJJplaUzTafcZGhfqaT74m9VF/TT2PQaw5ee+Va24mppzlb9PHlet9hq+1KgN5GWiPTyj4HpTtHiYptTVAwf44l6AwhUNsVR765BdMRdniGr6g23pV8vqJh3SyaaeghYHovFWSyvSxneAfxbsWY0fT2mkV926Q6+e2d+eXG2o/iOotRqqtSrL71GwHppw1ATimRYJBTIAsrGbSBoD1pEDW0gA9aRA1tIAK0gQM2v7xwMWkCsK0gWBWkCwfqj/LpI/PmgksOksiQWlham6NEolgik66RotSeFkkS66RompJ8KyTMcjV3FSSJGPFiq1TiKlO9iJwQDqSRIdSSSj0gb2SffHzMXIHdSSNo2dSSM70HLOUMlZUVp7INL5j8sr9bTlV6bfp4nrL9WA/yNUVe0iacWHUxEwZoHIah/mq38bhYaYb2rQ9Bd/hvCj8rt6gwpUo6pVNB0FCJj17gQn8Mqa7EyOXpvC9299wHcdvpZJJ1MxqEBikmjrA4JiFTGrqZDQ51OU3EugRHKjVplxOvUufVNtkTR26vKnuJhyiW8h4AW8zqgW8h3Q8yRhzLiceCEcyh4F7n1G2kTrhy1byLgCmntgBlnHcdcqeUc4mcrkP0JuEDqlGuJ1inZnaqchHKagn2nK0xZ7vUJ4OJpgSFnDeZ1fDW1/eNC3P+khTad24YHTo9G0A46dqpF6TpizCUymlZljOy5lxAAdKb0unZlxwyu0W44EAHMuJsEK44bVaEccKkg9iLF4dyzOmcNZKd40aWe71JcCEx67EuJpt9BAjHE7M2uGim19cOEN009Z2kcmmYnYpxPYzY5ApuBCCnE42w6Q0u9k0xjVrpQDicKM6DYidCkeu6YESTjl4Z1BJuWYDLjl2VtAZvICMvLQ55aEFOalTcNsmOLdDXm/0MfLs6m4A5eQ7oeYwHc7w3kDfniO8B+T9vgKLCmmQDk0yAWnnwMbsT86EnbOG8Dazj3x8jsCOJnAhXEzarAOZ8Di9NCDm+XEmio1IoWs1VxxMhyhXE7Mjo6DnLs2FiRUyCtL2e71O/9Oc/6HJpnAOUUK3STTTKxKyfrkThMdEppTviaV66uJ2aegOlFed+Vf8Ar6bxNc6WfTxjXuXAr+1SgOOGa3QOekrT9Bp7XqiYf8UWO+4WKdJzFcfRD8P2Lic9X/7we9WH5fTbDp2LqWgibnmpqqYcyJMOljO+I/41GMnvqi06e/SHcjO+OU4c2w0qwCeXECfTTNosKiheCFFDgGEAq1/eLArX94DUAu0iArSIDNpADNrDvgAPa/vEf6Dlr+8SFa/vAfp1+KHUvnz8zbGyeIjoEwli/ZAJLG2yiA07jE66P5yP1M/mk67m+Eo9ydXnzxjDV633AHpTpz64ApJxwBXzm8Brnp0Bznp0segpeNbn+ZWnDTXzR5XacHHtOVtv08V1l1riPtpiqGhaabbFof0zmqEOk4/z3hd+MtVMKKajR/hkxR+U6tQM4TTc66USxw9lclqv4NO7Z+nO7McSvcWHrqbkdA7YGKro7fJOqR8TGqvUVbFJ3XH/ANjuMrik6c204aFHrR1K86SGhzCss+J2iqLOE95clUJx2eATe1ebUJQjHEwGrOG8cBpvM7AhYBpvlxNDlE7Y34ByJTTcIDjidmWKQDiYEG4neOEdo7dDoGmuZ4ZB1IubdnN0x0lW3EzzmhJpppmhWdtIFfLhI03R0JwbbUOgSbDRRMzLHQKZoxNNMvcyDnEwkw4keUqRzhamo5xw7dI1xwyOwrjkdZsES44WIQs47PErL2rLmUPAlz6i7uBuQV5Duh5k5Wc6m4A8FhAPJB1EsFKvzjY+02COTnHeQsSadTDE6k7y8TzI9SjE09sJ1CvVLsbhKDcncuwoX1O0UprIxuzqbloAnLxPoLGcH8TQ+tCxrdxcK1hznhvcBWZwm245sZrWAU5O4mSDFFDK7YOXBwBpNwhYkk8o+AosKecfE58Eum4mAUm4AWm5rMaxMp5x8SCdD7OHfDyAymneGxWxzNHd5GNYjHKZ6DYrQzknNCFXnCdoUpV9xM6Z1cbUCxW3E9sOXSMcHiKbOV41NM6UJxPKPgT/AG68SiaZwJNNMzpSCaZwJemk4EV1NdJoxPuNS5c3E9j6TczvNfKvTjr03SQt+niOvet8Cr77VKI4mZ7MDKih6ciLVroJPpMX+OcJejMHU7uIZfl9BuQqnrmGg/7wezWf5fSPCx3YtUC944blEzv4Xw707psZX5vvxUMVXKnxBf8Abj9RpDvqDweaVY1NM2CdUT1FgnlFCwGqKAEK58QNwHLSPdADNpADcBAIBsBsBAOAfpLcTdPydsCuZcQGrzf6AJNwAq9+9YArk6AXPNmAUnOr3pAmU50kBPJup/XAJxxLIAd104ajV5HcODYquLzt5ROn6TidtL5xcq5PU9p4Glr+nieu1LRvTdJ19tSlF6w2Z2g8r2kfK3+lgk7kEuwulxPLolBqXjuggV/PLJHs3knOpSZ3QdJZXPy96YZORs9B0GP8/tx8Y7hJHb1LUZVLnmKEXXYkjkk6ScSK2hz6qE3czqIrntSnThUZ04VtCnzg0VbUc4mO0AAEWCHcOfQOmmbFaJnDh0k7J1LsCeUU2PpMipBTdvuL3VQ7id4WOlgoKjm+uOB1IvUVP2GxGRUOTk5CcTSlA3m2G3XJtyjbMW6JCTYZuOuGJ3i7UXhjaO9SCXRpLRSafXQJRxJICKcSSS6AI9zLiZZ2qnSBcdJQh505FM0rlfcnCZyA3HEzpCPccNrhDuOXhPQGcTIALknJ0RLiZ0ziU0wNrOHfDyJ5G5AAccsyOmgzzu5vNmxWBbbuyQw4nrMasL1M2uB0nqZy8INTF796xwnVPrxvpC4FR7d5EM65JuR/QGdW1UrHbAmVicV/Gzs0zQt1GU1eVKSibV9TU5nTMTszeJd/oa9q3IBcc1gAOOACGR2xdxDOdvN/oBhRsLEkm4Q7HpuBLe8juKuGgco2SJlNw5UJiTuCoTieUfA7TO0smY3Yqy+9QAziRYzgnE7w2OFQqemNRoWWYqE4pszqkE5TfaFirThMK0HZ7vUIMWkDnlcKTTCUsnlHwHifEykPCLGmmYnSQTTLBJ00ntmZoqHR6ZTsyExbm+omxDzFyr/19OdfPTn67eGq9b2zIz/ddKReQ3mf9oClNrbOpzRf6OlGqHSaPmDveD0ncjE0McfTfkC4ffytJoC76eW950slzJ2m55bzz+JpjVGjsJYS+BtnY/Ndyu67+Iqu08T11biFnu9QJBNM0CeUU1ASqmYBSufECWUzA0AcAQCAQCAQDYDYDgH6VnbNw/J2wA4kA04mBDOJAauumNYYNis4A4A6k7ZGNYkE5y5mbFZ3nl3vAeSnTpy1C0nTW5ROIW2SXT6zBO2uvnryok9u05qbK8X4jKftjr66aXKW8iPrtsvR5NzsiWy6ns+r2lHys/pLJlqb66RQjdo3oIlHyr9equS6on8Z6CETW86dvoxh4lepoQTPPWR6AoeSbEZaqVXESSWUek6HEsQ0oGMc5rTqfA0LFAnKd4dulZqWmThfZiiOJ6ghEOZw8TRO1gGz3eo4Cs93qWK0e4mAA3kdeOfUQ5Td22c45WRSTqJp9JITmcPEeCsTdO7bNa28pKm6b1hMmL7TUn3nVqlYU6acc9wc6LdJqYTT9xemNYkHE0/kzY4KCd58iBccPsMXXndViHUjs6eHicmT1mRTiBnKdn0CcoV5ydJpZENCBdnQFfdnJmUoBx0l2r9TORNDtXnA5qOcz4G31yGczh4jwK8j3R8xwHbuJPIacc2QCF+dOmcQAnB4AG2zSsBuZQ8Dj1z6CccJcmFGyVYW7iXcK2zeR058RkHLRvoK1ywtt7J0lilTKkqNScKWcStcIoLrlmZ1az1hN7PY0zY5Vy83+hjdG5Opdt7YaFi8JVKmopsQTrLjjjjnXgnutU3AuNdcKw042nkWARucGR01IckFZ5XtE7EonnHxCRqefAiuxJKwQmc+g5NwCYTcIE+m4QLGm4EphNwJNuFjPQ9nu9TY5R85TMaVPqVPuiVr0G2neJnUoo9Syc6Z1PcTOVxs6dHE0zlyOTTJFok6m16AwullTTIdJZNM2OUrTSe71MbuLvJk9sNjlPuJ7GbEPOHKjppttbTRidRz9R4VrynG1G9eoz/fzXSiOJ2fTAz2YCab61ofE6+O4O00Kpd9Jr+ekzl3vBxPW7oC1jj6p8g5Oy9vQOl308p66sti057Ty3y3/G1xmjoPZ5k1/MGxW+E+KU353qLTNmwVECXUULhNqKHQl1FAC1FAC1MwHFFAHQEAgMWkQFaRA1tY98QFaQA3s93qArPd6gfoJTnTiR+S5r1UonVDnzp0qTKc5TdCsLOXEwIhzLiVrr2aDlm8hvKNowdh299nuOM+hlIgEJ5R8DYrFJ58DmdNPiUvN/oRwnQ1a7bJdPriXtzwpypU4/y9OVt96eHMUut6cv8ApLkrahNjYHUUN0ju0eooedI6WeTSbX0xMPx8Y7WGUNmmVTXpjk8ThvXoCtmnb6hckFG9lCN6Te3Hy9RyRKySzM9YXO8U0nYx6TqUcQrU4aHOKo6iVztovSnOZ8At8VKptsJVKU4nqIWIpxM0LEdZ7vUAZxOCkC1R0BcTuzkDJyc6QJs1FAkK44Vr0Y22BJ01R15tkAOgU1QPR0m/WeTVkToyKZjWJpOzTUNjjxCuJxqZ28/YGN2mqZkzjmxmxxHWaYww2LQOmNZJq7SX/IvA21mHOVtGzMeOrVEnNTXnv+knHKhzqdHLQrjk6AhnKm6DOoac83hWvRbjl4BFuWZsQYcTTNrgM5ZiAFPOPiKHjsR95v8AQqaAaZay+EFJwAZvMCvOOGxwi7yPdHzM6pm9U7gI2cNmwQilYFaxIuTe76D0GcapUl2nZ6wOaqN/532nQYxf7v4bb1BKObm8Zu3eGhd2KUc1nfSgYo3aGRKUUqRSBjdpmTJxcNC1rUlSJyjohAL0C3Xv0ZjVaacnF30BJhPPgc+rvUimdORt3AK26eXEOPB6bhKUmm4Q6FKNgOqZBZBqecfE58WDVMyvxoTCbjmR0zphNy0As6bmxlikVeR3BHAlPLiHXp1xPUEIGcya7TK16juKWfvydQplTJ3kTtzVPqWT2nSQmgE0wgTaRCR6aes4EqpmZPHUWemjs8WJNM0IS6aZy0LPJuw6URYnE/2+oJcvxmk6bienvDbO3F6eMsU5RTl50HVV1yhvDhRxvvKr8fNSl6cwgTg310ifEi2TXX6boRRU7dSY61g5Tdo3rPQ+GD8p9SeQ0lrV0Bbe3lR6Cridxkkk07v+wLI8x8Evxrsb+ca7f9uP1H//ADPXVvl623eN6eAGieUfA2CbUULhNqKHQlFMwJBRTUATZ7vUBAIBwBAIBAIBAIBuz3eoH36vfvWfk2R62U8nnwCPGHHAk7eXgQcOEGywK83+hHLrRBwpa3v3rKxom6Vg5PLiWAsraEgbBrOup6fxLGx4n5Wam36crb708JY1qdOov++kuSt5k1sKTp6odJHzFiVTUTj0RJkjpOqNpppnfGISdON7XoS2Knpvk7OWbegKb0zfPT6ockKdJfBaPiYr2Tp6YpZ29S6SisCAxUS2JeIg861qm7eac5aHNankrjh57QqDlFuOGxfiGcpeyO9ZsVKcp2ZLlWm7TiWt/qHdKnCGbyK1ZpNNzOxAkfhtzuj5GxxgBxO0UCeoATk7jmUDhcLk9AuON6C8SLFGOr01RlmnoDWYnbOzBw1MbsA4k65sdiBP0Vhg7OgOs0Xh8nTPTGBu3WaTFtT/AO4/oCEmnE7EnsVupnI2ZjS59Op0Y3SsTpyDp07vKnuOFbpDObaA2Arzf6GxzqPcnFnkbZK5Rjc4cJwBuOOZmJIXneG8GsfErpuyINpuOGlYNUzMvqtm83+h0zmruIADjhYIdtQvVq1OLxPsKFYHniG4BNt3Z6jvtANqWgR0EUqMzqRqk3AqDajcKvuzQt9WBtttwISqjdop0h2y3UdpAGtbuLeRWw8Jqm0/rDG7YryvFKb2NJ0raFTcUqOo/nDQsXCUJxUUM6sTaRAdNCwUmmAcZ1ZJgGqNkLBaeXEjwE3cDlYkU3ACk3AtS6bhw7HpuAHJuECSTc1nYKUnF4cCxpuFikcm4BhxO8K2hTpxTP8A+A5UhxOzcJ7EO5TV2ToqDidoSjo0SkYnlxMAnJOmErbJ0zpMWNNM4dJZNPWbHCzyZMsUJcOnOsZU4/BunNiuvnLi9UjadR2hX9Xl19KJ8TOXmo4/blGcauWHFXtx6Tv5pLjtNAt3fQZYsjv+Gif7DUbvhR+U+j3Ind2XQavqC367eS6Vyy61+C8FJs53xPbY35qfxGq8+McVXva72D1vw2P6eWToScm63AsEwoodCeUUOhJKKAPKZAbgO2kAFax74gb2e71A2tYd8ANgGwHAM2se+IG1pEDa0gB93E3D8aewMTdNjhhzPgUJnZhN0qdCbyHdDzNjjk/eQ3jlO0+nnwCPCJVHDG0EGcQm4AYm6WO0inlxLvXc7NTp3Y9OXNzxtysuvacidNDwdjf/AF5P+Tp6DkJYsOJnXz0Fz1+4R+8DijZ1KLVR7e16E7+ah2zDasXFPcbaUS8OZcr6W8gR1xumkfEpvbP8vdtEJWSX/wCSbWBHYpu3qWg1RPGizlyKd/1x1EOYVOn3ktyouZcS29irzrMToqjzlOISqLiZCxFuJgHyajHKmyRNjnFsk2ErifXDG7wBWdMWRsc1BOU1eAwXJ6Nip8idpWdNNNL5I0uBBjdtE1HHDY5yrDJaXvTG6WSTUUkm5oNh9+BZ009fUkczdyzrlJZLHXtpAmXZIYnSuVO5FPtN0cuaVNOdxkFCccMiUDOXAINzPgaFyIcCKDccsza5RnxNH60gQs4qWJgaGZPOU3HMjUoWBNRNztKEopymug1rsCOKJpl3bO2vI90fM44DLjhczmXHCxWEu4hwbbbNDgG22aFwBtS9KmLpWpupZkoVptu0bNB0Cm9R7IduVTbqP+NJEipUeyAB/Eke6JWv2/0PlDe1gHt1EpqO1CNUUbm7V2SJe7blJ57QkPiRuz2M2BiUqXbd22Yxbk200wnhhupLT50Bv4kj9ZEGjk6kuwC03DG7PqNmhYJTcMawao2WKBabgSMDkSm4Aeo2VtAnniz6QF8ZR3+RCwSpUpGcrEynUpGCfTc2wgTqbgSk03NQBQQacTvA6VOpVEgizFLcz4E+oQ04pq8TIEH8NGMS6cnJSnpPJ1DZahZE0zE7Taaes9BlS8mTOHaes42Z254FpGu9OVSxm2OjdOZHVfM/GqUNuVHpzR9TUXtzdxNy8KrLotuHCbabeos+eIeu7UCn0/8AuZosj0Thmn06D/8AaOv8ar8p9B+Q25D+XoD3b28aK3+MXi18H4OaX2IG9kfnL5RtRfEdcutnsMbnYEqopuNAm1FAJ5RTUAaooARaRA2tY98QNlFAN7X94DYBwBAIBAbWv7wGwCA+6ibh+NPYFXv3rIyDU6DYBt77Pca3HLdNw4D1796wcnkzqE6IpQIK1ZsBxNzvAkU3TWuNuu7Fp9Za3PKnKyTj/KIi+vAeN2cfAn/J09C9uONtltq0w232xObQJdwOf2oOUbO5RYKbch2FnzUOqYJKXlY6C8Mnysnb6uchFOzWQ8Tj6Yfl7ppd2NlqFVAqpSvUjPGdzOtkofp+kqWOUVOl+3IbFDcHgrE6cidcIUyc9p05qvupXhWvHUzTMHOh0Jxf5NFOTfIhPApychKqO3k6c21E2OEe7edSSRAKkuHrrm2ugT06STkoEA5UyeosBEmnJocSrDJXYOGN26hRVFOzr3B1tUYviWHaScL05TnAhJLW50loknXUk0ipLkeIdUXvvyI5tcqnTrrpmnDrtDOJnTlBOJhCOcyh4BoQbpoROkPOepRNDhUXDvxf6g6jy4EooGTuOJuajpn6W9SpbSBNdCXKzNmONDuVNedJKjQqjZy5K8hvLlXIZtsIRDbakQ5BOVJ2nalDN1HaGvHKufmm3d5k4HHKvbbUGCgzeom7vpJAM3qLZCWdXG295yvNOVIRocUqK6NS1KqVHaGN1rXne7cO1K2U638oSLQopFqJActFN5w0JZW0UU6AAm2wIObt9wRUao22BPShsxpWRScASCibbfQY1iwKbHABXqncA5eR3AP887zQu01eQ7oeZjdJBRsDdxwBXm/0ALUbMaUqo2al6yydw5SsydS9AQkE5yBLJznpCRKcLyASiKlTgEVRnEyUEmmA1zPvgNDvM24gFpp2hjd9JtNMtcJhNMlWmE8+BdXHiYLHZ5PKPgEeub8oupVKao7TwcCK+edd4p0g3Uen1xNF+vkt0Mo3SFSdTiOKcLDTlCRu7uBjkdOnUDTTibmhOo6kelcM07RTgbP8bH+W9O8lStXEXttiep9PMjyt+Nvyi4sSSCUew3Mj4y1i3zw1pm9R7DGEAlpQoaBY1FAJBXPiBJpgOAZtIAbqKAOAIBwBAIBKKAIBAID7lJudx+NPYFXkdwwZvIbzgZvfvWdZA5e/es62h1Nw6DpyHE3ACr371nODa83+hoyK2t796yrKrFEAi8jZmrhbwYb6icetdec+UBJ0246jRGx4VxtoNuEdO5GJd9TY02PObicVG9s/QkWZeWsK2oc2BKKCQFnQkZY5+xO/8txH4rvGB9NqThvQbaZf8HSz8nt9HeR5OuZlEU77tOawR7Zoid7ESq1bXZ2kklqMqhT6ps3UtPqJg5LU9k57/UcNDns5S/b6itoUidJfwB1EYgnJNeHK9HuUxZx1nes+YdkybsehJElCZktLuJka6wS7JXHPkBpiQSwidc67+gI0kFuJp0Wntn6c29uFDnWIV5HYzhoQTk6ccAhrzbAJmmE3HHAOyYe4XuvZGxEjstL0TO0ktiQCVtTkriSW2mNWZskkghR8RHREVymdOQ/TmRNVlxILEM4mQlEuJgQ7kmK2hVXE3D0GVGOJgV5tQ0CsOJpl7gBeR7o+YOW15ZwJUHbuAG95v9DQqaKNmhU0bbNbkM43d/OnTOrbbbajZ2zotublTpA1HN9ahc5VO72vVq4ASPxG2opmBXJu3eNkCLbbbNjlCNZcCu9rgTbYDqjdqSDblv7gNEwoprbIE4o3BSBYpGqVEAapUbahmdHfiO7Lulre7gQg9dxJT/sruJmdiFG95LOk1JuctB74wcU6NZgaE3KKjbbLFOpO7b3Fboem4Y2gMom52ATCknCw9Z2hWsOXX7o2h4ApRPWY0j08o+Brq9LpuFbQmE3DpnWFNwgTqbmoJWFNwJFOJ3YT2otSpxUc6A4qIAJTTAJs4d8PIqSNTkxy6SCaZe5SaaZnVD00zUqSCad4Wq1jk0mA8ucvub/DdIaaCY8c/XD5jNt3bembbN65M0025eakzD82uq7LQlRtpx0ETPLw7ek8KFE5xmdWrI7fJE7NM3fgs306XhhOuZU9O7/sD268x8zfxRMVW51WmnWPSeG8MOOft+g1jZNM0CxqZgTCmYEkooAWpnDwAIAcAcAcAQDgCAQCAQCAbA+4h+NvYNpuEAwoViCxYRYrK8juIxYPvI90fMjgZvLMOGU3TaCyUEY1jRxw5G95HcbXHA17qmnK41zp5b5TLjiftaezNE6bHjCo69clDm1xLrcadVhxShMSI5F2T6a3N6kwrqSnOppe/Kr/AI7OhWm1LPrn6ErswJXtJnQkdNnxLP8AN0j8XpbaLrxunNVmR/g+uF/5L3RyHMZXPYeRi2ZO48v5r6D0RWzriegJVR0GSOuzv58zKl0hSqTvSRopVU4dJI+/iTo5/OaKs3Ni6DhoUedJpJJbahmVtCkOOfJJHSAqclcdG4Zq0UXRLrjtkkj78jUrunh4lJeu/oCAA5VCUliByrEHFxydOWaZ3IjXNZy45OcyXPZuTUzZmheFcqbbQjSkyd7OdBB0Jdywxpj9hq7Dqs71PhZh1ZJ7agcu5F5SilJEukJc8reqb3qQRVbvI7gcqhU7qbpjS5/OsyYKi44QuDOOawItxPWEIdxPUWOgtnHcaHCLnCexhFc/nCfca1qsNqFrMhXFDY4aOGPxWjG8jYrZc6rxLFP12rd23d9d4hyZbbbN7OjPiRtToJZzkajuwICbtttkgZvIjwRreZP9Btts7coVrPiaCh28gRCt5nFXI1vIf0EpkP7BSjYByjYVpRSojtycUmwDvO270AcbqK0AypXIEgrVyreQDnxHdmN0d523+ociFJuS6SqjZkdLJTjdoBJqTc5aEyo2Vr0gnlHwMbtJpuAGFbQbUUOw5Z7vU4BKmRWsEJuHaxJJuFbQmFMzv1nWFM5FpTy4gT0my4k0TVnDedquVYrNMOapNnZla8em4EJVNMxrUimmbHJ+z3epW5Gp5cQrSCeXE1+s3/JY8PaX56d0GqJrcOu1rRXMtFXqSJinax8ufxEK+/lTB5M6tyK/p4Qb63xN/wBdL52sdBKXfSYv8fTqurUiop+gM0jt6ZwOTh/KN16TO3ak3P2HSdKlinNTRpmjHnP4fSHoPN8fInlqVf8AEddOx7z3XguE2ce+PkaweopuNAnlFAJZTIsVpZRQrWMlisQpnDwId+n1MzhJ0AlXPiA0AgEAgEAgEA2B9xD8begcKw4VhGgOAOp5cSPUnzIggCE8+BpvSfBCefAz3tN7K8juO1mVq6XTp0ym53G1wJdc2PT6jhpeZOVJ1TTmhtvTwXivnpfAz/5OlrlLjkNex9EBb/TYstBY3OU2pZuHXx/nmciXTTo/GHY0/wBDNDv/APn/AJYKnUmFNYU25tiRZf8AH9S7HXMiEvN/oW/tHTCnXIeJHz2PWvJGqVRNzQRvTB8WX5Z5xX0vwjnWqTaCyLK4jtFLzuy9wUsTp6U7vUtV+U40KhiJVLqcelH35MHM51ig31OxJHOJ1z1OvkfcHHTQUloqGTsBonk6YvNi/YECevZLhCne3/vwOaO4hTqqHNO7fEiBdS7L4lCnuyZx103OE5JcPbPrphtdYrOISSaXUoGpcodnDvh5BDqGEmGLk5c0DrqR3bih6qwtwS1u6DYSbVMjrjqXwulqviO09K27VN7sRIoM6dd7ECtehXUnXPkTG6VucpWZDQqU6TvSRWZzsZsVoFxzUY0m7yHdDzINoVzPgbUI9x2zAinHNj6TYrUapSzxnU1xwAFxzUBFtdhsZ0HN2z0FaCbqO0UM6tA/F/tGzGMlJvd5Eh20u+ggOKUe231NIkS7eFjdpthdqtV26ctC9UiW1AALWHfAypaNqGhcgbuAMRzSt2EI1tQBKKAYbyOnYI5CAd52a74ByHbmzZKgrxrcRhglRvUdCRUbIBKjZIk1GylKSUbUKxNqTe7OGhKqNmR0symZo9XJ2UmS9OvlLqNgSqaZgajieXEAw0NhwxghPLiR6nwTZw74eQ12k00yBYk0yBYE09RAsyaYSlU8uIEkm4WKWZyneJhHbm1SpxUc6Aim5O4EpxLqkQf8UynnwCPByeUfAxu2xoVnIdc0PiX+qv6ejeS9hck89oHHTTaiOjcqOSJ0vRWxGdS+EfL9bvKze6f6813pN7eWDA3rzQanQXfPTj11Kgk7tzQwiYvntrensNU4pqFtVrym5tlmdM6P5SdY/B2Gum9mEf6jSH0H4Lxft8kMXajhNquuz2fw3l/Snx7fA9T8TpX9dJpRQh0mlFC1WnFFC9nEpgNgEKZw8CtoHK9pWn+zxW7NgOAIBAIBAIBwAgD7aH429AQA2Zw6nlxKwk8uJr9D5IV5v9CsbJuajgHJ58C8bXv3rMYevI7jjK1ZTZrUkaFjZxzYixc8+cplNxuOnjEvl1ueC8YpO4m7polP3OFjjbeZFbAFnu9T0OFZJzduTxvExtgv1N8oZvqk4j74xfP+eerEo3hXSGJCd5RrnuSL/j+P8k2L1MrDDapKDjtaRtvzfnpwvGCFSOSepNB0dJ5P+K3qs76Z8mTEz4lprQIxeNViuV6Wks6/YFDG7RRG2p6DUVVoPVxBNJK9eQEHGandopxzTu2BIrLs5Sd6kiee06dkqTrnYbEJF3YwOfTrDB2qHdse/QfTky4jE98LyWSp2SRCVXdkt46AC4mnJtscibufFaiYnYtppp6eCRMHMHKldqVzpOF+66VgthHz07tuQTHqmicLuZfcFjC7FJXIJpaBFIjEpB2iXZ1118alCuYdJJfPBGYg3UpKlHbkDA0gHHJL8kBy2tUv29kQ0KTZw3jk5VidJ3uZ2jFcckxy5xBOJuBCMcccS6QIZypTYjUe5UptxwpzlSXZmUbqBnDhsVgDQgw3kaFEUipSxRFXqLawiqxaRNv+2ZP04o3mB2Sg8N1HFLxs1iyUFJ1LyzikAfXyaaexppBncIq/Wo3pieBCWkGyeUAm5QEmW1DQsQLdO3ZnA7cpOXQf4du+wIANqWhqQjWs+IvQibuJ0znQMXcO+IDN1HuiTjOGbbIWM3cCVZxRszLBKk2Afu4tgZUbb+sOF6zUi32NuGONKx3cFCBKyiurQLFilNdXZGLFuUbuzI6T15Huj5nntRi7dK2jlIp3hC9Jp3msJSaaeslwOUUOXabTTIFik8nIFgTTAmU09QSmE09YSLTTO1IlxNyzJQ5RX+xudIc3tXk5wELXJpyErWmEwfZx74+QODodJ6jE4uOaCGo7Zo9y8nalkkkzRSKXy251CS0Xp4FkZq+BHLLqS8r6ax/68XiO7288qdb4HmT/APT01/oJQ0fMHXcKU7tzQmX5WPUdHKWafSd1WnaZTi45oIxPTee4P+IvirzXILJP6c9udPKr5q1I3dtaY9l5gdRQ0CfUU1HQm1FC5WOUzh4FiqCA4EBYNUUK1jez3eoDgCKwgMKZQ8StYyAgEBpdwAJUbAeA+2h+HvQDgPJAPJljv1onlxL/AFa3vI7iVZXkdxWrNJumcEJumwEpuGcEXkdx1sGbyG872rGbyHdDzO3XLUOnOMaE7xPT7CWN1eOsVlFG/fJuJGxZXK3KCwdnHW3YGS/Hxe25FN8mPCpvqdVGz/w/DjIX8zZVzqdUwI/mz+1//i1EVJyPKlUTu03Sq/jzwyqm3hXipQW2J+/Nf6ffz1Vi7U3jY3Z2dfUt78sn1fU66JTeDtIYlJ6acUb+gKsncZM16C5Lcaypr2rNszK49v4XO89J6Amqo75h07ZJL6yHUTriSU7S24xdVLlta0wle6ookiJSkqSaXUAvkBWMdxoRlE2aae2uxMbpXKorVJLoSAq97eJba+BDVPVCUlTvSZNNxxfE7FqM7jZpnUmOLdc7ccvHOiBwvXajJMm7HQGwekMFqK1x1QROrVEd/km2u6BLWdKXQ5LS8EuuEb/SR07dskjvtlvSoTud2SWnMGNTj9a1q7DYtRIFphyLgEvzKk4nrKXoOdVqkkl1I6Z3PnHNYXohxzvNjhAuJFjOj5zJouRK2hRZwnFMsVq3UrdoFN4qpuVJ2GxyjW6kuwHVJuoegyoqpJvrNrKqM3bu8jtSrbbe1kuTaiihtZlppxRSBA7TQNNOTlTQpppEJeg+TlyZHX3b1xE2OAHKNwzk0J1ZyVIFeW8SMHnG29O4mkEOf/DnNHXAKzNrv/0MqyoJts1KwV3tevVxAbbb2QA1SbKWgFSmzd20SzgW8yfFiKa7CP6VtG8xViIcFVhyBhtskAttgN/Efs93qRwF8R+z3eo4EkpUZImVWzOsHKTZtXpIE0pUV2VtCQUbMbQtNON/sQ0OpUI3d9BjdRdE04NwMylNJ00p9CVtA3mdNPo1nDQ1s4byvavHpphasKaZwsTiaZAnU0wJhNMOkmmmAYmmS5TCefA6vSqdJxNO9HSXFccpNZR05Mri9uVXcUwhaqacgB0iTObH0B0kQ6GJpnbK6PhEneO6A1VEe5sLJJZSQ3vOef8A8Qxyzo3TERfenwL5Uzd3WDvR8wcNV7cglKm1ni/M5b3TqbU15lw6xhSptugKI4nb0nJupx8Teqi2UanZuafUeg8yPn5+IJXfPFZadU9R4zyU5rcPUVnlMjQJtRQCzqZmhWdLFY1TIK26YKdUyCxuA4VhwrG1rDvgWLApnWH1MzrwZORo1nxAaAQDgH2/s498fI/D3oGXMuIDQBaecfEDa8hvNfLQavN/ocK2rjhCs1eQ3lAfTcLAQm4A+m53Ab3v3rNA1vN/oFjF5Huj5kbFiu1qneJ9Ja3cPH/KVoGyd08DX2s+nlmr5Q2n0WQ+pcekpjl726ym/sNVKkrCUdUdPS36itKKYq1gnk6eb/5fqLFnU5TtYyjtPQv3It2ppTlcN5t0QY5/nn9VVq+UFjzQc37OY/A0T6lUyx6xwNr+jW46CCjxSyvWOCaUHffnNTHZqWds/cayEr6lO0rPbTDjpVapdkjpM0U2dupJGlfbFWqitpKmlqgEWufO4gxqfqZ1iNRVnDeYsrpD1NWicm2M2yOHKsQKncqfpMqXPHEyteJpmTc8uAd8wVw+/YRdNhI9SySSpJJ6CyQCp0miJJtmgdLKoX2yi6c8itYiu2XYWxlrkWIdUbHrMDU5o5toB8mcswJedOp2eopeg5rWrh1Gdz5xwLkO44EIdycgVxypo2hsQoNYzg9BjUOcTgCvN7ZEIPqKKFig+2p9Ib2ZBVIo3E0qFRb2TMsVo26/dJBUoUu27TWbWd3vBDDXnmOgIo9i4Fcn1192yNbjHp/CLBONMO6fWQmOBYhUWmlWs2cdRJQ4NX7idNU1saPXwPOvKEoJyTU5d6yYzOUwtPhzQqCBqoqFimpsgEL+Vzail4BHVFSEVNrbEFcm7f7G0JBCimpToIEC2oAFaRJ5A7agEc2p9IdAXmnd6FegduUnQjXJPd9JAFTpxvWQHfhxvv8AQDZSUWmRsEspskdQD7bbcOkyB6nW24N6yGhdJS3+xPPWLJKJvaNmdodMoOo/2IHUKacMtWLUm4ee0GXHDloM3m/0CxISjPgVrFvk/b4gTSeXE0NCVTc1GNI5NwAtOcgSfPMd3mE7BSbn7DWWM64J7YnoIRIvbpVMWpPeKabUIivOjadp78lwOTAvNNORCViTc2wJTKbmxnbO75ya5KlO3tRtZo9vyRKykllYmxmeKfxMqmSk1HvQh/sCIvvT4H41VJzvXbv/AG5w1XtVVOuQ8TyJ23ulU4oXQduwrTu/cnMVzl6DTT2MvVi5xUvw1RunbPUeI+VnKLqP4iq4315zlp6qsSooaBZFFDQrSymZYJFTOHgGcSpkBuA4AQBpax74gYM6wQWLDYDhWEFhFYbARYGysfbW8hvPw96BXkN4Gl5Duh5gbJuEpOHbthx0BgrVkA6nlxALTz4DwOXkdxfyNbyHdDzLdoV5Duh5jaHEiaG3E4OQKnoOF8oymbuOnNEW148xWo+zhriXfTW4y5JoRMV+NaEe6kbbFiPbUPQsVmrPd6kYHuZ47zzP0qxK02o221oTT8y28s72byOJO5fLwK5xHPy+j2EOxJnVVR1yS7a6uQk7O3nUog1S51VPeEark6re9OGnVRcT56c20do7MOJpybqRU7aWWxacoFCqeSpOx1xOnLndTJ2ZKKpbiZoW2LZhlJr10Jj0nhfJbIyW64kx6Aw6srHQazeyzp12SpJWRy6KdTqydyJg5viLO73sJRXGKpdvQ5qouOWZwvNc8uJxMSwM5WjuoCoTqdHUjlV3HDE6QLk56DWsQE4ccNiLVdbbtAjpTql2z356jzVInChoWIBtxtTsLFCJ+I21G9ZYzpn48szYzGnK8UAqU3qNRuOyGxnDKbW2dC9UHTacW9CLcHsvkfYZJvTvQNuE3Wd7mwuomiYpad6MTSrUiieUonJJ1N4/9qB51x15R8XndPZo/twKI45GpU0YOJAc7xkUc12f7c2DidR04pN3LNP9sZBW/hyo4N6aDgDk3b2TTdIHJaurq72TUaw2rC7yKRKKKXcbQqEbXMp5oApjbZIDbbNQauod0AB7u07QBm27sgJTIkbgZUUAMtIGQF807vQ7DytOnAkoU6qpA5WDFM4eBmvS8apkcr/VvpCo7RzQGN07TR9SegE65UplxYfUnBla2U3NRnWpyTNxc7ALRJupQDROk6m4crEmm5rOVgtNwrB6YT4IDtKpuFjKuMmcvEyHR2cya8T06Yg88YmUzzM5pyVavJuAX2jXO4JWtNMJTMmTvHDtQ79gOm7JndBZHssj1+lO3ZJS186Gd82vxX8QucJA90f7Mxztor4pVg3d1hptRnv/AOmvxvTSl22cTtdXRKdV3lkhI7xgep+wMk6W/L0Smnsf/bnpMLl3KsrCNH0FZHoPMr5jVe3dt6ZuB7LylaU/rj0xOShTcdCYUzh4FytK9a8CwHKKFgSmYBpYzkFhBWIARWsOFawgHbSBWM2sO+BGBWsO+BwnTlrDvgVu2lpEsV5StIlg+zJ/Pb2CAcTz4GqdKzyeUfA5nY2vI7hwEAisOAOp5cS2dgs7DYA4BgAt796wN7yG80PQVPEGmY1MmaF15eZsZMJ4wjp9hKrNbrHnepcKG1PkjH9/4ZV3SnO0e3HM03/EsxX26ac+iKPr/F9JC/DD30UPM4/8f1/RsFJyZyJ38/4/o10LCmgnJw3oI2Rv+PnIzvb/ACWaAjKPb0EbEq6jn5j15RTlmloCVTsmHm2x0ENYFhqmlr02Isc3ralrIIUFxI4Xq445ZhBi8hvMyxo67ZnEFcnTibhMRXOamTccOnKqOSZxtzUaFzquF8mTTjoIhLtlFJxvdBZwK1LuGHclcjHQR/YFVUuqJupJJa7810UHESqLL3+3kxFciqmtSXNc9cnTjpOYhFuJuHDQ2cTcMqxX3L1I54QrbjhKEI7+rArXKnU7lmSIJxw9BmVypXIliLiquOGxlVqpW95oWKq22ek89XG5vaN5EiGqOo7QzqlLbro51ystON3auZ7LKtlIKXbYMdmo+m9fubRI1OHp3Bl1yjKavXAzulJ8sX2ksPdPJE/28QKH8T2ad5fAF4FJYY1M7p8QsUXv0GgA5BjjyrqClU6m0EYf5K+XA5HgjirCDs1r6v8A9j/UGwcjbxG/z7vFHTJgtjeKdnTjsLIDiTeI1RuZmsU+otkb2wAlWrlFM3AJiU1Eo3tZkHOcUcRmmm+l0CqqVe3qNYJUqMBfEand6gJuowEpN1OwB283+gBKjYBCjZWJ5RQpEqooQJFTIUG2sO+A0MNyk8tYZtIGnlelZQpaGFpdMoSu7MC5KVIo4ctA1RszL0om4ZmpZKaciZ0LXJ3CtYnE3ACU3CtoTCeXEA9PPgdegw6BiYUxPyac2YFlTdvDl055jnRsW1Lw6jmxwiKlm5ZRDlapO5ZgXmTORDpY5M44ds71JgJDW9oNgNt6Zo9MVT/orwNjM+Sf4rU4cU0byUTD8t/0+Sk461p/Apva2LlQil2RFsdSo/DWpG/kjFI1yPReB+E8VPcNuHd/pXJjstmknHQf9RuPSee8ZfiK14n7Wls04HuvKrwQ23eHsPMNqKbjQJyUKATSihoVpBRQsBVpAsGyigBJYrOWe71IG1r+8ShsHBFaw4A4VrG11+6d/wCxm7icco5aFaThYHAEVj7IH89vYOAN3m/0AKTcAV796yxGwryHdDzCTJWC03SwPJuFqsWdhACXkN4G95v9ANXQsYvfZ7jnVuww5thqXqnWmH3xOnp9RW0OB4mYMxhHXArs1dZrklS4UxhnA4+viVHMVlvDZvI3WOcY/LRtvXsRX+ur+RKeDjbjfUh/44nl3TA3Bl1V3QRiZ5MVSPWVF0xGmEtZapXeSufsNRsQ7hhY5D9BrIqV1ddRdgOhRa3210kc5nWxe/1QKHoKG314gRzroEPOnXHTGK67Oop9dNjioVyc3hY7aydO8bNP+VZ+I6nRdFOuQ0B1/jZ/y3W8IKX5ljrdROrdUR02957jsRDrsS45O00uvljM5xVM6dvdPela+qPOnYO5E4ALL71DagUmmec2BXE4pxAgXE70herE6kptcK23JnEjOKhUyV4VisuJnoMyoVKnaBzeFTcTPYVoGo1NxeqU6o7tTOBpVud1HNm7spYVcqKom7U73hypnO2/1Lx0XC1uLRYzuo0IrdtmoeqsDsJ3anV0Nkci+VlUqeGdNfC7n7fQGxjefKlxVcrKvdConECw4qYxfAlH6b2WwPPyvLKnU3Us4xNgk26jpyb05dzgyDlGI2IysVLRR01iuNzZRRu7Aaq/lFt2dpEyeCmKYitdbvDWILFSu+dYddMgrPxLD6+BrBylYNKdUdAjXG7zrgAqbkNQCu0gM887wMJuQ1AO3ke6PmASnOAJFSblYPlLe1lguajesyCRUqICSlLYE8o2AR1vxAHbUAGbbtemJiel0fUq4zqV3pxsqegvUobIFmTcPHbE/TTkDkWtNy0CUvJ3LsrXphTICXTI9WJBMlzEmnnHxB4JDk6m4HSbpmc94TE3OU+eU+kiJcQxMw/jJnLtMlxVYTTtAhcKZciEunUXZ69tO6pj1jglZa9Btx7FZHYq2xFkkkw60+3kD5IfiTLOV9P9P7SZknS/65eKpPglhVKP9Mp2ed+vyvyersnWGCdCKbGj782rtkEqcoWLexppg12rCipXKlU0F4Yasi4uOtpp6dw9L/G878x83OW7XfxJWEVd59T+G8H67ed21Nx6jMJUUAskoUNCtNKKAGqKAPmgOAIBAIAm0gWM5u0gA5aQCw5aQDltaRK3Te1h3wK1eVqWLDZYHArbqZmcfZE/nd9AQWEFZy8juA1vfvWAnQM3ke6PmBsm4XB9Nw7Dt5DedjAVkFjfrniAnM4eISHccJdsnawQWLEDU1FpzlMraHOqmwYTb+SAqzmBvYd5E4JTwM6Chdiz0ZgYEuj0xh6nJvca4+RYzrkm5ZJ9ABSboHUcLp07COg1Fg6alqdLxVqoT7YkOnP61T2zoOVyjzpIraFacdJQg51OiZC1SJw444dOQyaYQttGSa8zNP8Al4aPxHofC+l9j0H/AF5P+NR+X07LS+Hd77iBawYn3cOrIjUdqNVLrsl2JI6HKp047+nvTz2tVnHbMkNJzlzVq1m31WnryG881sCuJuOx1AAOJuAVydbG5kdIVydO7H0QJiFNc2wlCvuJ3hsQotSmxWqDmtOBscdKtUjacemJYz3FMq/9Y3ztmc5qJQ4VuW1dN7Rs7txWrTbbbZr5rh1HBZvZMyidKnecFKbbnDmo1Ij1VRmIDlAKaeKUSEuNY34xOVNUtop/XljOqt2phwpeN/tzSrcdxexSqOu1bSMR0OUfFylO7HECu1Fi7UU3b66axCzevGoAQrdfNt5GMRrk5ccyACcnTrmUDYBXXXXYdADqTrvaAbe+z3AD30N4DV5DeAryG8BXkN4CSdd7QHb6G8B29+9YG6bjmcTGLRR7l23rgW9wTbk3gn0l4GUmzd2Bb6Rb7DIL4o3rU6AJpRvZAB3BRS6ubtOgyNaAp2om22yJR2ihG9kMbSuijZldrtTc3TbPMeisdNOb/QC1J5cQLFJ0ytoWBNPWEpVNMAu9+9YTlFJ58Ajw5eb/AECdPXkO6HmDkam5aA6SyVTfsEohOlWcm55T1kQvLm7lG2bhLnB8nk9n2gXGmU+477UPQWCtEzp53Uk8eyyuzVth2l+Xeni68R6PkF+JXUbdNzJ5JPvMc6X/AE8INttt9cK+Xaek6eqGqBTG50KkLRv/AMztMekcHE4xU0CYY4t+K9S/DVG6eBq/xMP5j5WY6TfnertM2fTPIUJRTceozpJRQ0K1iUUNAlVcuABKmYBIG6jYGQEA4WKzgDgVkFhwKyAcAbAQCAQH2UP5rfUEA2WM5wNBBnK8juAbLA0m4XLUgm53AO3kdwyJynE3AgnHAHb32e4abDTjgAd5Hcd4a1vfvWdpw/e+z3E5XQs7WI+z3eoDqSQCTTK2gemmA7Zw3ljOeTdOXRm8hvOnLo+HjllHQFbQ7NSzrrqRroZnSQHOa22I4WudVO5sZWuqhTpzvOllVKcuRSOnN4QTjl4BMSeTOOAdZw+kyf6CNj+wNDmPQGHTqSaWgSSQLFUdhoiqUkjtnSs7nabqbDpGHDzzijignJndPC/OkOKu4gpzpzrxzIvTKblFu5vFXLTwdTcor64cnACdTlJOGxEoQzk5cbGYAHZ064Y47VedTp1wnEVEuOOZm1yAczh4gU+pXLMsZ3Nambc7zYrVtu7bUNjlSKkUb7Q5VSb5cTYVXqi6tEsZ3HqiUu2tMbGRXG1LU56T06dgupsh0R6lwGcUpuOsmqVyr2vbRTTkDj8Kv/zj0zhtY1SxeqNuo2ztW5RUfVArUKr6dqPvJwVdtRsqaApsAziZUIhzLiWgRHLiBgBwBsBwDW+juA2A1vo7gNgHUnQCb371lYLvobyjRJJuQUgdgm7vG+g0AlRsCWp2b2nuQOk061FtQydixqN7IBpeb/QhoULEVsCm0402m10mN26tTlRNmNpdiw3Tbm8dsA6fR9NqGKtUWJNOz6IGRpXCTZcStK1ybPgVtCdTT1hI5NMDe0dA0TTcAzZN94TtNXkdwRwV5HcDgdJnNs6AldU3LxPQagmIycpgQ5scJ2mU43hmUx6SwiktbO/0H3mz/GzfmLli8lilJMLdO48dTtmfHLl2YrKzvE2Kk57Cp6v1247KK6wg+iOdi7Yv9NzjBCbqaopGVV/6rlRymDbcdaqMTXyv4d8wzpmjP0FnEoY443y65snR9IWX8Qe48uvmHUTd23pmz6x5QA0K0hKTOsWNVXZMzQrFK58TQDVFNZ24FHDsgM2kCeA+QEWKyAbK1ggsVmwrEAOAIDNpABWkAM2v7wH2BcdP56fSleR7o+ZGGU+kUq4eNDsjGE4FYM2NAgrVtE3TtJOOAJN0gZvId0PMnkPpugJx0AIl2QBqbpDg/eb/AEL8djDpYQBKeXEBJ5cQHb371gPADljOtNFuQKrjQ7vRE7ScKrGlMupXg7O3OcQk4Gpe47Wmx9hjHOp04a1ysTm8czJQdTk31oE8mnZx0BCfXS6KTddjoIJG+srvWHeHTsUr05dYnnUp2l1IsZlRrXER1JOyBXBqnTcnLuuJzF6L+GU0+ixAkE5NebGkV60LGlgpW36B2MBqcqedwueksNtI0xHuyVNKAMQM5TTT6CUKLOU4J9h0IJzPgBAzlyzA5845duac9BjVqcJ7wIJxMCr1IpZ9Go2OHOK8cUU7TY5qjTdu7ULFDns3U2oM5ynKd+I27QDvlC0IoqraRNiPFk/onxJUdK5V9XtxjZ3gQpTVRqKZuHagC3USjZtY0I22oBC1FNlJtC0UAp9XShS0A5845DUXtAS8j3R8yjgRzrus7Al9HcWDF9viBpfR3AK+juAV9HcAr6O4Da83+hHIzfQ3nAze/esBxJ3UA8WA1L9WJnnYcTcsysGJuQ1GwSCjYEgo2BfKFbMguCjYDzbeyENCj1Eo23ECDUlFq2Y3dXKkW+wxtLt9CNWiuYFwlFSNmNqdCppu8T0EInntS6yZP9gBZU3Ns6CtoWKTOBKYTc1AK8h3Q8wnk5eQTAjHKyswjQfxMm4BrdwBp1NzUBeKZdccMyo/OU7w2I7V5yTOQd6TY4Wui09tMddvUvJ4ddSTsjde3mLXyr61dpjCGbez/DnP321fh9PztcuScOTjGHTux7zRV/125RKFN54/zG90Cg0+j/3L/kdawo63oClm+enq3DNxxNTQO6/2B6Ch5C/EGxHc9rSWkXdZ7seG8WNdh67G1PQVpinVDOsTKmRrVpBTItcUWpnDwLFQgLDhWsIBxMmBEBAIBAFWv7xYzsqZgZAQDgCA2tf3gPr445rP5vfQGQD03AHbzf6AIraDZYrBmgK8juGV1la3v3rOsptaOOEoaXm/0I2HAZxwkFpuEje8hvBwwWINlYkE8+BYH03SxJ+8h3Q8yMidrW8juLXJ1J0raBd5HcAryO4Ae8juMuRTlI5cpuTOupmxodhwune2FVjQ6lepWWo0etCj1qleEjkFapRJg5xOZNFyJU3UM5Jk009YLiF6HHNiLGfh0fD3D3bdBz2dWqMduorDxJLM3MuOryXYktAlYkJiavf4GJA4xi9JXYZnSK5n+V7rsL2+ONXrJJcIEvnXhtTiUSpeiZL1IqaeE8m7ZbEibHKBrZJ2d5ve4Mbq8qQ7RVl89783a5R7lM9JjTilVMpZkxCkzl2zJFOnDkHIHbnlVnEzayoNvqcfALFfnDlmaHXTnteTdvtPQZXPajumztnU1rsNd9VoybqKGVWdoVS0qPQgdUlE3bUbNiEvN6j1EqHOauqNT9N0FytzltttouZ0Ko23dgN1HUbahIrKlR2jZqDVR1HdqZAU699nuMY0vfvWbBCOZ8ANAGysIBAIBAOAIzjZIsG6OXEB8sBSRzRsUg9PPgaA8nlHwLBMKZAWOnWmlPcgXyUtXamZlwTBqAiiijammMgrnNN230mNrTUpUioSOgUI2Yml1Gm1FP8A+BU9B0NRyzTMbpZZNU0L3QFbRO1pTu+uajG6TSbjhsE2m4Y0ndtCGXHA6QLid4HJpNOzAkVMwmNAhbKZc2zoLFK7JpxciRanthxNM0qFjw9k1650Ilit7MwRolJJLVYhncr/ABGZz8M4SvQ71zXF96fnl5Tc353xT0xw1XtW5Onrj0HlSN7oVCKdJnnSt1vB2mrtvQQM86Vx6cvE6ao3TuHuvPfM/ldVd8R1fp497B9P+G8j67cSdz0PgeqzCVFDQrT6imoCRUUNANTLGdupmBJKZHHjQwQHAEA4WBFYbAOV7SRsds7ZXtA1AQCAQDgH18P57fUEBq6ZZ0rbp5cSfRveR3F/CTbhSgGaBlzLieesYNisOAgEA2egCLzf6GHYng2bkHkgCk0wH003czEkUklefIkcgj4Xc/uw8y5B9Oi3c7Ep2JF/BTn92BOp/wBHk6LczvjZrkQnh7/HmRnP/BSWrQbca9rQkPgtJP54r1oXGi5MnJoXqT5Fov6U67Stp7bTnqnA1L3NZ1Jbw7dqXOZNZl6XPZ0neOGSOluoqik+u2J1VGOn0vRN72GzXLptL0VFM7Z8i5p3qWZCYFdnbqUAeqtOnb358lCAcy4hN7F8ySSyvb/sK2jhW7O9d2IraORTqTskSA5pWtaOO7Ebo5VP4nsuuvDkCN4gOOmTIK7U9T6uwkc4qWpY6zY4Q95HcVoCuZQ8CwQk57QKq4bHFVObqXh6DMptYU4WvPUZtQ1uQ02p0COp20UqLME7dBbTU13YTqsV1UTavVDrpn1z6bNwb7DpQhWuw0/0rDKKWo7A82Uu+0Cstyg1iIbprWBCtyaCeRjATqRsEU6lqAFdA1MYbAcvIbywIBsrBACLAOVg9TM7oSefA0g9HPgR4DEiQ8ASnlHwAnFMgJtRQC3U62ZBM3cTsPU6rsmZwICnW/8AOIx+ta5SkzJXGkKc+bOI0OtyhTZNCVtCUvN/oZOHa5UAneZmFpdITT1hPSYTyj4BPqcTcTAJTcTK2g24neAQjknCMBpycA5OTAO8z74hOC007MsZ+l/kzkSEwc5rcgbWR1LCKS7boNgNg9r4cpWSPUTO894y/F0nNnQjsP4c0/Pa+vgJiO3d1fpmyp6Immk9jPLkeg6nQSmyETpW7Hggntl4cK3RcfKk+G8NdNA+geJ4+XGLk3+I6uehrPZ/DeZ9KzaRPTcnFFDQrWJRQ0CUUUNIfUUKlbCihWsSICAcAbAfUUJD9r+8P9gUgEFis4FYgBsBAIBwDZXLgB9fryO4/mt9QTmfAAC8hvA2vI90fMsVn7yHdDzCtqm5elvTpo44VOQ15HcbOFZq9U7gHUk7zqRNBidMTpz5E27BKJ4fTp35AbA6ngs7q68RoM/KNNPrs+MQfSw9kyfXZ8a9aBSdMYep9F8OQUnOaKSHIadxBor5JEZRFuYnp/QjAA5i4MArmILhwN41o65DrwDnxO59dDzADcnLmvrxYG3J05r68VtApOcu6uvAXyiXXP0GsraHUaXd2PUbBNuubH0lbQrjid6BVpzTEXDQsRaeHqUXNdiY9WLHJKXvT0dZF4ktE2fz5CHQ6WSSSSsnnztTEo46k70g6VaqU70lDls6krt5rvghrZTpI41Y1SddT+fIWleWZpXoWdTp3KBjS5pWtTpF6HMp1OnHXCsRfPDncAJU1TOWeRocWqO3Uu2Gd1aGbqSKgRphypek1Zybwh3Kl6SVyt/El2ei83/sC22ds6CqRzvNrKok3Uum8iQM2prUNblQZu5aN6zG6WeU1HFtTrhYzqjNptdN9cNjOhW27QCObmyhpVor4gV3eRrCbm6n1gA7dRqfWgA87KANtqKOAQjlN3nQBAOyWEewxiCdS1GwCugMmMOWcN5YGysOFgcAbKw+mnrLA6klrLArOG875EgnlxJDhjDqbpoEim4WCaTAsSjeorFklPaUiaTIgJUbtDMsRspU2s5XrEnnofE5aHRKQbM7t1Cm1LspXOjyegVDFqxeaappNNMxNKXTcAKvfvWE5Tt5Huj5hAlPPgVtHglNwJCuOBBJuJgHp5R8An0SmmA5Zx74+RmyKU/JkzYhdqYTvHTayPUGAlLpPe4dNjO9IJJWSWwmdnfOD8aJ3/8ASvS/9gavpb+J0+Gc463wPMr1U9Tn6xgdOtU4paKaFQ3+NDteAVNFVeWp3LmryMppLTJQPdeW+d7bd23pmz6FjMGgSEoz4GhWsSvaaBIqZQ8SfASQHVMifBggIBAOAOAEXce+BYHCwNgIrVhytYMLGcgHAEA4B9cr371n81vqGrjgAd5HcAryO4By83+hu2OOBSad6T0CUqLrSddSQJZk+lye3XI7Y8BJu4R4fSXrrwDqTlFUx1NG4AYcxpTT6kibcEQ5jTOnPkTEK+5iDOnfnjdgHcnLkfnjEA7t3601tBu8juAcvN/oAReb/Qw7E8GnHCQKnqciA/Z7vU2oFJAFANWce+PkAUmkVtA9NMC5USnZFbQ6XJXdjNgMcdNjgze+13FH/qvaXm/0O3WI91K8COhskTd+SM6p0lJJ1JIgDuuu5xNzGUlddyAJdnaSSRy01zydVq4nG8iSao86xPnTvU+k5xZqpuYhTrX14ZHYdPE536404v0JOcTnHDHJiVPnLjbkTa5RLklMuukQ5BNM5FYqVxNwIqquKOBBhxNz6I2OQziYADdNRbyNercQrdN9hawYjG1DtnR7cnNrKqTdOa2wI1tO0U00NRsQ5NXWem8THUodSrbRTpNuswLnfaszYyE3NgKhUbZrFKdqZtPMxiJcqlzsgbAA5VDscugBJ1q7DMCYk2JzcXNtgBdZPOE6kh0ABNyfWBWJ1Jf5TmsCDdSjCJjA9l96jYFZfeoByy+9RWG7L71Fgds47ingbpJHQcSS1nI1cy4k+jF5HcVZRve/es7yjS8juLw8k7qAmE3PICdptzuAtSYFiUbMgkVGwHG2zOsE0ipdtnC9fJRTqpyvT8opza9RkdOm04pZ+56TitDpcnqVRRMxYsWuT1MnZmJoWFPbIBKUTTAJs93qE8Bm8ziO4w45qO3AVxwrXkm4BKpuATaYTDgdJ+TZcTv1n9XGi3NtNrG9N4P4ipyNPQQNjPHUfz9TsmOgzs7wL+K/MPzPpHTKpmr6W/idPmGpyTPahDbHTC9DKstN8lVZTrjuoraP1X+T4IKKOaBODvvzOnHcaAw0TpqT3psYXz9/EErz+VOnlEz3bxNeU8mQb6OJ734ir6EqKGllT6imoCaTLGdupmaBIlbQdUyJo3ICAVnu9ScCIDgBBYHVMjqjc6DZWrOBY1tf3gzsKKAPgMq9oDwH1ydP5rfUBf4L1AITplxzqSJYzpRPCRxyO2AT6VFpp9deNisVzzRdMfI+/A1cxqc/sVE24KzOsQq1d+eMQr7jjjvTfGxoJNwDVx0yM5pxwAE1tBAI88I9AGFYV5HcWDS8hvMXKeBtnDvh5HfCDiad4XCTTpj+OLAVZpJxAV4knEAvnlLvK2g9zzedpyLFJXTloXOSzqyAkU51enoLBSSV6WJT6VLdITnJ9KiewOU4lS9mWKF5sU7LsI2J2HnZKlZEsoWdpJWWxAcmnOIfMvv0oohprlNT4hOuu67EIUhxxzMhoRbiTrY7EI5Jop7bfGlcj3XU0jG6Zvk9wAk5nNmBSZw5eOFa+g00za4EOJpmZWjG200wjYrzc4NrhHuVMa3Oohtu8LGfsE4m23nAuYAralmO0qfUinca1auVG2a0ONYit7WEKFNm7SGslR2qzlewSga2QH8f+x3w8jYI2cVp7M3yOBW3J1GJ2BGmv5Rlk0ZvI90fMuDJnCAslEuWcIw1GwdHtLtQCFnCmsCrOJmMRjqWo2DNjHcVhWMdxxobsY7i7gKxjuGh44DhYA22zNIBb371mkamMIAg2AlJ3UBKyWdfynNQHQqcbUbU1wAmFJsor0mQEq1cp0gSajfO21lTQnaRU2vIodumyfqnExNK0U4pC7M6t0em049hU3pxOm7sjRLp0Y4n03phaV6k6bgE4m5ZhJ1NwAZxzUF4ZzLiaAw6Yw0m4BLSecWgTLiaTnKYSk03E3A5WiTJnapcKYTTvOg2sj0hgknSyUdBfIe/PQea6+k7h0nlICtqeJvxSU0pzSGnjI0beB18ufp8tm5RWF5pv8tmTho5xPSemqys9BGDpganWsDMP6zqZyyg6DHfcTaKjh9hK866/wDLnu914j4ycqOo41FXTsT2GJyw9MHyhQ2MaZUUO16WUUJSKUUJQMISJUyAwAgEAgEAYWB9TM4/oZO1ZAIKw4BADgDgDYH2FTotxzpdeP5rfULGnJpNTO2uAbznFtOTJWSSJYzqw5WjjnzoEO444788bVZJuADOOgK8j3R8wBCGgXdxOcicMOOHSoy45rJDN5v9Bws5K8juOeEnLzf6A4JO8cAPk1MOO/Ig7Hp0W784QCXJMknDrxIb55TTAjXKnvOpGpBhycuZ3xlSCvHXIG1B1NN1wCVkqZW0LZTCWsC0p58CtoSaecfE2E6TckSdvehA0LV0kiT3YgErSik79ACHuZW/8Pj5AORkjqXYWPNSqbs7zsLgB529d6bG3LEoWdJuJJdJDrlVJ0mlDru0HC6uZ1rOpKlkiEOfOVN2ENAV2cwc6bACAnLkSVvCozpMrdohxyzNitFOOOOZmNYHtImjasMGNYGcvNZYzIxxNwIR7knNjkE5TXQbHOcHOZ7MsUE4mWsCIqRxOGUCexzipG9r6DUrUWo2zQ5UKulLosQ5jXUo1k1S5jOUzWyK09lxAYvfvWbAyYxpcbo+ZZ+lG5YEZwgDknYwiB0uj24OJ64mwHTdQCouJw1ARdjDeBu4mYw3Zw3mgMWMN4GCwOANgRLoDSmQD5nCAcLBveR3AYSdjCJnEinVLqcOk2A1Kp23ewxiQTccc7AOo4dN3alpqMka1/lCjajZmS6hTcou1DhoWNSnLRu7O2d0SglDza9OYt1HNxvOkipW8xNCTk/b4hIlwHgJxuzb6QdC03DQvSRjEQ3kAMmnsYDYBaabgSnKZTdTA6fReXA79U+ui4eyVNx3bTfXmPTWFtL0tFLbnjpndaSoilYpdRNDQ8hfiM4XJezRuneRJnaK+Vk32RzTJwMsX1aqNppypo6FJI4aXq7kx8n12UvXoUKL+KXiU5QWHHsyL/5Oe5HlviTXU3bm9XaZs9hjR7eZ6CsbKSxnS6ihY0JdXtO/7EkmcBAPqZkzsZICAQCAIAcLFZ1TIDcBBWQDYDgCAcAcA+wzk5cP5rfUIdycuugCXcSxnK7iA6aFZFgBdIrTSsvvUNiGpwGywauOEANxMdpNppuZASadMOzmIvQnk8MXNRgdphJOipL1zpN7j/4adxCTT6kRggnK0cciSIFxxxzpAAJQMNgeTyj4AGJ0xOXepmLcStVMYSVo58gbNiFukvJ6xCd+RNGxdldAovkvuybodfMVrpb0sBaJT211841pweklg9Jdii+bOULNJKpwtS6kgaOV/B5yqUtewoEmtUqpd1bEgd4zemncRHUukYCk8Uou/IG1lTSWIruaSADU7dnc7Aqs6Sds9teA586k7B0xtCBdw855d6IgCuYRJ5gUxySppgV2cpplT0FAnKd47rSJEM5Rc61AD/BriZscYCcTszz2tHuJm1W2tIGJ2I5mju8j0GRGuJljOh3EwI1xy0O5GdDuOGtClVJODcyKQ22BXJxnxNDlVKiULBz6rlO0lQ5dUsn1w1GtkU51KyAjGlf5J1LgHY/8zr47DRYCVMiwbmMIsCKxb8MZz/ybLuNgvrW15gVapU4agIWy9nvMY3cLAjQA3UtYA4CAw6lrKwK4mVShokNgIrCNAQDZnGyRsFikqUIQMYtqigaHQMOlLRsxxpdQVUu29CZ09OpUepsmRw6TymRx4J+m5vaRyKWhOU3UkU3NcCl3rpdNVKo2ctKz3if96PmY3XP9NQ6KzvA5Opp2gdCwrV2c9pEWBLyCcSXPLa7gDlJJuFa5b5N2Gb1WtMn7fE2sy7Uw7rLGZ3XCCqXUskbg2MrqaWKc7S+QA4Zy463eneH+mvfpzTO19fNFyjud6lMetL0jyY+TG7VT2gvIHduM733hdgj+XklYi6Gd8fvxwcS/5dYaaT90nPbjG+UbbcGoHuqyUzAlFFD0FabUULEJNTIsSkFMiudDcrDiZMCIDhYGysEAOAJMsZzyvaBsAgEAgEA4Bsr2gbAfW50/mt9Q0cTLEGLOO4KDgDZoGHHSQw4QsILGG8zqOIYOkMppuOkJTyeHt51x63IEnGmJLJeuvAAuVomn0JRAi3K0cd+eGCG2xx281kjJwg4WBf7wAYlh9WlTdSRNgu9McmGdO9c/QEbB0CTYK4YUx7h2eRI3+hM884eyXpkaA/8Aoa/PlOS9SQGAL+cnO505sZp/WL9Tic6xCnO2uvmLiJATrEOdJ9dfOmhBfGm27aaEavVLOXhoXRZEnUkuuhI5KtktZYz+BZ27e5BCLTnPMpuZU+nWrjnUokYldqWSdnXaQDJ3SztlpwOS1R/kV0NABKdJAQE6nUHXOvHGNCmuJ3rnSUdiNdkyafXTgVpxyi0upIlfLQh5zOTahXJzOkjGlW3HCtoRTjiZpVmnKlTTO5NEU5U3YdM6OcrFTMuVaiHKmvA4RrbZsQGcUOmdXZwmmbmRUajUAp03U6TY5VyolAKHUSt3DUTihU5tKDWyKPUsn/lBKnupdsAgC4nqLJcAaqsfajriaA+YwgM3cDYDpMp/KjriZLdos9MSZxGHSQLio2bBGt5AVpwDezjuM40cOqBHsuJbAMSEASjlxAFdS7YFAjHCoatZcDqBk5DhoDgDCmRYJJJLtiYxbqaTiZIsXKnFNrzIXuhU6oZ1zolISi8b0MIlbt1Wm1LRTWBOKScDRtS0b6TE1dCVNsyHqXRaaTs0zA0rEm45kBJpuagntOp5x8QCbN3u9QZAM5vFO0CqVK633BAFNxwCTTAnpMmY1i3Jpl6tZ5MnAtUrjS6fd6ljPP8Ap2vDutkqX66hcGysrs9L4p4WTrryFuBTOVjJcO51RWnigB4XT5OLrs5vJKGh6bwUpetqXT0EYIE1ndixExuTpfCzTwc+/wBGa3OvzyfiiY3RxBxkYfj2ns/hxj+njhrsPTcjVFDQrTqihoEqpkT4JdMQEJiBwgIBwBAOAEGcNmxW3UUCtkBAOAIBAIBAOqZAbgfWg/nt9IQDTjhkCu4kKzBoG7mcPErWGrL71GdYSaYBicmdcNjjpIp0x2HXolHHE5N0WIEFOa0c+TJFcdnLjnXAG7OPfHyI2G06coYTTcd6kidpTMmwxrSddFiNFok2BNn/AE08RsFkTTwwpj5E28oJzlCRkuxSWRDBXXMasQpz8/7gZA0nOnXOuvEhl2tE5N1J8AWTVO5U7mxAdjw8om9SvXTitC7TtNJNMpjQ5BWrkPrjUvqBTnSf1xJ66Xh5U6TvuDXeHMX51K9ISESpjtLGbFrkslSsjYhJp0Sk6GdLJUsl9ABZ6WSsgJWdzrYmAOF4oxddd04aHPXU3UogVZ1OdQc1wOe2hHpyVz5w5A05TTyceOkVU5zZ6iRUXNsiZEoJyTXhW0IacpWZWvtxFOJm1wjHEyRDOJmVSD+Gj0GVhymopgM2kTYrQlSN2mZtjOqzk3O2dBTfW2WCtVGoWOVZqP8AWLETpVJsoWOVbqJTcaFDn83U3BUoE7S1ua4Bwg28jYMGMSCVLuudpsEoph85N84gdIw3wFRYb1zfPvMmDrVOYRUjKFNSiRrFcrmnVVPkjIKO2oaxBttlYgnHNRnDt3EBpxzUAG6WzsRpeCACE8uJxOw86diFdS1ACNK/yTLLgzZfeo1BWX3qA2TMYl0kkneksEvJpNqKxdKcU1GNrWyUqwJF7p1Q8eNTrOG8nUNiHQlLRQyO0kpaBJNycAmTpla9d5Opshy0pdPKPgYxIKZBKdTcAnU3AknM4eIPEW4mmEBvhpIGBfg371AxJpyaKeYT2taaesC0yVNI1OVvk3YUsa2JHV6Zamk3SELM6n8UJ2TprQzJeTu7JdtSGi2yVKd0vGxdQA4Z+IriclR2Eum9lHt96b4xvz1comonKjro+g/EV/TnZpBiimZ6P4qv6TqmRAkVFAD1FAClMyZ2HSA4AgGwCAHAN1Mzv+1bNnu9SVZAOAIBAIBAOAIBwD6wXkdx/Nb6hi7iWDQBlzKHgVjU9BWMTz4GNY2TT1FYMTTTAd55TTN7gA5OnAK44445n3AZTyj4D0O2ce+PkRsNqTk1F1pOupIEi2p4Ruyb+mnSNOU6lOcPaY+Q9+RyIKdYuuudSh7gnDVXcnM5nXXSTtp/33gbUHU7PUBhycpgRrk5cdAb654FbQ6HhHTO2ljO77JpK6mlrjEo7aEZW06ikn0mtocnrVy9T07sIHH/AEvcvddvXOokLua6Phe7Ooe4skSapjuNL0TiHO49CPuDW4XWS4d2XXnyxQuyUkkieT5rQMSskiWcWk6lCOoCQSd7IgYddvQKdVMlSDQ4ziHrS6kBy5ycznWc+NCLSnTnzhIhJy5ExiKdc2PbC0V/nhPuKxDzlwraEM45dla/sG4mbXCMcTAjzMrOHoMZlxPWADZ7vU2Gq/UincdTWaqC2ptZuZALagFaqNQ0OVdm6hYKxNlAKTVyhsZVMbUJZ1CnPXIeBAiHUtRsCSSSi70RA61QlOJtKAW+nVFFGzIOoKKUiop0msRNRVdTqnUwKNUU2UbMvAqDbZqFRqVyAEE66AQm4YxgBh7LidXoNHQcKxuklqNAIs47isauJlYacTAGdS1lgFsYbzQEklrAmk0zGlP00n3BC7SlTcZI1rdTqhStXmUKKHnLnSKDUtOk1uVrlCbbZk7drvJ6bswkdzPeEB1OmnFOnUV60LLJ9jMTQfAlk3NQT2mE8o+AT6UXHE84hAq83+gTwcDkgD084+IdeJNNNMCTtIEYlYZN2EuFqkyfSdsa1punbIkE3TpmHJOWW2nDTtdNw6xE/YIvG2xmdSg4k6ku9/UMEWj5efjmV8lT3s2KWX6U3fgcRx9PhrXDd23dwPoPxFX0ile00ibVUzPR/FV/SdUUIByigEgooSHlFAH7SBAVpADcBAIBwsVnle0K2oDgCAQBACAbAQCAcA+q15Duh5n81vqCvId0PMDU9BWMs47jz1jWzh3w8i9zlPWe71KHROOAAOOgA3ke6PmbsjjKJTdvDC7N2d4BPSbD5ycw1fsCwXCTUZRVM9deKw05iDzM5ZJAVic4gzmc9d6DY42oFw7PCTcAPSdSUATk5TAhHHDagLe/esApNMC0UXTF66VtDvOGGHiafUkS61Y6K7JXnUtiQJWKdOsL6onRKwEnyXVIJX07n2ot1q/VS6nS5POHvXTHzU8RK4ecq3DBJ3mWlkNRZlZ5Y7NJcU3Z2ka0abdddc26/PQZWL1xL54raDHPU6TLXnikp1WyeUQOkUQ667HbSBZXUkgKRVKcSI0OW1rS7jkdOSOfOUUnJTnV6o1PBNPIRKjzly86UjIItNNyckh/8pbNO8NC7EVOpMmkY3SGdSTU7CtoVacN2hsVqm5OHHG+gzqT22hyedPQZwTjgAzjh2zoacOJuGuIU5tS7b6CekAXCyKIqU3b2w1OEBN2952IJtTZDQ5UOoldrzOlCk1Goaaoc2cS1uaclWFdS1dEQHVOvAX+kKjtYZmwWRWogDPiBrf5AN3d3nECObyAg28isVSc5cTOIEAhMBwDV0DUBAFJF8BSeXEtDgGXMoeAAll96jPgxZez3lY2TSO1iQUzKp0sWunFNRldrWooFiz06puDp0enFDI7dGlCmtQgWOj3LRzoMuLHSlG1G1CACm44o4OMEuo3eFbQkk0yGho45ZmUQTdSuJnIsNG1k24Ba7uATrcIPp5x8QkSEHbyG8OuRSbgEmm5qAuNMJw7CBcZOWVgidvIbzvlm2ikv1okf8UXoaZlSRTdNit0NLFLmWidPCH9Qb8ZHxc/GTx+jXFWx0m/SnqfhdLvt85W8z3XBKKAWRVTM9H8VX9JBRQgSCigBoG6mYDpYGysEAIBwzhGxnOAOAIBAIBAOAIBAIBwD6wWcdx/Nb6hrZfeobRsWBAIsVmwBHMuJnWGrO8AKTotxzqaQE7JcI3Y7a4b9cLOknRdMpmB2i3MQfooAQTk5ccjtjwADiYAp6CsM44QBbyG8cp4K8hvHJwaNqA7jlmBKSZNyc9SRK2h1jD3BV2dR0GpE7txnegMPOTtJpNHQc+IlmvQdNSktLUt1L5cj/6IKtsX5LJeoom5xsccxC5Q9Ux6mY8dWuOVrihiHOvf3s+KZI9Da4dX7jjjm2PHThaMJMPnXXdA7A6USPWdExjJUrK+9+a6LQlOr3oO2dIpOmheISnSSRa89JJVQlD5AgWKSVvFJLYoASjs7ddAgXUnXQsQU6TgkkFjltazpwraHL5ym44diAs4bzLwAHHLLqRyMu1M44mV40ItzbCRAuZcStoVipU93qEVUbPbCxmOOOBIRxw2M6McTLHAB3qkCxFVxxw0IDN5gvaGqU3VlUhtvaztnRreQoim1DW5U2o1NrM6lR6iUPUVueOJ7Zrgc2CNcTOmc/Zw3nWwFJ7GahYJQ2BLKNgG3cAAm2wIRtsCpuOGMRQCAkAG7Pd6gNgIBw2ApJ3WZw7eR3AaXkN5btCvN/oRwEZw4BKJketC105nxMixb6dlN2Fq/U7Tu4rSvtOJlbp0iTplYMUUtMzK7WCjnHG3OgJWBxMgYk3XI+BW0Lyp1EhoAOJmYRzlMp6zgStNSZNICVtIhOG3LxMAVOpXL0IWJOcphI5NwJFhykpMmHUXqTJkOosyRfeni1Lp5cTlyKTdCtIXvtdxnG9796zYrVbGmtHKZw+fc1noMvL4fcumvG6xrGPtR7T0/wANb9PPN1+6e64GqZgW1M0fiOPrsWpmaEClMgCwHEyYHDsIrDgCLFZwKyMbQcNjOcAQCAQCAQDgCAQDgH1kP5rfUEAgEWDV00OL20tInWw0k5NdkoTKdF2e26yEphKcp0wdMyPnOILjnzxjWKy44451w2qzSeXEDZxwqWBXHDoCXkO6HmTytaOOEoB3cSWcUntgExJcPq0qfqaI6HTaL5Nyf6BydmzR1ml6Koql80SvdaF6ktUJSTqSHkaMXivimDsSGk067sWngQOV1q5+31nDQ5TWrhxF9U1xNxxOyTOkBXcPlJMleujUYr1TYzRThoE5LD3BJrouC9aON9cd9+b7GZ6CkrkXE+vEs4xxxyPUzYHZLJZ1OsgLzS2HTvzoZ11SpZOSJa9YACU7SkgEVO63dd6kgBTJzeO9dJiFKnSWvxIaVHqedWSen1nLQ57OXHHHNUYGQRbiZIfvId0PMraAjjgFcnM5TK2hVnHLw2K0C4m5kZ1TDil4WOEe4nZmhUiXHCxwjm+ogQjmcPEBk9BjV+bqGgVhtQ7ADahmUoVtQ1uVNqNSF2doUiolDQ4UNtQrdIRxMsYTZsVpVPKPgBJpuEg9Rs7Bl3E4/wBgFtsCFqRzVDWdipuZ8CsMACo58AJtL9WIGjoAt5v9ABwCAHEndYD977XcA6WDWy+9RWHU8+BjWCrSAByihzI0LrSKn7GB3EOmU6oYmlcFFNrJF2pxS0IHQU0wH1FLsyu0umnFSIT0sqbmxkB1TrxV40Lcm5sfSGg9ZwbyMaQjalkBlNy0Ak03ADnI3kAIxymegHpJ0z0A9Hp3ifYBMJ5R8An1YKZzj4mL10vEmz4Gu9ET6bpw8dNJugaXkdxtYzl5v9ACr371gcH5elfxpvDXTInrxW+JOOtR87VdptR6ytSVNrPTE0oobGNPK9pY0JJMCQTAJUyAwA4AgGwCCxWcCsgsOBWQDgCAQCAQDgCA2V7QHgPq2m4fzW+oOgIBFgbNCtJJ0w46dpSCaaUmgOxDTmtHHHNiAi3HHHTrpmK8hvMSxi83+hfyrZTcLug044QBXTGsMmxYHgm44ErFReGLk567H3HvyWZ0CS4fYe0XC8de9/uIFoSxdTSSs5IgBqliG67kbME7JnHHOkpegn0nXYRNTQt1Lo6oFa/GlauWSYS41U7urphAraHPpym444F9gVxxOTJkI6cxrSpnHCXLmU4c3FjOuWE9SuXmgTSPQZo9nYK4eVrPI6C8RCh22S4WyWS7bPNoNYfcralpL0JIE81nRbuKLrvSkiTgUcRHXUtTsQBHJyn112IRQDmIVn1JEYK9VGIdbTrqSJDSpjslrVzrpzsaFOnKTiXv7yA3UVW507ZlJVcnM5s+mJWlVXKmccNCzTaabjgG3wY3/dgee15f7OOSazCUY4mWM6Db2OAQhalciegyK9Z7vUAVyN3ACFbUNjknDrxREE22bHCstt7zlyBbyj4lP9OP6QDhqcKxUagFEqJU21mVxtQgQrdODFSNbUJscmbOHfDyNasQo2AWm4SHLzf6AZu4AQ7iZAhXE9YEQA8klr6IATyaYCcTAgXUtXREBkAgBwB+zjuDra2S/ViHIsxrDqaYByijmZMgtNOUjd9Bi+floWynaR/Y6juQdLpynThoWxSUbWZXSyqKWZrcrupmQJmTpmVYk21CA6QsYTctDjpYukmbi4YmhOp58AnwPOE94EeEJVNwJSKeUfAJ9HJg8OB0bs93qHPCYkyYFikyZWLGnlxO/XXqVkzhW8dPJugbXv3rLWdsWKxKfUeJYPBn4m2JUVpa8lA9hW+VFRt3bZ9ArBJqZHofiuPrtPqZFjMnVe0saByYEipkTRvZ7vUYHDsIrDgA4D93EsVn1cuAVtQHAEA4AgEBlTIDcBAIBwBwD6oppH81vqByecfEB0BAPJ2YCnOINnsSRvcIBycuNmRUYNisgEA2Y1hAIDazcc6mbVaek2HzjnXf0A0WKzoumeggCuYgxc6mBBOTlxzrpIk5K5e5EC5UwneOAdDphJJPM0tC1SRJJ2Be9Bb0tiM70FMxDcve0Dl86zEKpc5nKaaeqBjHO5zUzjnv+k9Bxaqjkbw0LsayXk5YhYgOaCCVJsFms+PVuC3I5k+GP+W6rR1QObXUmdu+pVtzKlsSHuPcG5mEfFLs76XUbg2IMXqTnyBQytXU00vkfcBUinHZKIg1ZJTrqQ6SIklE/WoHAOdSSkpmFDraqI/pzW0OPzl11yOnCFTnMmcIaMQ7lMauumR2ZjJk0sytcF6l4ASl4jvAgZw4maFtUupnIZEsyuuOFSoA5tZ0I1zLiXOEc3maa58BOZw8S9N7RE3bO2dS22zY4MEgNtQhCObU3HShWJspFs0Le1bblJmVIFqUmxyrc2UMlilCNqECMbU3G2xnRZrVleQ3gO3cACFGzQG3MoeBnEa3mBGOZcQMJ58AJZTICQcyh4AQbv6sABgEbA4mmYw7Zez3gGpp6jmRoHJpkB9NODcDL27WCUSjUSh0inZTspjalklKlp7noDlbpQptgdLcopd5k9CwKU3rIEjaWfQQsbfEdoc4sWmm5vdxIBJnGlnDvh5HPKxOUy5G8MLQvymZrvQKbyMiah7SABaYPDl5HcDhi8gmBJyZuLgNTiaesJTiaexkCwJp7GEjU84+JkUJOmc4+JoeemU3O4gYvfvWSzkk6WMzScuQk8m07l8eotfJ78SrFWM7rXTrbz1/wulX08UN5nuuBCigE3KVD0FadUUAkUwCAEA4WBFYcA0byJ8G6Z2rEBWbAcAQDgBADYCAQCAQDgDgH1bTTP5rfUCQB3M+AVmXQmhXHA7AuJ6je46YTy4mRUKTzj4gaXm/0NasiQ2Y1jZNNxzqYFnUw/cT210ApxxOTdSNitFuVo67HMkQ7jjjnSA6QEmTROyVyyJStqVTpp9CZyhOUzWjjjhfXoOr4d7anmd1sW5zYkjlsc4rXY/f6gObVPObMgcsnLjjjeZl6DckwwrTEJyykiH/ANQbrZHGa77hhyUqKotO+riYHNtdSYuU6xrwupdKyReX0BGVLkLvKrpqdO2catN2OLVspjEOM5znx3jOvVMVreR69781oWmS1qWM5+dVTz1sUQzheZk3Etih7/Tk6hNSWSyWiU72qnh2kA9ihJZ07ZSR4YICdTqDnzxPCFPnSV4ctKsuSazTKxUqncvDM0ObVM44nHIkN3l4VtCLnU5TTjqACcqXvAr/AMS3hWvQTjh6DIAvIbyxnJzLiAC5nDxAhXMuJoRO0Q23aZFjntTKkm7jjfSWKAFo53RNW3+nJttTcAM12E/0IObtks6NcJ/sQTagADahAr82lO4sVohuUmlUrs2lJ1YoQjijZFlALiZyGrOHfDyAfTcNg0u4BWj3HDYIh0xh1PPgBOppgHOJgRjiYANl7PeAQmmbA+Y1hWe71CseooYZGwSopdnQs9N03qK5Hazq073hK8U5TmvogZ1i605TijnuQJ9SnLTpzAtMnUAnFLT/ANDhoJtQAZSnLuOsaJum1G1BRMpp6jzFgpNMrElJk7Nw5aFqTcNglE3DGkw4mBumDwRZ7vUHDLiYOikybiYFvkyfaQlZE8+BE6TOk4mmdM51JIsZkumnZGdWICk2FZpNwtZVWxzqVOmaN08IfTnprnxi5XVdxqSvJ37Xewe3+GxfTix6K1KKKGgTSims2K0upkW+CUUyHg3ICAcLA2VggAcAhM7jiiCVRAIBAOAEANgIBAIBAOAOAfV/qfifze+gJxwANxwJD3cQ7NOOaywCmgOGdWeSOr0rN3v3rL8odTTcc6AJ6TYfbZeuvDRJpTmTUx7+yR9+QIedYnTqc9pOCGccAyQEAiwPqZmrwbJ5cTEJaTJmtodUw+ou8c6Sq1od3w8pizTLXoBqpdsjQvrmVazq9jpzGly9xJydfI+/OukLHRWA6f8ATdbv/oCLTFjrXlC4e4Xp8yUQgJLU244Xi5yt61nbvTHpGItcDxLxYnLvzx04c3UrBtRu8g6bVevROE2Mynsp2Trwdy69E4YYgyZuOgNVhLro8lqdOddEC5gdLpbDvnvbXXzJv9M6fnU6kmFqVkkh7/T6cgc2dktbVQ7eufsA0E5hd9F+g04Tg+S4Q33XXi+3FOJudYXJyVIpjhyWtU3HPfl0W1zidSWzhtpwtxQ6mSTK3KuuOWSfaVvQURxxxxwIIJRDjgQEc2s2OAridmWM4NxwAe8hvACcctAK5N222zY5QfNO70O9jP8AqbbUs1CRDNtmhyjJvnwLHFRjagcIpwnxyim8o+Jz/YEMiwG2pdmxWrk2UtejUaFSLbULVaObUU1kCKbUAiG1LQJBtqGuxWhzSEZ1YJzPgFZJ58AJ1MA5xMAFxMBJpgG2cO+HkcY0H06b1KGX9Y77OKU52jIJJSnNRIllKdbIxcsMpUbMjtPKKNgW2UdT4AWyj2yRZLzf6EAlRskWBTIrrQcUyFEtJ3NsIFyTTUb6DIsM8z2ZUgcmmUukgmntnQcrkkm5aE9JFJuEA68g4EiU0wJBPPgDwSnlxCZ2eTTAmk8uIPU4nlxI9J2sElciSoWJNMzqBDiZ2zmHM+BLjwFZx74+QVGD0GNwLlxV78OUjpoG2doj4+Yozb4jq51z+PPc/Dd/Sqq9p6blPKKGhWnlFNRoEgr2gGqZgOgOFgRWHAEAgEA4WKzgVsqZAYAcAIAbAQCAQDgCAcA+qreR/N76A04AC6A1Zw3gb2cdxfqw2Whwxqz6abmvVYm3xWlJNTOrbHQJGM5Tk2xpm2AKc1M44YhBOidgq83+h264NhyRWGwHk09ZvEgnJrwzCXTpjp1FzQtFMUwmm5oCtodtwvTThHpicXR1BIu8egqFbJXjun1HDQ5o5S7jjgDU6STwvSvXf24HIMQsT60nUbKMfcHckc2uazm9JQqlUZla9zesU9UQiqH1TxOekdf/ABZKPbbTcPSZXqbBejHXI2d8Rbix7RwuwSSpdPQPVUTbqnMWOdYopJO2UkRLGbUB8a3jms24zMu4oOp7FBAYjUeniI59CYmlPpYvRST21A24zk5Ws6qj5ECp1Q7zKQ0OQYhTq9e0+sIrkFZuOdpjSgbO8yK3oA3E9QDDqVoBVG04uOBCaTppNRO8NjhX6lc+jiWM6qOOANJzgDZvbMywC8zx3mhzyjW1E0ztn7V+bCdH0hXE9ZpcottsscotrLgcRX4iXDq9OUS12HUApmWGzQrQM27DQ5QTahYgPaQB/tvzRHcEo1ykPZczOLHCGbpDWd4rRbdOWmRrxwhXJNrJZzFnu9TYB009t1mMTcn7fE5jqpRxM6cm7SIDqihlkWDVFDleklFAJJRQkTylOgTSin8GQvTqiin0ZjdJtunFG4kjeMptO0yY6TdIKdpIstnu9TS5Gpp2gEz1whoSKihKgSoocL03J5xZ9MDM7SadS7YU44TCaesrVpVNMpegcd6pAAACZUyCU4nlxAkFMgn1JpmuuTqaYEmmmY3SYTTCUwnnwKGBZpNnwO/GcccBl0sVhnMuIVoyy2P/ANj0GN4I/EwxJj7eh0yZ7H4Lj6fNaaNttt6Y9v8ADd/TKih6KtMqKGgTqmQEuASpkBgBwsCKw4A4A4Zw2aAixWcAQVkA4BlvIDcBAIBAOAIBAfVFzLifzW+oNFisgrNgDgSCad4XCTSpn50pB7jicmTNitWHKmccJC6n4khpxwga3m/0Lw2WNBxMAwxs5hzLib/Q6kRehLJu2ZhEjzzZxLGhY6LcvHNAWNDvWHexZlVaHQkndRpaAE7S15oFbQ5xWux+/A5BiHOnZz12BMRXOXEztyhpynvBVQqdMrXudVknqiCuZN5ldcV1Hk64NTnEF3UiiXThVJXvnCJTC/k90zoIuz2LD5ru1MyL2njY7W0evneYz7qbktL3iWnd/qNAbEGuZUkixnauyXYuoGNKIckrsHeo+RsQnKIwtdqnbXf0BG8uJzRuIeIaWHaXMkj/AE5LtxKdTl2dddeMYqTid5tpDQp05kwFZc1JxJEe5lxK117Rrid2HRJppp7Y4BC1LUvTZmxWpc4cgmWM6suOOOOATEnTAdbUNiDbex5g9VapJuodxmVZtu6JO2rhq9cohtQ5cottQqcIFvMjxHiOa7DXHJpvIy1P9AG29RpQjm1CwRrahocNlFDG7EtqawBrSAAjain0ZscI5tRQCNbp0nFKJm9OQtNRFmipWe2BQk5P2+IgmFFDYsGqSm7gBMqU6Y2hJq0iVYLGpTilpwKFjRSnVCxwkFJSVu0moobHKRUUM7pY5RlxOPAbaJ90BgHUhzQ2QLQo3dgSBnWJqTuXZoVrAmmmA5a/vFe1obJpmV2JtNrz4AWKmnIGPlK1Jp3hy0GnEwBk0wDk07QCwpB1e0wmnrAOTTJBqaYE2mmcpSaaZLOPTTLGZYU0+4zKRKaQCcz4Es4Wy+9QEPWTnMsl07rh6H4LH9Pkv+I5iRzzWen9pTvPo/wulX08kNt5ns/iO/roSmaHKxqKFjOk1FCxoSamRPg3ICAcLAisOAOFYQCARYHCxWcCsgEAnAEA4AgEBsr2gbBWRYrfUZxw/nbp9aGccCDl5DeZFZ9NMtVt7OPfHyLuBKJOpKdp10BXKmcAh3HHHOgDVPOPibvA+45rMIZNYxeR7o+Z3wNryG84XbTqbmoAxI6vSlq4R4nxskPSdnbuJPCGyad45oIwMDS7NhHRfTtpotXu9SSSpJZlTStSSRpXnXEtaeuBw0OW4hpXieniBwytbImaiqE6dovaHnPaEVRqncK16i1j1SIRW2BnJodxNnOgg3+glXaRkJ867PX3KLwa5M8m+CqJR27eeh/9Z7ZHJ6bxxnNYuc8uvEolei8C60u49Dx3VL2Jh3Jb2S9fJUeJf4JS7jWhKcyJJEhf5ES22x/YEDnuIeNkU9ikmzkjjk6dcnTt648YwBZfeoBWd4ctCGnSaaaesDllTWd5sR0I2zjuK2g24nZmxx0rbjhjdIZxw2OEROFLwsU1BOyezDkRKNjA2cyh4HXrOrlSTjZDUKO2o242WOCa7Am9t28jV45Rram4kVuo2yBCt5HQEbU1GVSba7DXHKJbUIDDahYGW1CxyHtId0SwEKKGN0NbUArzdOtwb6TY4bNym0zKwI2pqLEIio1Og4oo7am2EOvDlNqNwbzE5peV8Up0scpNWnQlLKU6QJBRQqdJ5RTZClJj4cjvCMOKSzvj6nf82Kf1P8zx3koHKKHDQN6oZEpqUN7IakCG1LsDWnNkbtIki0q9pAJTcgpACYUqToIWJpNy7OFiVTTMrs65skCEj6acTMlHR6Zs3CEnampmKe2DQymmm5nEhoOOJhCUk6dmEyLOmmnkQkrOCYOTqefAVM6TKeXElQl0yxlq4SVJOJ0z9LalJUnTH46OO0x2nTOi3JLZOASqVLpORLGVx7lht/BmGmmb71z2FcfD3lQ1f8R4p6bxPX/DcfTl9pE9lakZSaFa0KKFjOPUULGgYpmA6AgHCwIrDgBBnGl1HuiaArqPdEbBpdfugagGFjObAcAw3mBkBwBAIDKufEDcK2FMzv8ApW+pJ/PD6QzZw74eQWNrOO45yOOD/U/EsQGvId0PM52hlxwkM3kO6Hmbg5eQ7oeZwMXkN5O0bkBwsDYGtl96itoagSCefAOPDzmUPAOzSeXEAlNNxzqYHSsMcPkox0DjpFHa6XSSSd2IzvQdNkiNlA2CwJlUaERVM7STNTQ5LiHVGxaeHcYxwqp3HHMzGKm45qJEY5nDxN7j1TpymYXZ/D7Ap3EGN45+w/rzUtk0fjPizJsM5N8E0T5gtx5Jr1tycNXjZ6FYipupHFPcJgeh8Dq+so7a8WKpder8MManoRsr7/8AYObEvRtE1tepXruznSgU5VF7sSRAoVT1ROk/fpJRJKpjklccheuhBrmZLuAVkkmBFzqdJJ9EDlocrrOcuuO6ycFTcT1khQcTTyiBDzlwraFbczh4mxWjHEyVYay+9R2rDOJgRjmyRAr7jms3swFvbMx6IhtRRQI6R7m1xLXIdtveXCr11UeybITIIdOm22oXZwvkCNqWoVdAW1CxyZa7A5niObUCk3aQLAPaQNDnRalOlY2tLQIJXtLE/wBN1FDG6DWm1gMNqfwZscsfCMG4mN0qDdIqXevcbHHYmnaF2vqYF8UpzZDG7SPw5aKZkgdRQ7DTamorE1KSfA63skQG7WPfEYjEipKLsdVIlRS0AJUUANlCm1kA9xRtQkY+HItwvEwJJRRxTrhALM6w4mXerEtKHPlCBeqa2zo1GOrEk3J7sbRAThRyTbYmZOxaaNqX9gLBdeebzocISjLy0cAsMnheENESoQm03I6w6P2d4Et7OG8jk/8AZMJpks6YkqcSxn5X+SpnTMtiaRlUrCmkbFZz4XTdgWM5ISWzdH4J9vHf4uuJicqob2UYfTnr/Kt8OcQ2+dqi0ze49b8Rx9IdTM9d2mqcULBOKKFgl7Pd6gEqZANAOJgOAIBwBwrCLAisOFYbNAeV7SxnMgOAbt5gZAcAQCAypkBuAgPqEnlHwP589e4cvfvWMobvId0PMcgBxwDa8hvJ5GDoI0DW9+9Z3gV796xgKOAOWApI5oeTOWggEBjrgEpJpM450gXZNNOmE9cQJSTTq89xBIgdxwukvzrpnr0HSEnbLtNDQd57soHDQ5ziLO/28DYi1zKdOxs9OY0ueTlwxinudb4k/PYFbzEA0lov4ncvXP0Gg0ButxxJpYt4nQk6fMtL5CRNrzxUsbty9bj784W1zypOuBmvauXkUzf05Wqm69qVtu0TLFEr2pycXUsJaO+NsQXf0/cLy7ddwyx2fxo9q8Uj+hIsyJ212BKdpJJWV9+nOTpHuupOu6ixmR7jncBFuOgRc6ds0ziNLldTTlx13TnSEFZx74+QyCOcyh4ARTjhIhnHAK845tnQAwaFZlxyzLBmmU4TlzpArNfubZZpFiKr7afzmo1s6JbbCGyil2anIGbp2amYgpVRtnQr1OJtzhuzOF6y1G3GnVLNNI7UKtZtt7WcLwbeR3elAe0gSNLX94Kc/wCgbalqHIlRQsEjTf8AX8Su9iKbUu2zY5G05Tl2BLqUhsnQZ3TRunNagGJRTijZ0J2nJSp2pFyFGm0pUUbCDajaijQFwpxS7MbpJVHTloSIhSnGwCKjpy0UMzpHUhKLvpNLlI1fTnTq1AR1psgBNON/JgHTdT5zWQHacbu1AJJRu0b6ALi4pdqARCjdo3ZgWFtRSIDDihldnLSJw0cJCUSg1OFxprY+nWY6sS6bgD3XPAxisuJ8zuXh1BbU3Lw5EhZ3gFvprqfAhqTCecfEidHgpPLiSn1NycgnSbs498fIcJyHVFLIlm6WKTJljMuslyOr2z+rPJuwp8VRdkzQqHWX3qO+WdF1psUl088H4J9vjJ+LbjFGYzGKh6v4K36fOJlu86dR734ar6FJqZdB6X4rj67TisLTI0IS0p7Tpykkzl0IAQDhYEVhsAgBAOAIBsDS7gASo2WKzwVkAgEAgEA4AgEA4B9Rr371n8+ZXuGnMuJZegI5lDwNQZcMgHALu4nA0vN/oawO5nwOw4SEAQVrCCwckASnnHxAeTTg7sQEgnRiae2uAH/GiaadlJTrGdCc8uObF/tzUtdcw+phxL3Djp51a3daXdsyutMWS9vTSvbFbQoNWJ3twbfz3PypM6TPGdufzqS2QQpLieskYk0mjU/v+g7DeINZpyZPmVI4g41U22Coqg1K596jt05vUvW4+JoURA2cHHNAmnE3Ztcu14U0Enhqp+YGIGX+wLlMmdhk6krLlEYl2f8AUkHdeucP61ozBiTaHD5PiLNdLO5jsp12+IwE0xjTzy5ZxFg6Mkk46le6jpnQ06dssjictCpTlzno66EK4mFavuJkq0W5scQ0K65tkbwCMcAg3E3XHAI5xyzNisMpTLjjtn/t/wBgBb6yqamcM6M0CaXXtOE9ONppuOOXjgQ1qXY0y+K0Gopd7YWpG3dn0nfKngBUe1qa4muOFGm8obbbKFS3UJR/w2npnHCBATdRRtvTOHa0HaWimsuFRtOeGzhf2cm6lopkBsooWMiHbpxttvqQVpL4QbJ0SUoptuUKaa8iQJJSg7uPSAWpQfNDhYLOpTdop/6lYrTXYBG04mp+m6YgNqVGopUdoSKTUbSl2QIVtsDpmFjlqoSLHGbqONkCypqJgDVIoo2oADTdN6yegqkpvUOxG/Dd4pZ6gK+3Tbijeh6QLPTlONtqacyu1clFOOSir9MQgVUajam1mtyu1BOXaehTIEbXknck7d2Bb1E7tXQwOfRIWe71OVgpST9gWJxymopgRSbe19BldphNy7MliUunlxI9A1TJ3iYgVGuOJp2YosKaZy0LdJuqcAnxOJEXpN7SiaesdCQT2MJXaSpRdT1EdJHuJlzzh8mTAt6aRWoHyR3bdcCtndDkuRY59WqSSS9yNfbKq/KWcSpfC5513O30prjmPzo/iIYkfEtfR9o9bpc81t7JDUe4rGqZw8DQrWZRTUaBIqZQ8SxnFKZCdLL2fK1gpXtJ/sCkAgBAIBAIBADgIApXLgWKzwDgCCs4A2AgEA4AgH7SIH06cy4n8+Xt7je8juNwEcy4lDjwy3mVu2gCARYGywIsBADhWsOBYIAkk5NrT1XwBSbidM/9fpwIec1m44Ak3LzYztnWui6Z5m2x04aHWqKnTrvuEitoddkqcLPQFXLSmU0i1pP30N4XIWdJAUKp0tQFAnO2FQrDsmvHLIpA86c+F07JL+vNsmo6cmqZy7c6DGlT6lTszoc/qXPiZ72sc+m6l03kegy9rlhrhqnJ/wDLM4yOp84mTFLxVr2pKxqS0PQu9Mt113DWNNcnjDXT1NOP6ceJnCZxFC/Ppxxy8Gn7Og4ONVlivObJMknL2dRdFybDFPQRjH9Oc7rpbna12Lr3WDpnVZxy97DnpoBOJ2RPYj3M+BLOjnEjG6VVtN2pnLNM2LinMmTk0bMCDTTJEdUqlmnka3FisKJ3jnTqCFwk7lNUynehMc8qVP4/cvAgc4mmkmBS6lUuwAbS0TLBXnE3MisPqKfWGxybTpu7bOtUYxXjfyahMRVfUlBIG+HG2wjEjGhPhxS8NW8oRfwI3FO8bgRsATdB7X0nbOstOUEoo2A5UiinxhsYCxVUs1NCA05sdNJAFNt2YEepUeyGV3qg1HUf7bUEYzTlRqJ++ia3Kott/wCd+mb1kCoVdOLNrWY7cSGpypIThvQkS6lcGqu5pU0J1qBtC11dNiJdNUrxS80ChrcjW5v2Ei1UEneJkCSqVNNTbAKZKJwnd6cCTbUTbTAkKbUs1DLw7HN0Go23djeTD/wCm4anA6m6OTU2wB+paaUnChlWHFJRsdoAf8Nud0fIuWJBOT2hmqwXOU7xPWmcCvqU059CZdCTTbTc1uAWFRS8HQnLSBHKTSdNWgEmmmQvWhNMJSyaYSlk0yEjE0wLFTDm2aCIS6olTF6kd684X8FE6YsSdEu5GXeFCWSol2McjexrnJKWsokaL7JUjvpneXPxTcT06bwZdQh36U9j5Vvzg46VF8R1dFs9P8Nd9KOptcNR6blLShTUaFazmgFqZlimilMjjxcwQDle0n+wyQEAgGwCAEAgGwGwCAHACCxWQVkAgEAgEA4BvdxA+m7jh+FPcNXkN45G5QzgwEaGgnDGGwEaGg4WKzgGyeUfADZMrWJJI31jJycgRl444cNBqzh3w8gnKv8AhjTCcU+ep1+gAk3Jz8Tu7F+g9wVtLrmEacLPQGGunbEkti1xNLQy67FOJQ9BFOOFjtGzp0vWqNU7l4ZGdUnEwANSUlS096T7wOVVM4445p7wxzBU3EyRWalT3epuVqJOaZdccPPTh9OjVE9scSNi7FVr2pW3NjTObUVYMA8Nqacc+MqmRPVx58ioYrOOVjUmtz9j/UCovZ3CnBH4lqXQJwS6RJhJr1xJpzhnyZ6Ns4w24O+htGYtOzhP4nnUQJ6TTl2ptsceAsSbpAV5Huj5jgCuJkiuTlNzqSQ6GU0+Zk9YEVOk73MnMEPZw74eQEHUqbjnUgIpNO0NisDUt43sQCUUTTA0qVO86nAAT4ZvEwIKs5NZp60wAE6Z2PqIBSdM/wACAk6agn78Cv8Aw0peaZxw0KQ1SJ02onsf9eXTXCXpqm1LTQXkRpkA1IpeOaFMToVqpG01G7PUTC8NY2n6Bw2sjKje2afbQINSb2dYaYkRmKdRwtCHWs1HUinweiTHKCruvLVvYzkQzdX7Jsh0KDNqibMWpSSlRWihsQrnxF85rArdRuNtx1ld5XnKcU5ojeaxJgzNptdligTKJvzSBYlK6bu9D0mPUrzTtdXbZ1Lyl1Wj68s1Akq7rz/NvUCuaKTba7u8Nbheqcm+yAWhRyzTuzJjs4pXkW/nQCVKkAnJPUgSm7yNmRwM003tYF3cz4EB2TqXhW0JNOTJhoFppp6tViZFBpumYuOXgDXwyopDqIMmtuZtxZrMMTTK2lOpyYhpTCacdYEmmnZkJEWcO+HkDkSmnqAkpLrTd0AqXoPCB1KdJ6AlndKSpZIseasEkkiUQLLzKkdbWVIJUsl2gE2Vkds75R/jmYzR0FEezJO6Lx9L8qpHwuqJq7a6YnpLTB6CtPSlQ7E6ooWg2z3epYznAsIrWDle0n+wyQEAgEA4AgEAOAQA4A4A4WKyCsgEAgEAgEA4B9OrOHfDyPwp7jSzj3x8iXOMhybcDv0OEmwGwHAsO3cC9Ju8hvJMOp5R8CI49b3cCXJ+8juLFYVxzWBqVtiYoyT/ADjgcLJOZ1edEf6gBzD+TOzlzoK2iPRWHkldkqeg6CtrdJSdK2hs5lxK186QjoSBcTcdNi9CTqS2cNtMahXHEk045Ac2xCnPyRAoNTOQM0EE6IKpOU4uOG5WaUUUTUAr1TOXiZW0KcnTfxI5ZqGxW7lWadGUBQGgS+eLFXEeZG5v8SN2YcO60Y4pgdR35tzn9vb7PoA6nE1VKOc/OOsvzAxBj/krtCO66OpWSdZbWn/RWgLFQac8pem3HNBJpM6RiNjqOGVZpzlPbXgldbtIjaFeQ3k8gVNPVtoDTpE6EY5nDxJvQg3EyQC5Juk6DfM++BqcYBcppMrArlNdIMApyYsBDiZWvRk4kybfaAFZwTLGcK4mAC25ZpgV5Nz9uBzJupG28VbQ2OPV2bqS0CVWUr28bvHAjVC+I+d680xsc+pNuo7Q6UIlSu7RvTE4GlG9rJUICr5vdheEqKoo/Dmh6TJaptVz4iu+nUNQbbbAhW9q6LMgDNtmxAZVW7AdtlPuIEdNmwAFMitfEra/vBSy4nrM1mi84XKQ7jqJdLpzPiTOidKfijVzcdkFLUJTs3uyILjTlR2aloa3LoajdnR+syu1SlFR7XpujwCFopub3YSlm5vzQ4Dpbm5vFym7sJDUE5qcvBR0pNy8KmhKSdyzMnAsqbhqaEonlxMdUzs4ntkQvOJp7YHCZck2xhXQ3M0O+HmStHJpx1kOx1pAjEi08+BE6J0k00iQLdpEbQ7e/esZDI6rgnOrJ7QHVZY9DyV29SvYwLGBcEcuIL2m7yG8nayp9F4CPnbqSSV6egyPz5fjRYsfFNXMe3HvePoI7fNePb4Hp/iOfroSopuNDlZ1FAJRRQ0AksZyK2gQAUr2k/2GSAiwIBFYcAQCAVnu9QHCsOAIsDhYzkAgEAgEAgEA4B9RHM+B+FPcDm1WbM4bAbcTK0mHEzYg0A6mmA7Zw74eRW05W1nu9Qg2WK2buAcB7yG8jlDF5v8AQ4aeE7JqZvE7x0ApxzVsaYDKad4B2bBeTczR20pra73RSd5HQFLcvCUkS19JAFnSRw0IVJK9AbnSdlma2hR5y5eEoql1pOrJIxJcmqZy8Jc1V3etwLGe9RX3EytcYcc1GVWrjjl2XOe0JUzikSxcmMNVFKaU02ILh7V5uK3MsSq+cxKqXWoYU26s2DmDiknT0+JuIGQJPardS1K5yiays9f+Q9AbXHdW1zbP/wBMpN+w0Ef05mV/9Oe4rYrbH+WVAfsdAVW/0utRtBKJyf3DhPQ6lhPixFFzT3hdmqpXS28clP0CaTpqc6sqeIPPLmgSMbtauebPYjtnPOOACuOax0BXB6G7OO4AlNMBOSZMAFyTJ5AAOJkgFxPUFqGcTK3aMczh4mhQiHHCtCpV/ObSJsVoRtvZNOVtCjU2paOadwsZxVSTfZNOBVZQ3aUfp4NhCmqNtqN6ZtSJ6DIMUb2sJRSm11GELC2paN9BsEBUf6pE6ELUe1p9HEXpFV5RS1MinoS3mWOwTamsrcGrSBobDiigck3kHUVNtQKRyigEhaRCnK2tNr1ehnHQaFVtFOgmROasajeyEihVc3dt2msiooeUqWjfQQLf8O3Sl2dZqc1flFG1KEOV+cKUo3aNhC5UIpteRY3Raa8lG16EsUrZKKbg5Rxl6qrGKOpu09/0ii500nE5aFikyd2Y0rEnlxNFByecfE7gnJMneGR1OR/M24CTcTTsyEgja4EJpmJ0TjlmE9AXJySjUwnWadkQnVPqWprNwlFolOs7ztBq64Y1pZuGdhelMPK2g4kTWd2iiJ3z2kQJzqJb2zrIk6lFLVE09K1I5S9bJ0Vh3p3XT25yxvzNfiC4kRrHFZj2v4jSHqLHmc9MHylQ9BWsavaAepkAWWKzhWsOAFK9pP8AYZICAQCAcAQCAcKwiwOFYypkWDcsZyAQCAQCAQCA2Vy4AfVJymXIfIn4tr2DTkmc+hAG5lc+ij5DQ1Zt7xow4m4ANZuORJCtIkAlNMkZtIFbQw4mEgXTudMzUkKzjuI1YfTTg44cLEu59GkEm7OKYE5TMmvHCtodooqS2TuggRWt3DDxKzjoChoW6dvJJJFbQhrJ10AqyilACt1s7Zp9JxGhyidTmz9/rOhz+dOOzlzpCO0DOUyUKbOUyxmQLiZS7QM5cORAOOGhWapmTc8uanCtoNY41MnZ8zSb+oPZiq9IbBzDT4lcu3IfoDE6k1vjjXzlTN6Ci5N/RR05v9HqCpv4OprmZP8Abvf150qirYl1LaR/L/D/APr+sac1Lbf6QidB/De2Q/bGTMSEnDfNChwKa5X22bG4c/tELTg645OKwvHCZyl3SgaycbqbTu/7AlMqwyfFpSpZzri6WKtXH40vHevANOVptnXgCU6nvAJlNwA5NzUd9s5Xv3rIyBOJ6iew04mA27JtjOGhBOyaAFaqZOyga4rVlxMkVepJPzw5kZ1Vit1LJrPYzY4VptSzAjW1ItqAVao1G7XUoEVD05TmybYegyD06cuztaBUlFo3kWuujtRt3bfQAE2pshw4QLaherCKSgyKAbahqXg7SAyGQ82peHC02pTjfSA03KIgV1xMmxSllFNR2oG2myagCZRKLvazHErgopae5hE6SkbvZNWrgSOfVH1zgcI8WOhacu1O8mJWP/YqELllqRRtSnLQ0NCkqSj/ADk0AQ6ZTdNuKOaBxM8da6S3TajfuDQjF2o2jdj20zpTCdGpp5hOJNOjUwYkFJMmmdpguzsy1yKTALkzm2Gd0s6ad4QnsNOXLRMIvCiOVlZuZHC/RyeJkcgar1ZYmWmTwQradfxc+eMbvVto2pYziNmbHJtxy8d096EGk7xMC9Uy5EsUx2vBatXYJmNS7Th3VDqTv/eC2vPdeSdvu0gS0li6kbmN5R/Faxp+D8NdNL4QPc+WN+cnF2o26uq7TNnprFRtInpiZlKh6CtLqKASoBACAcA0u4E8DBAJu4AYAbAIAQDgDhnCNgRnCLBu31yPiWM/jICAQCAQCAcAcA/Tf/Naw7c+RPx7XsIWdck2inMkRorTvJRk8IdRMmirzrkiqfQDRX3eSlZfIk7RDO8l/wBpL5E62CIc5Plmmc6KTU2EjqfUkSdFDcTcT64ctIJzLid+sxpzPgSAytY2TjeRCxYbNOTJhPCDcnBsQKTcA6PRbqbnuDz2x1vDzbXSXqx2JJ2KaWgOMax22ulDhKJOpJpHCpCzqtkkwOZ1tWrs66dQHPnE3HeghoGJ0xZm1xiInUlMTtzapk7MlwpU5y4hCpOZw8QIxxMCUUcUppS8Njnpz5SmnKxrElGaudezhSjqN+GEyE3+lRw1o5ypHNPONZKJNXOsU+ZlOn9vpztTVKtFKPUvDY4c4r2sHJu4ee0Vz+o23HPnTYrQFo022RyO9UEonR1H3bhkkyLE3zw3R1H6Bz/FQlEUG5zO5eBCyJ165d64xPQZ0ypWLjhjdatVNVLdhMq6pzlNIJTDs52MDMmcvHALCmkds52zjuAbOGhGTrMCmzpNx3pAgvhp0ACcJ2Z1sVoOcSe72ws7FYqSjnI5lwhnKbctOpGMRPwD7X0Z6DO2UoJRToikbHGIJukLTqhWvYlFIRbbO9c4iqjpyN2cOgzdONgQKlObX0pmhgKb0439EBCNykrXnfhz2u/0Ax8IO/3fQCXp2hY69rAGqOhG/lEitoRtOYQtNt9SIyIxJVFhY2p1Q0sNgluhXLTQqHXCEKpSFpDTJ2RyLOpTjbnuXAlYW6bTioee1uXVdSLbbemgp/U9xsVrjgqo3aaYsURdaboO7b0ATi74q0Fdx0CZzKmxX5vgk2p7htQ5XY6BhpR2tPbDG7dCk1Mp/oNiNgsSaZjSfTkwE1JpMEjvhoJxHuUz2mhwaTT2zoOhJJp2ZINTnKaRjda53iZWe2a4PHC+1zSpax/jQhDfHzvecL9auTe764Y0km4VtCfoGpLNzWejWdZKybs3NA4mZVSepqcc8Qs3DY51apNsZnVOlYfOxTDO7fS7v7A6rO7fh1tpbXnr17EEkkr03fgsf2+S343+M3voMJa/7ZifQxY+Ks2au28z3lYdRQCdUUPQVpRTICTAcAQCAQDhYMq58Ti9hy7gQNbuID91+6T/AKGpAQDhWEWBFY1UbLAUWM5AIBANgOAIBAOAfqBdqp1KJ+PY9gB+d1kSJqSYpyR3rxGCf2Kd9SfAjXqWMUorE7kiRtFPnVLpZGQVyc4excT6UAOTYhYKxb6kiRK0uE1nRblMudKJZKzKo45addgSBbuIEnTLnTe6itoA1NWbjjgEOo3egXCmk9jNg6ZRaf7CyPLelj0Jh3JbJPQOxLK9CcL9F2KRy1GXZ3ZAVqdVO4ZWdDOXjvXgAOZYAOWUEyOWho4mbXKtTlMxOnNazTJRXOamTs4BzVBcc1hDKe2RArFZTm9cskwLZTSimGil7ZftzY5nCjt3dY1jeEo7rslNUbTOGdGaeL37ch1JjllS1LeHoMinNqXfXHffmBoU2sEyBUW1Ls2KxVB03eVJduCdkTTjnxhWOhk39TqMW7cWLVjDUqijmhk6nyJNKqPxJBwCcUbAm1Jx2gW6m5xaFiicLpTTl3EO4uqaex9IBNMuJp9gcxPJ1P2h0lE3E8gGXHNZ30zodxNxvsA2TkxwsbuSboCxWJzTN44Ax8Fp7jZtVo6paaT1mNYrLlNXhY5xr8ApdxochXKBUAjHKAUTULGdDyemrQCFboFxtzxNC2zDzlBbIHGMU3hVshYrxGVJQZxK5AqYVKajMsPKYbqXfAsE23hUp9EaHOJem8HVHMgfqIcwbUvDG6FflmpZgQ6eGil3qsgIWpKbipUmgTsjY5zkC3QUW29PsQRi0U1QKlnrsjG7NfAUbzqIEWnhVFxt3UiaEYcwrwqiopp1CxEi90zQG2aCGoxul0coxP8AQGwNfDN4AUnTVn0FAuEmT2MqdCk0wCU0wJ2TJkJFOJgQc5cTNjhXeeU0+wgS3PN4n0GFq3VBnNZWnvw5crr2vueHOkCuNtmMaGhsFqNmFYMUbNzkWo5aOaHpMHbp0SsU7ymtA4mehO2dGU05Zu3go6dRrnPB2onLoMmd5mc0HQZlTvWHjt4kd3h57smHTrqTtkXV57olaO8yUtp3YG78Fj+359/xfcV/inFKbrR/xmJ9DOlj573m/wBD3VY1XPiaHHiYUUL0JZRQkEgIBwBAIBAOANgOFgcAcKwgEA4Bi0iBoAUr2ljO2AQCAHAcAcAQDgH6d52kk7kfj72FHnWHbvXUQKi7JXZLtxzrQmqXxfdknXSLB06SY3JTpIgCTp296EQObTqqHUjJiTSeKP7C9JwSCXMs67TXUKtWuCadT+/jAySunB8W+T46l7+zJ1DjM5oycp7FYkoJxxyTp2diBWU023IATEnpmzAu1nBP3BY9B1DCNK8d0EDG7j0Ck7ZJGhecvfvWYcjUw45enTu3AzmfArcGwBwAHXTloDHIiJzth6Dm8uXVonExprmFaJ9GnDiqI4ntgGXdjT07uoCIpqTqOOadx02OIiKyr1ucOWaZMLV0wappOm1NPU86ITOFdxYxYcrNy9iEW6qN3AsZ9Nt7ZECIm8o1BCqzimytoHJqJ01TXTA39Oeobwc/yvX145/UFc5qJ2h6knHxJWWnc1mP136CTc1hCTTcNq1ZZPeNhK8U1TbjnuLw6tVOk0aonJk+kyq0w5U3YADzw53FjOk03CtoT6c5NjlIxcg4ZlI9NPWOgcmmA24mBDuJnDQj007w6Gk5T6TkQnM0d3kX8uODPM/3rLU5ScpnpCEVU0mjDMxu0OnTPQaWdunTO2F6s65JgHU5PZ5gQU5pm8AXwzZpgMU1TN44Vi0JydMsFiTk+xhIFyT7YAc5Jk7MCA5nT/TuGN2gnKaTccyAMk9Gp/pzQsWZOTqJp5hKHTk4QcTk6cn6mkBlSmrOBYoGpp6gJ6z3eoTwSaYQfTTJFgkycCEpOy+9RGp2F1MJJNyzCOgM5nIQrE5nOxkjm9S1laOZFa5rRuJbjaenTMbuVSqknEbTT3hwtU1NwgE3cAHytoFJ5x8SyKBaeUfA68d+pM5Vui01tlGacO50gVMzd64XSgHLOJyR12SuXvuNUQxR2vBSdR1k1jjv9LJXvUoHbzEfyvsQ/gvBN6B9FO2d+bzlwV58Y4qzV3Xnpz1/w3P04Ae26SKigEyooaGcaplDxLGccpkceNDBAQCAQCAcAbAQDgCAKuv3Sf8AQ1ICAcARWHEy2ohXm/0O3BAIBwKw4BACAcA/TQ667HoPx97ATnuyAy66k7sRW0K3OqJSd6UidFR+FnZM4T2LjRVaxhGydMrOnJ1S0knaWtI0NDlta0VzIZZddKbCtXZM5qJxC+YeYvpObE6+RYOhu0TJa2T6DnU9qFVHJdi27epIHX7Hbi2J/JTnfsuXiSBtl1y4lU2Ek5phzbUTIkBeWexgS9Mt3jmrWZ3oa7lhClFP3BFdurpHDQKK2hh10BhxwAZ10CMvN/oBo46FoJxwh2Dc6pwNrmdKfU6d57/WYsdOM4g7F782q1Js9s/9zGGnE7z3CQFfrGbwppSzTNji2hqBoH4kcu3IEkmjcWqzTcc5lkv7AxO1AAINCs6pkWBy0gTyG3KbuwKbWSZtrmpjCemk06aenOoQ+XNHE4Jt6eJg6T0k5RTbk4zJSuVN4b/WAWZOcU1Rux6zd6jiDVK9u+pmVTouTVLqc1noMy1JuXZW0Hk3ArE3kN5OQSibh2LHJpwmYxZ05ynBPXfAHpzlPIgYccAjHMuJ34saJp6y50ccTvTG6RVnDeXbHOVpzNHd5FLo04nsfQBBOJhWas498fIsVgbOHfDyNPLjKacTIQcs93qZ1hi0gbHDZxPYzG7O00naJgEJmgTyacW08jOBfnTQDCwRbfU9P4nntCBplPbNOBJpp7Z0AS15ZpmxwFUyBDqaesB9OTHapLJybo6CXPoqzhvCeSs4bwcsBwlZMn0kOkmS6Q85csyHNVhyc9JKEPOKlBrn9Y1j0ddK17mtZVK5rI6X1NYUt2ammcMDqKxXs31J6eGs2LLdVBNxyDgQnU3DOC03ChYlUzpWkEyQanlHwJ9Vr7ho3senTFdQwp1yHibb25WGmtj7DkdYoxwvYo67hG7ZO6DUZFD1vhZtqegPQec8n/i+4tp0fg3pZDB7X0ntfMYH58sTqihN6u0x9D+Ir+lY+dPRWJ1TI0CSUUDOJUULGcQFhFawgEA4WKyARWsNgOAIBwsCKw2AQAgEA4pnDwAcAQCLFZAIKzgCAcA/TA7VCeqyPxN7Bp11Nz54Ad1LXHYStq6QjrjqRYgO67eFae0A6lZdSNzlPUvO3UuiBirpIzpJKdp5Gz1y4piHRTqXUzLKlz5xzmZzoJHQcLuUK7JfcJOPEWaa9AYd42yWqNheNVmIW51KSTsgUHEPk7p1Onp4wRMkuOnAa15IryTunOv2iKqqnJ8dkzhw046LS9LupR0Gsw9tS7J58C5oOFbQ0cy4gBu/qwAjgBXHNfYBsAObFhl0Op2ptTuJpR0+sOXEcQXbx3T9AFRMYHTU/bu/7ACoydN2vqx09nA2647qWqapk6ZT5kkhidueNthBoJOJmhWKUbUM7tNKKXht6cHXEwlTqlT7P/I3OaMk6jalBadNNIw+JRSeGin6Bxx0245kHc8UdRvUx0niKzUuK7k5b16hrm1C3cWzpTytVNuQ7ARaE8+BYoWdNwraBF5Huj5kjZNw1oEfEtmVuGidTOayx2tNMzlxyOpwsUJ1OpU0zGnUinUybhW7SsHIuQC7jTqbmoDUOmzocw1Zw3mN0hnHAIpvMsVtHM+BEVhzarCN5EVLa7iSa0s4byOXW1s6cLTqXVIgbJ5cTYJZNwxpJNzbACXHAIdxy89+BGKak3AhIpuajGsFXm/0AHPQY0ynlxDqdphNMArqfiQlklwZdIjqAE3CRKJzmzCdwnJz0BCHnM5Aos5qXp68HKszipdXzpW0OVVlONbnQ6c6utU+LkGx25XCmW7OjdOTJkdTpWnHLs4XBk0wDkgC03DBKsS6jZYJVPKPgJ0rTZAsmGjm2dAcwT85wCfVopn9YsZ506TReXAi9Jddw863oC1gnb0xh1O7JI0PGfMP8a7Ev3jenS/7M+vnTO+QtRN3TcT3fxFP10bUUNjKllMzv+2hMKZQ8TrwHKZDwYICAQDYBBYzkFhANlaw4AgEA4AgHAEAOAcr2kjYqCARoCLFZBYcDORWCAP0sVtha711I/Etew5xOvjaS/Im0DJY2OyXYnTDjUn5Li/JZ310jBKpOyWdmtyw7S30JIjrOy+RKkjEndfTAtQEnclTdyRMbrhzStcIrzpSiTKhyqdUW5JToCyWtJ1JXdiA6hRXKTnaPXHyMg7rh3yiU51145sSt1knOkr0gU+qKXsitqUt1KyM7QcTz4FjQkEkitoDupWQEW66mn2AVxxy+AGvI7gCU3AB3HDYuQc5qdNJMxOnNqmnV778lzXMamcvA5RPyQEQ4nebF/twMzlxPD9TTpJZgc5bvG27w2qwnW/AxOu//rActbr90na72NU3CBY5M4aHCZM6xDOU3dqbYbeFaXvFKOw10+siuuo5TWVYuTk3VXbqvN5mF0BtIGxWLUULFK4U2pDtL0LGm4cKkgm4Fx67gWJ2t7zf6HXKNYvI7jo5Oyhv6sxuk45UqiamxgCp1M44WM63ydw7StkmcicA7nlNOGYTwbcnKeYDXxKD9qb+JSOXKHcnJysMXcSFjLjhYoNhABxy0ABTc2zpAmQMOOAC3cAkOm4aF6RTc1GNPZQcsyxnJycAR13A0L26bhWgQVuGbyHdDzOOUnbyPdHzLEJJNwhwn03LQg6Ycqbo1Ep302nOQFOXAK65OLMIFfEpYn9gvPN52laAlTNud51sFIqZtzvOUKdOJwVtjndSuQcK60IxTrfAj0WG82K01kgW0gBizhvIyB5NPWSDkzOs9SKeUfA5ok08uJZe3M6SqbhmdLTQXXDtVEo4nqcCFik2x+41lil0CmHO4DtuHqV670ljz3fXXOZcOtO7/sFy/wBeO+Gn4sOJManxQm0q3n2E6Z3h9vrkfE938XpT9dC1e02M88HqKFi5LpgFqZgOgOt5ADAOFis4FZADlbQcAQDgCAQDgCAQDYByvaSNSoIBFgcNAcAQZw5WCAP0o/nWpeWZ+JY9gclWtE1RHW7AkVStsIJLVCV8icS41ORzrCKtpL7+yOthisJ1pWtMdcJQuUk5QsUuh05s1LoUlxek06IwTySSTm2mxyavUkwHUp3JHAAJ1RNLzox7XTlNa8nqLjundSJ1GOVTnD6cyZz/AG50BU6nnMl6f2AJy6zhFjW6i7oNRVZrTrtXxvz2lqOGpXG+vGH66TU7S6d77jUcVp6TjkkSstRpXKrW0LIDnLu2ADOpAM3kU4AM3kHSQM45BOBAoVTu9x1OUK04mcrVEnKYEE4bHNCutpyZO8gY3SgOThycOXrgAjhtitpdwMTsMEkFZqzjuDvIn6blDZtcLcm4mn1wOgM4qVRzqYRag3G7tTTwCFAcTNrkBZw3kcI4KzhvHBwPk9Nf/gnMTicUUtDc5HKZEQF3m/0JVMXkdxxkSym4duBN3AAZublKvUfeQ3nKEhJ3DQtW5RzUWKVmTqazCTTlTXjmvUBlOcGMOc82eYG3xKaAz8S3hnDqbgWHLuAcAnKlszQvQLk4uzGHZO5tYEy5OTYBm2whrdwMyTl5Duh5nAXPMd3maEZG3PG6IcN7yPdHzM6wxeqdxoc5Gbzf6FbpvdxLFbF796zrBsm4dOj6bhYpSLjlmn0QKktLy8TzLUGpM5tgEzOXI5gQzgCb6nHwAaU65DxAKqb+o8QKPUucfA8/xocuqVzX78hdVRccK1zW83+g/wBglNwkb3m/0ALUzAdKwepmZ3cGpnHiUqpkb3PqUlChgdLpR/XIeJ34p+e0rZ7Zq/8AI2OU2mnD9AZ1botFpRvAPRuCaSTrp6Dz4vXKuqdKmMFZs5/D6Q9GdvLfnT5adefGGL81djnGJ9J+Gw/TjamR7akYooWM6XVULF6UCTgDgDYCAQDhYrIBsrWEAgH1MwMgIBAOFgQGqvacf2NSAQAgBwJA0BFgcKw2FZsrVvuRU7jiTh+JvYRaeJ7qbnQ8TgvlFcoaKXuL141WNDpklxRomqErJ45ywQNbYd0TU/SlES4OP1rhE7JdsSMssqVSTqedUy5/2BJ0u9MY7upbG4+RkFhdrV2dJ9fOhWHK1cTyeNWIFyXlCvSV3bTHZEugyXHlOdZvEWJHOJ0vU8b0rnDTVLqjCJN1zMz6oRkmwjjTDhc3yOjyR2yzK1qbSSvCtYmUkrMNAp2dbF0AUKp3b0CoOuJAQc6c3gAJ3rsACnf8igVydVRrJkQrjrt4SIycHK+9qLOc+B1OnKupuJ3mni4anKj1jOLxyzJc1WruJGjW7gQlgoQRWsNJ58AidJNRNNTrgEh8SQT6nE21wFbqVxvpK2g8m5dlvbOdb6ppyPBAOJm5AXmbcR+qP1O8zJ98fMlOCk9ScQNza4aXcCsNNtlgxeR3AEKNhWw45rJVhruB2p4JTIHiSTz4AnS3KKbH0hJ1xw89pDOOAOpzk2Kz15eB3w3ccDhom4HaTTcATk5BqsVM45CPSEXUG44EJOmnLMJ6TDk5Bpq9+9Y4TsPXm/0IcMXcSXZy8U3A03dxAdTcIcFeb/QkJNwO293EODd5HcHe03dxAmE3AFUs4vMw4PJubHqiBiT9ciFifd6pAsZwgDDmUPADADtTOa09A5rA5xUs4TPPaHJalcu8zmrahG8iv1eaTHgkEyZ0CEyQcnnHxAMTTIBSaZyD1FDtKUTTK0pdPOPiZJ26WSmjtWn0utxLFadS66FboFF5cCL0O/YQzqytz0Xnucfib4tRpzBt1C+/qD0Y8t8IcTptGoqu0zZ9d+I8/wCkOooeysSiihW88coprLGgeBlTIDcBOANgIBAIBwsCKwgHAEAgEAgEAgHAHAEA4WBJnV9Dh0EAgrOFat+gHEPDy825I/EZX0LhlaUW7JXDoVy9cSyAnpLWjiWTwFzpjHeKXS4RkF6SxDktUdhGJDTnDyTTpPTupE6XFDnWETqXUhqCkrrsl2J2JInXJMm6mQOdVPTDiZIhk+eUvngLlTFaTpMDoslxDvOwqxqT3PSThgaUjJU73I0NC0JJWRW0CnHdSeqAEBOp1rApE6cAq7l4AKlJvnHQFOp0klmM0Uh2p3XDrIgImk64Sg27sccweq9OXO04XqJUzncEKnUs4s+kvFEbb2wuVo5xzWcrAl3E5yLDqbhCs6o2BJbHvJ5WGm2yFZ4sVsKNnLQfvfvWehwzakE84+Ji8SbcT1ABWcO+Hka0cGbOO4J5MFgcvIbzrlWbOVZpvM2LGQGk8+AiiM3kN5Yho3kXeqDajZchNShsxulyUb2PpCQLjgSENislGyAYo2ZHZtts7SAu4HCEinOQlpdxCOCqTql5AFQDmXE1+uEgm4ZVgwgbqZhHgm83+gSGbzCPAt5Duh5gFJuBIhNwkO3m/wBCA5eQ3gK8hvAw5nwAYTBUwBGON7WEJhTILYKTc2w0CYccCTBWqJxzYysRzjhrVhKknH+bWRkWVxepalPNt1ttVBza4kIDt5HHrQcTyj4E+gpNPWBIJpkghNMA5NMA5RQxrBSihwJVXtNX9OE2mmcITtNJ9xXXMTyfW+JY5T6aYVrxTLkDeyup0XOrJPQRNrK8bfit4yR0sg0yf/UHux5b5dt7W1dnvsZ5VTM9H8VX9JNXLgQDVMwCQEAgEA4WKyK1hsBAOAIBAOAIBAIBANgOJgOAIBAIBsA66/dJCuod0CcGx0HAP0UpO3h+IPa7RdUUUlVHyJt1y5BiFgq4lHTxTRMkqXNXJM5JvkSQEm4Y3Y9OpnJN1J4C6SXGl2z68bMcatEmxdTc66RgmIuyWdZjD/4ds7IgQ1apJwTJl0c8ccTg5rgZHaRTcTdcNC5cZLJbwJX6SyV1LtPO7aVoSSOGoSaFwF10CDddAr7iSQAriaaQFXnU6shJoqU6dvXDqI7NJpJJgNTqdJDKbEC46ShU6mc15mlcp1Sufeozin1M5ArFPnGfE2eK1ebyK72v/s0mTCCLyG8bHBxNwDe7iFg1RskE3kO6HmRwN7zf6G9zw3UbOVIhNwpBV3A45Cu4DkNEANzLib6UrOG8jhzkNlykjQsNN5hzemgUhruJYGLzf6GxnEqZATNN5x8TG6qwtt2gTajG2wNLuBocG029sLATeR7o+ZWG3HNZ2GruBIfMYbvN/oHfCXvLtQCFc2SJscEo2QDLuBm4dcCFMjlM7HppgBuGv1wiG2wH1GzI7GGxwKV7TG7PBJwBANpgqXvI2YANpAITCaYSIS63Et9dxIuOaztIRxwzqzE5qazTK2hV/iPcWM4KcziDaeZWu1ympXImGr6jU9bkDheds93qSHU0wCrSIBqaYDyaYBKaZWD1FCl0NUUKnQxTM3I8TavaUOE1JnOw7cLAm4WoT8mcK1a1ybsNjOu6bkE0701eq3zI/EUxI+Jq0060D33hV5OVz4nvsg5NTpN/4qr6GKKHQMUzISJLAkysIBwBFisgrNhYV5v9CtY2uod0CRteb/QBEBAIBAIBAIDdTMDIDhYEVhANgIBAHXX7pIV1+6B+k51JKJ+JPaCu7GkbXKFenaXUnjHjqRXJ1h5RVT+/1E7RyyteT26ntqZk2OnOpzTLkm64iSIxxPveK2g6m44BMSbEGzj14sZ17kuISZGCWd/znT2I2uHNZzTDibhW0iZNJXXHOpFbRw75hdS7qfXQ6dJSSSstcStoOuJ2IEcVtCIddAr06dArLrrsHQItxx2AFSnKbjgXop1NxI6ZkM3eukkQ7l5rJR6jnHNZwsVecuEO1YnLhYKfOHCtFQDbZoQhG8he1v8AbBYkxeQ7oeZWjhi83+gGbuA2n+zibgB13ElLF1+6a1Z68hvJ4VnbyHdDzO3PB5RspdDk3DSgeSkrOG8gxtZx74+R0rCNqEK0W4mbFbQBlzOHiL2m9hruAQwegziFGwLVTQG04bMbqo9xw2OTV5HcRgSjYByjYDN3EowNXke6PmVu9olRsIaOOHYdo5vbOktciZz1vidwAp5cR6CE3CgOKNlbtMKNgCuZw8QIqcdnga3BpRskHJuajK6SN3E5TwdTAcDg+pmTellEmtWw44ZXZlRQ5B6eXE69SKSLlhOOWYEa5U3aY3e8K3Us515ELlXbqTsMiok6kvFAKpOEytsaJpgG2kQDE8+B16p9ZOVzZNMDYrEgmUeO/R6efAjxQfTzj4nawcmdUSqjZKE0pmXOE0pkBNU05AC2SZyGZoYeRle1L8M0Zp23O09j8Fj+3yX5S1R/F9X6eO89v8N5X125sr2n0LykkmWLBiZ3UwYmcx2cOwkysIBwsVkFZABNtlbQJAQDgCAQCAQCAQCAcAQCAdu4AYAQCAQDl5v9CdCIH6MHKo7YH4o9oLOqoskxION1piE7enSKi0sXHUnOh4nB0Gl8XU5z10iwSk6oqS1OmRo4fiDhg5TDmnjrMLWoBsCM7OfTcgm4bHDo9F1pZ7HfHnta8SVJKdbabHK5SWiUkneoHna1LwklZGwSBw0GXSPAC46cNCtuOAQzjqeYADlmALZfeoCLnSaSYEC7OksrElCmTqc/RInSKrDl44ShBuJuFa9BTpOy7AKpOe0CnzntB6rs2NlVotw4q+hm8yCBbyHdDzBwavIbwjYzdwBw3vN/oWJ5b3kdxYjhsm4aHIy7gY1Zu7gA5dwAOTcN7lOpuEJWZPayUjbOO418ODDiZ0oCtyfsLFCMbpvVwCUY4mVrDVnHcMThu0ibGdsooWITimyKARrbYGSsOFgaUbANvIbyOQBdwMjrgruAOBKecfEJnYJxsIBqNxTbNjlaU4XahAFJCA3Tz4GN1Okmo2EnLyPdHzABnCgRUM22bHI2TtgTSecfExuxKefAEbKZBPp9PLideoGGpwHM6xhTMrR4Mu4hOw9dwK1/CHcnN5AIQVSzkIVGo6j1dMTherTbZ0HU3DI6ETntK1wVPLiROgZeb/Q4aBN3AsZzqecfEB4BwrBqjZlWHlGztQOTcO3YssEgm4UK0wm4dpTybhehOSbsJFjTcNDCpPK5r74coOHs7z2PwWP7fLuq24TaotM2fT/iPB+kWooeqxpBTM0AhTMLDpWsOAOFisgHCsIsVkA2FhAN3m/0ONWHLuPfAYNrqHdADYgOFisgGytYQCAQCA3u4k7RkgIB27gAruAGAEWBsrH6Cr2Dh+K8vaCuOXqZPQolayb9uShy1yEU4GN21TnLqfzxscL3h7i46k7ri8LyOppTqS1qnZTv+vKumpyvE7DGz2xMyJcxcTcyNjihXHAN05y6mY3brWH2IOpPQbcaF0rr9LzpJz54xV0vCTptEjeR3FbQCddMbpX3J0aHStOORciFiJA0sm+8B2y+9QAs6SSj88BAOOSVPpI5aEE45JkyUbFdnNZpJ9TSCNVGpq0vPkgi1Rpy445HqIQrDkmdb+SABco2pm80QjlDt4au/RFa/AjmFNS/Qm1zgNzDV1PNE8z9WnKrU4pptTogkd2YzoVxM3uALjjgDTl5qAdTc1BHR+8h3Q8zdyg7dfunH+1bN3ElHJlPKPgZp0mdJdMkS6etOBuc+LhJnLQl0kk5ybMcadvI90fMoYj15DeaF3BOOAV9w0xSjm8y9W0cIg1Tzj4i9CSu9jzJEI3kBtdxA1u4AEKZFYcu4Gd1wBUbCBSeUfAJ9Hh0h3A4ps2ISdNtw6mU8CQcz4FLq9NCxyRoBSbgDybhjdst5AiBbUNjgpQ2BPXcDG7EpuAbqNgEKNgbliWjjZWhreR3A023NwI2czjYytfVZbrDo66ZfXSsTisXCvVuoFuo9xqWaAbqSMTBrs4nOCdFhccvDoZTyj4AFKNnLoadOTqeUfAJnZ8IEAOAEJhPg9RQwOxiihe5Hp5x8Tn1xB6eUfAhz6sCeUfA1Vx4mk3DhlWqTJxNjI8v/iL15FaV6BM+pjynhNlv/wDPcez+I8v6HpnpKzqmRd6u8PqZw8CKmHCEnAHCxWQCCsgEA4A2FhAIrWEAgCCxnIAcraDgCAbAcAQDYDhYG7zf6FYQBACAbA+66c5PxZ7KUTnV7sQB7klTdG4lU60w9Tc7BqHGqnphymXMjI7CpuAWSTVo7JnOvGhc6xReIKU52JwxOlSxpwwvNtkpI5I4naGxwAcJPE5TM52zQFTRHZ8Pan1e4PPa3ZJLVMLI9BnPXkN55+NOmHHIuRLkIxxI6WAnE9XaFgVx1NPsAi3KnS16wIGc1oQ0K85OXXPnjDwIBxxw3uQDibjnQEG/g1zd5gxj8sdwT+opPDJP6EGE5RierqIM5O/DKn0PqRpkCOUyn9CcL8CuUwnlYgDRoxJyPUQYrNT4SJu/IljM57UvJ2j8maVt+VRqTk8OJx2RE7Z8UqpcKKlT+SK8W4rzlNOKdowwIbHJpxwzWqivI7iNokU0y1KZUs095rccHVJx2nJqwJuHaR6bhpUjE3NZ2rEJuEpE3v3rHCdBNqGxQFbUO3AezjuGh2z3epIYbyAj28gGgNlHNZA2vN/oSGwMKZmN1O0kpkDxs22bHKOvI90fMrRyZLHAhRvazGtTijZsQ3cz4GN1ejd3EG/9tFGw5SCjYdnW8gRCzhM2ODKeUfAxpFpuBApRsOhqjYBibgSTjgDTjgEa3N+wIQU4qRNTIxulUm9fR7inW3VWbqM5Qi224NwNiwLdwK2hqplDxMav1JKKEiypuHQevN/oRwCFGzkFJuEg5Nw7G6mYTBoQSZz6JAyqzibhYsHqNmh0LTcMzlLJ5cSPXCwJmtCwJlTGtUmcs/f3hsZHz45dleRqWso+0fZfhvP+3AbWPfE9p4uRlRQ9BwOK2hsrlwAeLFZAIBwKzYCAQG11+6BsANdw74nHDQJICLFba6h3QA2u498Ar4IBBYbK1jF3EBXcQFdxAyAgEArPd6gIBwBAID7TXv3rPxd7OUYnOrLpMbtOSWtLzYoGuuCdqezJENUySdTpgcxnMmck7mYOkXeR7o+ZXw0DEpy4mY3a70zie5BOydAq+IKaV5epAVWz3eptccHZRnwKq0zt1OinP2Gs5aI6xS7sYJajlCzJuauwOy56sgIBydELENOqoczOFiuOOuOEoB2bjkTEltzM452Gxed+GnSMP1hfDRwftDvMyaZ2Y02IyKDdnHcV8NAZvM2L6YMaTTjmogQzjmoANxzUbXAVycpgAuTkIC89fuADOVOmWM6MnKdMOJgUGpcG6bnHUzStxyapcHHJPmRjnFRcppxMjEVjmeO8lHLEXIpw6SxUA553nP7I0dKG+k3xwsqjZ25Sqbh04HKNm5mHJuawuE3kdxY55PNtmhSbu4FYwZ1htw0Kw7iZYAHMoeBAZcz4CBhwkNuEQK83+gBKmQgkrO0UJEQ44A2FZlrsDm+mLuJ1lcpZRva+ggS95v8AQCPvN/oZOHfJpRslCSUbCUneb/QjgAOZQ8C49RxnSzdwJyOsghRshYl03ACbuASjm2ytAFxzUBCzicGd0p1STeBWuV+7g2aGoO2oAweesDnoKxqmRjWDFMisTimR16ClMzlHgtNwrQLUyK3La7iaHenU3CxJ5NwDYAlRsAy7gY1YhRs4aByjYEwpmWeKIsqbhInU3DpUmKics6N07kD6f8F5P1XzVxzm/wARVfpo7z3fw3lfSkH0DyhCmcPAsWeCAsIBwsVkAgEFZAIBAIBsBsAgLDgVkA2A4FhAILDZWEAgEA4WBFYQCAQCAQH2WccPxd7J68juBwJTcAkZ1ZuJ9JjdqTzy5TDmsCxXqdTp5fpwKVU9MOSX5EraEFeb/QB28swHHJzeJ2UQBjYNE8uIvbmdun0XnoPAp/5PR/5OySVPYzlJxxwOALjneHaPcTg5AraCTkoBKclSAe5lSTiArOG8BpxMAdxMwNKJdO0GLSJxy7CuJnSQTmfA0u70Ecy4g9RDjms5coNxwyu0U44aFaKccLBFuOARjk5AZcqXoO95VbyF+JrwlwcTnHTqNK045Zt/I5AVqpKCTbjsaRYz45/UlBOJkJsc/nMmcU7TmxxygruJyZEpKGzdHCxJuFylLpuBIxRssUC03DQsSCjZsBye1xLGcrSAG5jGlpA2BptQABtQANtQBptQBsrDZYDFFAlJtt2agQq93EDVtsKWl1+6dZ/05DXcBkByjYE2o2QI+8j3R8zM64NKNkCcUbCR13Ejk4aOGrxwjG1Ch2hiEpJRs4WC7uBCTnPG6AToFtszugTjms0OFam7Zjdqy42VrGhW2EWLGLSJocYVpEGNbSBgx2LTE6BqeUfAn0GKZHLn0cpmZ3LZNwsS3vN/oWOj15Huj5liTt5HcA6nlxAIKw+pmZIsSpvVi1MzB4sTCblodquk2m4S5S0ncN7MB5T1SfB+GsPZPp/wXl/b50zZvnZrTXcT2nlB1FD13mN1MoeJYv8AToSQDhYrK83+gcY0uo90Qhm6/dA2vN/oA2AgHAGwHLPd6gIBAIBAOAIrWGwsIBAIBAIBAOFisgEAgEVrH2lnNMOJn4zr0Fdbbsh2FeR7o+Zy0pNOc/WgB1Mk44neJmN2rqc5cph0C989J1OlZaitoUms6Lck3vwKc445DYgBnHANE5wbXCYk7d44VNDpFFBLtElc2MOkg7thjA6UlvImhoHpyXoAOSkpW0E5JbIAB1LV0RKww4kZ0o1zLibEI139aBgaaZs4byOHZpxMhYjnEyQE4nrIEY45qAr85cNriq244YXasuOm5WAcc1GBKOccNbtDOTkOtQ7k4LGfTSdSWYNFJ1KoDUlzxuiE63vI90fM9DhlAziKbnRqJQplSUdBxPT9JXWhyCpabim50GyzFaFVm7ah2zpZSo2wJZSb/wAaXq0gpUv8aSjR/wASePkWK9HqVJ2mhUklKk7DQ5FqVJq4HYfUm5wCk3CwK83+gArjmsBu8j3R8yMgBcJA4CTIokU9kicNCPqVyJ1FaHu4HStuFZFitHgSKjZyJO83+hHACu4k5Q4o2cg5NwgSSjZ0HTMsaN5EIvaLcyh4FrgHdxUK3Qa83+hWvac8Q3GN21bm50IpublyEE22FqJu4gGlbYypkYIsOJ5R8B6HbOPfHyGUbHY3UbOA7eb/AEGwO3cBwH1GyHJ27gE7WbyPdHzO0j03CRuA6pkVgtPLic3tzOkgmUuUoAYmTQcm4AUm4dqFoo3bD0GZxvl9V5ayvQSY+v8Awnn/AOR43utr1HsvHOKZw8DYxiCxoIBy83+hOgcgOFjObAcAQGl3ADACAQDgGbqPdEDa7iBrdwA2u4gZAQWEAgEA2VrCAQDgDhYrIBAIBsK36KqnotNw/E3sOZ1rgr9F6GTasUCc4fOSV01rVac2Mxu07TDl5sQEZWUms9ssTqcisJznmdwpaHRZNOU6nT0CToFdxBwxjDbUwOYzlNxPrgEU5scTd4rSNNFPjS7Zh8n09AS6xJuwJieSSvAldZNTGxlbQP8AgoB1KS2eRW0IqdJdkQINwxuqjnEggA6kduwNl96jh1tRjqRw6MuZcTn1oAOOEiLcc1ECuuOAVScuEiqOOGxWhnMoeB597T6Ccy4mxfUW5lxDm9IxxIIqKbk56LMbcTAZ6mVtDLbYDadSdho1559OpeghYevLyBwsV6sKbTczSN7iuIVHTjabeqJXYgIq22b4rE3UO6B1tU6LUbMTpJpuFihLKOayxUl03D0lY9RstSJu4Ep5b3m/0Dk/dxAV3EBXcQGW2yA0SDVMgHLuBW0K3N29rzCK0V7Sxn/tsHDLeQWIoAlRslQLUbJQzdwHAHu4DgFqNgSCbhyJBRszOzl5v9COAI3ka44RLeZM7ALbZgWgW2zIvMNt7zYrRLbZDpENtnC5oA/dxK2w6mZfEw8kTHbe8h3Q8ynkYvN/oTy4bXX7pG02sXkO6HmOXYm6/dG1x/s8o3vISdUbOnR5RsIEKNkJPqNnTk+m4S6GpuaiFYlNw7cpJRsyukko2cAlScHagQpNzYhbsPXLOF5rN/4TL9PJfLTrCNS1jGMe4+w/DeR9uGqKHqvMFK9poBQDTeYGgCLFZwKyAbCwrzf6EBEhAOBWQCAQDYDgDYDt1HuiE62u4h2V3EDN5v8AQKyvN/oA1dxIWtDh2cAcLAgrOBWQWEVhssVv0qOyW96T8Q19FEA6kbXKtzqmE3fkDHrpTpzhEm58iTqFSnWEbkl6kSAHErxOzdA5nU0mck3RYmN2BUqZxIDoFMYg3kdsK2gNWcmUqZTTuwiaF3ccknCdm5rDkbRfXOIHf8MQ6+XWaYT15h0uEkS1gXaSSS9AluZNi1lWtCuu6koljQhHSqdCFcSOQI4kZnQJxIAJxI4QhnMoeBw03tFukLkQ44QICcubgK444BV5y3BwhHIFxMhFiMcTN7kw4mZ1hjmbcaFYFxOzK1/SLcLFCIccLkIpw0euAbiZhSirSJp5XcHbOG8t5UCFGzc4E3cWwK9WNHKTfphE6sUWOV1JTfM7mo82/OV0hVcuBrixIK9p6E6VjbuJQq4EXkdwU6lFGzYhLqNmhWOvN/oWDN3ALD13EsZxKZFG93EkZKwOZwXdxDraYvN/oa3KuNtmQFpmuqxharANt7zkRN3EkEKNkA5RveBg6AbhFDSjYEyo3vORIKNkA1tveSBm294EU22ZnSMccMbpHtt7yFiKbbOHYA2OA4WM3cCj/Sxveb/QxNB27gA9dxNiw1dfumcbXm/0K1Z66/dDrP8Apuo2BlRsOW15v9DA74PqNmt2JK3I5NwrQdTcNSRCbh0gYo7Aj/yxx/FFqPQ74Hf/AJHX8UannwMLo7eb/QApRssZ0goo222bBev9DsNdO4e48t4Oxbm/O9XaaP8AHH0v4jy/pW7SHdE9zhjaEBxwBANgIB1RQsUNW8o+IGgdkFhtTOHgcuRBy6NlisgEAgHCtYRYrNgIBwrWNLuBYrM3cStYV3EB0sVkVrDgCLFZwKyCwgEVrGbqPdErZ36YnXT8jfQAHM+Bk8dXpW3B4VW51OrI6FXcrRL50ICuuJuEitVpRkJynsRjduH1NJnaacswGE3HDSsS6c4cgmVNKvThOLjl4EFTOxuAdywxc/YB07fRSQdOm0sl96iBepIjZpEdh+ddRNMaFOdKF9VxxIzpAupFYDdSKnQVxI0uUQ4Y11QTqRWuQjmfAhYgZy4BWJy4BBOJ3hABckwQZ5m3HeJMOJmtWjrOHfDyM7vkO4maHCMcTAhnE9YEY4mBBuKByFs4d8PIHLHNO70NuuQ3NEN53jOVnBQkN2kSMCu4jRWqkpuE4gBzucU3FM02YswCb1bRTIxqxymZYo/pLq9oTfRqjZ6ANvN/oWOD6mZ3XDa7gWqxCjYSLvN/oQg2SEZwisDuFgjbOPfHyK05TxoZjTbZeAm2wIq7gP8AQJUbAJUbAkruBHAj22yQzdxAkFG95AlFGwM3m/0KQm2yt0Cbb3gRbbZjdIZtsLES22aAJeQ7oeZjd8tLr900ODV3A55WN7zf6HLQzdR7olbrTN3Eza6OXcQCFGzheJUbLFB27gA4o2AruAGyefA8+O/BSX6sSZ0eik3DqUE3m/0Nzg6om2BJKItudhl/8Sv+UnFKZbbzJ/8AEn+Um1KFqNss/ls/8iLMnhO5r2wj/wAUT/KTCeFB3qjFtk+Gln2GvXOKVyxJunR+FcEkz6OKb0+flRN3benb1n0n4jwvrpg0OTYDhoDYCAcARYztG8gmGg7aXcC3KsaqNmcN3cO+JAzdx74AIBwBAYu4gOgNgIBAIBAIBAIDKjYGt3EAi7iFfBu7iFh283+gG93EZFbQrVv0kOOn4w+iRblUWROCFcnSQAE52zsJQ5rWkldT2xOBIpyVTuJuAT8lxB20xu0PicmlOU71IDkDmxmlYcTcIaArjhWG6ac2wDumEjnSHUegsPEr2IdO2UtJUv0HgRotXUkiBCTrI5aFadDQrrhWGHUisM2ce+PkVu//AGAOpBKKcSM65XHXeyByvVZxzbSUIh3bAIRxO8AE5mju8hwB3E9YALiYEQ4mSBHE9RyhHOJlwEcTLHATmaPfHzLBt8M+0A1+X6feDAnwbHf5gyNnKL/gSxnR7lGR+hK2gI5QMVD0GTFecppvIlAZyT2gALiYFDr2T6y8rnbalmFga7h3xByIUbPQVpRRveQpSijZY6FKNlqkYo2cOT6jZrcsqZBMP3m/0LFPB5Rs5Q2MoQDTeZsDDhjTTDahuZgThNEe22QIc6BKjZWDVGzsEqNgDNtgAnAk1G952Ji7iZ/9Kv8AQS83+hT/ALWnbuBmWBnHAIlts4WIdtvWQ7RrbZCATbYQbu4kchq6h3QGp08crhBYznFJQ23lAq7aBKlOVH2JDkPKUdUn0JgnzViSUoGpfoicoJ/LWpO+A/WhflrUnfAfrQ6phTUsYj9aJJPCipG+nWT+onpPgjUjZZijFuprkv1M586WaoxaZPyUI/OPE6txOqcnZVQjXGJhTBpNM71nHJ4ZpqZIjRIJ0z/AmNKTTk3bYkCUTk3bFEsZxiCbh6/4Kv6eMfxCK8/laSz7j6T8Lph+nkZvW1rPd/FVfXTdRQ9BybAcvN/oToHIDgDYDl3HvgWarJwKw4WBytYQCAQDgCAcAQCAQCAQCAQCAQCAQDgCCsgEAgHVMitW/RxVCTqSWR+SR9A5LU9TuJuGWRKBcrRzK+JB6daOgTCTic666QlTq0w++dSJQ5+444k5rjAA+TVNeJ2TgFYrOTfOJlbQorjlmVr2rjgA8mctHNYHb8JZxdx0HSHUersH0b2IdO0SRGyNbnUq66YnSKnbpW0Km66amhDmMN2e71Ads4bwI9xICDcy4nntfqmztPbdPrOYuqAcTJQi3EwGXE9QALiYEU4mBFuJkiLcT7wI5xPWEBrSBzlA7mXE3OArjll2ARblTa+kAH8wHe6ANOp1m64BNqVK44d6rb7acLDtnDeegzk5J/4IrQg3Kau80ixGKzOKOs/kiUYp1ZUbsfQkbo5xxmo6cbTbOHCsdKjR5PVaz95v9D2Nqhuo2a1KWUbO1KSUbAKUbLAUo2WORSjZYlrdxLHDZTIKxKecfEy+LGU3Dlw2bbAj22yxAJts1s4dwAVrsEEG22cLyUbAfu4BQIu4Hf8AsCtt7zheiG5sZ1AxRsJSl5v9DMqa88R3mlbwEbm5jdlzvDeA423dla8E2o39EEAW5Q238mRRlShKjc+SGGVPp4KVg38iMMT6nJhc7zD+kd5Vypvkp/WHWQkXST8nim1PkjvcU5FgTwcptQbwYsKeFFHR9xsI2pwSnQNG/REaD06Ao2OaQ2gj4Mk/0ZmZzidGybX1IJO/BtNfRQGpyDk6Zk30IQITkyf0JsQJTTTAKTTAMTTMbpmzhvLGYSmmA9aJ/QRAxZKd4NjKefAHjNR2aUl07n8Oev8Agq/p8w+WPUnxJWWnVve0+k/C6Yfpxbs4nu/idqvroQeg5NgDN5gZLFZFawixWQCAbK1hwBAIBADgIBwBAIBAIBAIBAIBAIDdTMmdovTJCSK1ZBWQDgGVMgP01uupTtPM/F30KhVRhDJaoyNu1DmlUcnqdJdTRMsqVIcpmcyaO2okhpOc2ZsQs6c5Tc2N0xpQuIOHybid6lExu3K3LyTN5gH89XidkVtChVkpZmhYrzjhIaUbA7VgY5du6Ah1HsbC1OKYdOtpO60jQv7J10CFnbvcVtKFd20IbpJGdJ2z3epWE6lZAQE6zDuoJwrWq64neOGR12Fs47jjI0bUe6kEItxNIlCGcTJEO4nrI6EK4kdCJczh4l7i9otxwyuwTjmrsNysA5euwAF+GHHQElRl52gSH5ZR+gj5gTCeEnZYhOD08Mv4EsZ8SieGXciE4nEsMY69tSO7XKfTwwT+hK9d4L/KJJ35E2ucoVzk+JufIHWs+K7U3JVi2n1EnUY88Yy8k+dIR2RE4XX5eaa9wcqSm+tpHN+XOYoTaloblZ5XLgbZ25g9Rsxuh6je82s4tRs6Eio2ATdwA2u4mxwdvN/oDg/dxMbtm83+hYoK83+gEe22S4BXcTbypM3cBwGGuwn+hCN5kiOuv3QCVGwM3m/0MaUc22EI1tveAWo22Ylgvam4mRRxqXUpxtv5InEpdSg23OiyGCwSfB1xztJ/VOLRJ8Elfm0jpKzyfB2m0/kiBZVMNqOTj0pEs4lSmk080gJNNNPVqsgDE0zGHLOHfDyCcp1NNwIEppnDSKTy4kXtM7OJ5cSxA9MrKcDs4BupmegxtlMjNFh9MU9SiaZw4OBB5PKPgEzs5e/esJynryO4I4M3v3rJxXtbEIILFc5RNS/BuDT0IdugPq/wXX0+VOKM252q7TRPpXkq4egrI2M4JvMraDpYrIKzYWEVrCAcAYbyAwBhvMDQBAIBwBAIBAIBAIBAOAIBsBAOAOBWRWrNt5x8AEA4A6pkB+ld2iZ2lA/GN5fReoB29Sd1mzhyKSqh3qTxjx0Adkyc6S21An0yOc1Pgqm5/QpOxDn05kzlMuEgqS1PebE7EAXEHD5NzbUgOYOJ2fyJW0Bal1uJlbRXOZwpZkoRibgHY8DHNt0BCY9l4eO7GHcX9KdmxwN56iYeHaMddOWg0m6BKo5cStoPABuOgQLoEO6kee1gnUg7COpWXYcdrOldcz4E3pCEcy4k+oQzmfAkQLjmsgRbl4BFczOOdhtVl8Fx3AEfl/vgE4eToxPWDG/wyn3xMWOzicmTTzANs498fI2ueEwmmEp5NNI7UD0008wJpNNKJLOlEkkkwJ9OydibHNwWmkkWM4tJJJw2OTM7omiZ0lZumN1ccWxb5HVGVIpp4oxOZ9L7HgrlScimd4eu3SqRxfmVZZjzg3KG1GzaqaqNm1yPUbO1KQUbAeu4gOKNkh9RzWXuRN3EsOGt3AzqTqjmo5VtikNuAR7bdmbmUNdxHBwycuQLcpbb+SOnRuOHFYN/JAGqYK1g38l2AxKKcnusW/kjH26EqcmOcdwyCSU5McYdcGQTinJ6lCZyJZTBFRP5I60SyeGqinyRPQsKlGpp/I6yNBKlNWgEonJzKrPpycxg9OmgCbOO4B2z3eoTwdtIAEpp6gHrOO4HBsOzqeXEAsBAOGxWRjWCE8+AceHAg4bA5eR3GTIng4m5eEIOAEANgPJ5R8CfXA5PPgT4qOJnLT44B+IfX3NVDaZH/qD6z8E+3zkm7fO7d3E+seUFNCsjYzmG8gsNAIKyCw2VrDYGbuAGAEA2AgEA4AQA2AgEAgEAgEA4AgGwNWuwDUAgrVnArIBAIBAfqkdxFkjuZ+LvotK9pZ2HUAIxyl6Xc6NZYyg3cH0neovmjWhDO4WupdBOiozrCFOdfIjRzOteT06ltqRl1KuWTiexOokmqbWlFpubakBzGcp2cNOcNCq1KnGzJQql5aOFTQ7Jgy5qcITHrrDx3Yw7i/X0N4GHXQNL371la3BCRHi69JFJ04WinHQAHXdfTEBhxIOgLiRUuCWX3qMDXwrrh1UeIB39WA/5IvSBb68PronaIcTJQjnE9YDHMyffHzGQbWaf92PkbUcFZp/3Y+QOCsvvUDYacy4g9BuZcTF6lreR7o+Ztc8Mc8pd4NqVTcLFCxp63C9wlE03YFCsUmm4A6666mAL8TuSXIACGJ7qeTxtxxopPGuLkOl8txn0YniE64a8QO/MV7ugY8dftVbrVNKtE9Oo6iTNjl4W5UXJdjJY6ecqQNSz6+XmFtO0ctArMqNmwHKNlYcUbLA+Bm7gATdfugZu4ljOfUbM6scmm44BLKUG42ds6bTweuwLNJ8Bab+ciNFgTwQo9TOJLOk1MNaOTh1ICSTo2jU80gD06aTAd+G0/uJg4bGPhuH96PmOA2nTR2znFKbUzAd+HN4DqknAdTk4BKdNJ5gb8zbjGng7zPviDGbOO4HDWzvAhummEiLOG8DFnHcDg9Zw74eQMpkIIDW8h3Q8wnlreR3BDN5Ded8pxveb/Q4Q0u4GwFXke6PmATeR3GNPDF5Huj5lhp28juKzhm8hvCdrF5v9Ajg+m4EH7yHdDzAIvfvWWI2H/Yc6Muw0/gs308S/iL17ev2kYH1kjp5FtIH07z25oCcADbzj4FjODK2ggCAEAOA2AgEAgEAgHAEAgEAgMXcQN7qHdADF3ADa7iA7dx74FbOQDN1DugWNDF1HuiA+Vs5AIBAOAIBAfeP8z3O+H+8n45j2BCeLrusxYsWSTYuOauvGxWtslxcd+uAt8lxSvYmnGhZUq3Sd+QIBLs7kjuaBjdIZ2iKJqjJG3NmuVCrbkuqOQ1omWfSc5cCxc5ME7kiendTQJllHDqzoys5Mnp03USTly6pU7Ns5XrzhO5thFHqfD6p9Xzpe0L8nOjGsFfFMdwBCbjjpW0JlN0A+83+hW0HbyG8AhJIxu2XUtfRE0rTDqRmVIFxw5aEM66VNCtzp0mOVdcc19h0hEOOHQGdOJ0GSQ4mmbECLOO4w5EtHEzUrRbmpOJY65wC45qAi3XQ5U6tKndk0dQE/hjWcamj0noM0uu7UWneJ3p1VMXNKlu46ZzrtLJJQK2mxVp0nZFs5ZVSccvewnoU6pnLNMkc7cr9yTtkjq+GNTfE0dARR0tJKy+ROdtArqXbACn1pTCc5U06TiP7c3Irw3yu+Ts5JI88ydLoJcWPOjalp1wrWM3UO6BI3UbO1J1RvUEiVFLv/ANwLJJ8KqknHRqBi101yeHNe2HeqF6k+CHtKR6EizYzrpTWDftR6nIznRb08GpzHqcjMytIfkZOvoTQuyiU8Cp1q6iNRh38pXE/kSjVQj8o3PoYE/tAvgBxP5E5GPg137gAO5TP8CVhzmiP0UDOGuZ98TYHbOO4xp4CuJqGxB2zj3x8jGkrOPfHyAVpE2IKyU7zGHbOO4J4NWce+PkBkIIDDmcPEJMB22cyh4BxewpYgnHCtJu8juBwGvI90fMngb3v3rIMYvIbzvlDa8j3R8zhLF5Duh5lvKDybh2HbyG8jkOXkN5wCryPdHzK0mryHdDzBtEJuaiwF3kN5WFeQ3hO1s65Zp6d09hU+bnKlrD4wrHT+0fSMTlFrHvifSM7BoAzbYDbbZYzhCtoIBADgOAIBAIBAIBAOAIBANgIBADgEANgEFasiwNhYHAMCsQVqyAQCAcAQH2vtIn4g9xkgGpuFzMs1M5R8C7xau8mvNYFnTdcAeSnTpw1JhKdOpdJY5SKdbO6yp14P56vOuoXAEJOqLoqp0tsRLGVyLE/kVUZUsdO6lE5/ZpcIe5Kta4euf8pCJOyizUynzN139AbULqnOug8t6Y5N0JTqTpW0LEm6VtAxNwCZS1ORAmkkjgSbqWroidiKnSVkBSp3lDwMbud1W506VrlcddJEI44QvQTjhocI1yc9HSE6JTcvXOgzOltTSLXnpCzhvAEdAr86TNqEW5JnCGhAuJuJla67FBxak12p0noMt5UjCiso0y5aG6uHtDk9zmFUSYx1xHYJIlrOlHYl1NKPTAsZulIrZIIcxnTlkdTlYolTuXmRpjpQKlTvIkoqAozE1zD+c6zG7eqMMMaZPUqfS8bGaXVtdim7mEuezlyz9+Q0Od1nZ1NJ7NwlzXivlJ4OOUw7p21Eg4scRbUbg2QjtZacoNyb/JFql1OguTw7HpcI3B2+gOTRGMdDHmMzard1w95FtVTz3FjIi4dior8PSYRjtqJd+zI6KlyGaMS69Ex/tXaUdwFw8pdPqJr2uVVnSVEyWOwmTmulMdnSZIAcnSQDV4m5AAVyz1gRblnrMifEW5Z6zYhGuJmVnRbiaeYDVnu9RyGnM4eJy0hbSBsQfAYs4bzG6ymnHEzY5CuOfxxjSGu1PrPQ2IZ55T+uAa55S+t9AHeeU/rgFzyn9cANep/WwAaccT19eAV3/GgC3qn1kQGm2wGryG8BXkN4DfPH3qAa543RASbgByjYBV3EBXcQHE3ACk3AHbyHdDzAJvI90fMxpJNw2IV3HupeaMNNNDWfRfhKfp8zK4bu6u0zZ9D+Iw/SJPZVkA24TQE3mQMgDgNgIDa6/dA1vN/oArzf6AK83+gCvN/oArzf6AZu4AK7gAruACu4AYvN/oBrdQ7oAagEXm/0K2dpdR7ok8OtYu498CcidbXUO6By42sXcDrkytbuJ07yMXX7oDxW4EAIBAIBAID7hWLm8/EP2r3CsXN4/ah9NJzI2K1ypiTOayBcpLJXUujUary0Jmy+9RGUMmZnOpJOZGwSiaThjEgnJXTYDkpK4YwdzG53QNOtBl2iIuddRIFWnWAslcd6iZNrpRZ1gm6lHY4FT0Vedkrsl66ibHDZN0xrEmlOrOJW0JNKddBW0L1S2p2IRxq7JJBIpx0CtzpwCnzpLWY3XSvOJmxyrc6SimQ0KrOXLJMyCnzmcl6VPnNT7YS7WLDGdXrusOo7cmnrSLGEYnJTKnGXKYvDUhEOUv2AC/BO4bRA1RRWrbYIkyoxzvE9NOCmnTsTWteUqxc+GqyvEz0GN6d5EuOaaCugSceIrqV7tkskSqhO9SfJUgaoSdpeNk6WM7ntUTqIHKK0nKZjHOZzU22RgaxV3KmjeErVPrJO8jeBCDpnExyjXOvAd5oDlaRaT1ORJyqdHTnE1Sc5vEGqw5U3eShz6v01KlU06bhZGdyP8kI3em2LwMmOsdZwn5Ojs6/oWRi1L2Jye/w26qmHuHJygab9OceusO+Rlh7THuL9E52unQ0pJJJJGyRQ6uQBJ5PLIsZZFGndb2Xz4HJ8Q8Q9ZkkdOK1PWuuJ1gprlT3hIF+JnO6BjdadTqftCBac5c7ztA+8h3Q8znlnAOOgRTjiZDSjHHLMAb4llH18DYgK5X1MqfOgVpzHKjU/nTY4VWccqOj1MnAKjUnLelCnU3TG7UepOXS650pjYjVab5YlYt/PAqEc5VFeudpscBf5zlff3o+YDynKcr3vAMT5T9efWmN2K/nP1gn88EnP5z9Y7wHVOVvWPeEad/nb1l/eNnDnacU5W1Zd4QOT5XE4z1mN2J/nVODhOnf51jfcBhPlPx1AOqcp72oQ1GxWcU5T3tASanKfiA9/OfWCdP8A85RXuiDgUnyiFYBDdTlEKgH/AM4lTvGUbqY+K/WliNS9NYxqNuaHW6aEqxyxMSbakIJHrsbwk03dtnuq2D0FZGgCNtlYGKwgBwGwNWuwDYBAIBAIBAIBAIBAIBsAcB26j3RLGc+ZwgEAgEAgEA7dwAzdfugZu4gbXcANwEB+llzBVR35E/G3sGHOT2m78gNG6fJt9pP5AC0yTBGyNgkncLf4A16rAu4dOpfIGbVgFGibyJyJSSYd9wFhSogrE9JMOk45neifTodJKBGh12lkkoD0RjqSRy0K+6klECLdSSdK2hXqpw7TdS12Jj1Y49W2HkZJ1INCmO6/nQjhJSV3WVtLsmHiex6AC3gDOunntivOmxWAcSAiHUu2BnFYqiSuRyCao1aJ2SZY6scxrTYk9PrgdzEuD1lOXU3CR0rkktuTmdbWKn57eypLJYWQVJNOSkg11Ky7DW56RTskSLGfDXMQP1qt1RJNXQSjHD8WtjT05rW149xKT2sOQuGlSuU1WV7fFjO97cm/lOvaNS9g8FMr0NO8UU62S20OnDsT51zNHTkxncYqatLw7caqjk5g5kSK644Sg05eN/JCcimVJQNSw+SJ0QidN4r3eyImPXc11Cm6Bxjj7lxxElQJcu0+ufoAIa83+hq5WOscn3k+zrFydfyYImK3Fj6T8mjkmSai09b6It1ndxTSSkiWwmtEZvIbwjaip26kkl0AcgretzG6ctqitnYw6HixncwqidXvzwWOeTlwxrUNeb/Q2IDXcQFeqdwDTlZSdPrjwEE3j5RimTp1/AZf2is1LysKOUydJx0oFS8tuVR6m8bP4McfuoFScsN53qcTI7U+ccqmsXOqPGxWrc3xrryb/PRArzdd1e31udGwRsG22wG22ytexdR7ohOw+FYcLGbqPdEGw6opqCDxscHAMWkTG7/2SmYP7EhJxMIpxv8A74AlFACbSACtIAbhJAPK9oR/Qj+RDuiP4KP2OqKBI5TIEJTIESYSHPQY1vwq9hpupDj+En9lS5atR63rOB7v4nSr6edTUHD0FZttskANtkAYBANgNgIBAIBAIBAIBAOAOFbObARY0HCtWTagVlZ7vUBsBsBAIBAOAIBAIBAOAIAhTOHgB+uH/IiR+SvYJ2dopDKI92qUu0nBrz0kauVZnntJ0nBh1K9KFHR1Klug2bqFhSpWyKtaEkkkkl0GNY3vUkjXyrNOu2XiSK/O53/HCCvPTvUYWxFOu6wIt13UEmb371hCBnaKTpxLjQo9UYeJOQ1IkNCsp0S6m4Y1jp1FXqSWZW0LGk6ds4V104aBFnegbcywO9ADsl7DgVecyXYgOZ4hpFcaHIMT0rNM6jmvMtfuRvDpy6RyMXf89uukXpM7fQOiE71I0upysiUk7QkW7JbLpPQY1YsttstRW5ww7CygWOnM8Qp1FP35MHnjFqpr2OnMsHlvFdzbDarV5Nva9AB6KwBrLVsZ1VEdjTrR1NzYnjKqKpnXKmj1E9BkVhLBmtKnb2KRMGN26BTHITxRnafR7P8A9sRsHUaK/DN0kf8ASiOoj9h1ul+QzhFTCW3+0a9rnhJu4C4CJfI3A2iPdpfBKS9SkK42hO/l27sNgQK3OsIcE5z1xEybXQuS8nnk8RdX2JcbR3LC2SYPUv0pSFc1uV++K0vrzG6RT07SgbEIB2t0kvnwhQK3xTSd+fA49W2IaUfnzqQc8qfE+TJ9cdMqly6psdKMj0OT025VbmlS8qSjlMnTXjQoVS8q1XJI6/VnUypeVW67kTIKY5yg6jb+eNX8Jx+yvuYo1c3m6P4Z+yFbmjbfznoc/wAKL/2Rre1xJAtjNd5P8NT+1OqIsk/w0fs2sXO4v/hxd+0Lmnf6kpyGuZ4bhtRya5ojuCdKw/d9DJ/Cif2Kw/d9B/Ch+zFpElBfDkd4GfhyG4Bc07vQDFpaAZAX8j930I/hJ/Yv5H7voP4R+wq1/eJQ1s93qAitoOqZEwFWkTW54ZK3JwBKKFiRFnu9Q6OKKFbgWpmTEUSdpIK26jZIdU2zI7Z3VsHabtFNM4aFbzByiqj+I6v00TX+IfSgHoqyNAHbbAiWuwDUBANgIBAIBAIDF3DviAruIGQEAgEVs4i83+gCvN/oArzf6ANXcQcNAEA2WLCAQDhWrOAOANgOADgEAIBAfqmvnN5+Vt2UI66AIbHIgA6Su95jdLjJHb2PSDFtTsjmIF30dxGJxFuumlch3apSSMixATvEVKPz4kEA5W6WvXfkiCdrZL682KzDtbpa+vmNYa+NUivK0N/idPd5GdnaXqTvRflbUdd/VgIn/kh3Urw0rW6WxGN2NSdNjgakk67DpQMSxYJJJe9A1rk+7S38AQImdSU6UqdO5JsWnONHI8QpL+3O1jhWLaexmN1XlLFe7TienGVdeRRsdaaC9IvSI+lOF22plLVHSEktfRAhPQVzPgC9KTVDtm6bXKqVPWiaZ1IzOL4hVPee/OkOFV+5r9/q/wDyZJjpxevpO44dCIpvDWpZy5qSR9/4EXEY9Y8mPkXYoTx7QOezITXfpEj3zhbyJqKUS1zxEbaz5q+pclnC1LpsTHtdJVOicK6W+RNaIadxTSkmwooHeMik1TjcY8WOf1RjbHM2q3OncXnXOkxrEa5iF0mxWAcxCASeIUfnXgCE8ak0vnjHixu3yxqapjJ024rMt/iX0fJsnTT+rQr05/Fup6PUvZH6jmdafi6zJ7Y00Sz9UbHIam/EUqmde/1xOMiXL6x5Ylfznpi8WfrGdR6k5SE5c65OxgpjeLzjcczUrRbeIbbff5mr+Gj9ob53bb+TJSdUUbbAsMplCketxNCxNKShQDf4bpr7iZ1ZpunFAEpKVDSrNWim8jKM/Dinf6EhfCCg0NfDiu4bQ78OKd/oAM3Tm8zLGnw5HeaFgb4ab7oga/Djm4x8O8jT4cb7/QcJ5LmlsngM80R+igNgxzT/AAhmDyin8EaEFZ7vUJZtIBDW0h3RI5Tyxa/vD/QeUUOkE2oA2ooSk71TwIR//rBCSTOr6CVFG/oiED1FDQ5O2qffE7QI2RSJWgYm3TimZYoS6jdOaiR0epG06bwp0zhrHheuW+dqivD0FYA0BsARvIAIBsBsBAatdgGwCAQCAQDYDgCAQCCsitWQWEWBFYQA5YsIBAIAgKyK1ZFiwgEFhBWbLFYq6h3QA2M4/VA6k7DNA/K24g6IB5KSGtWmkpJ/AGN0sklklkBOG1yZddsTL20IOdu6kjlY5jVM7d+SKxQp3OnXcogVZydO6gAHJ059cBpezrugbFbdN2dZGJsSqbs6gQJNL4216rE6Z1jkqVa2XUTGLNJKInbsNtQNDQsyWD951050WRLBCiNfUToTSWFdDp5IgSiVKpJdRQAfskf8PiBEvJJdiAFfdohJ0ClzrBGM7uBo4hihyQ55OI7EiTLg4dWX4adWTfKX6zr9oOgcn38NDS0g7evokX6HrWl8EE6XT1pQORLfC0dxsccIKd0s78iVrVIrbDt2dFitx/ELD11L5E6iHJqmoxzX0InR125tUuEtZzl2zSkQFkwj/D7qrEN3U0iRbhj25yefw5MI6A22fJROdqcx29JLDrDpLUkhbkCKneKaSfUXwKDOsbntoSSeBVHnWNrruxXxOFUidYoOxd08b87ZVNnWLievr4FDnWOqifQ46TIKpOOUbTUmydEgrdS8rBVToTdNmCmznleOxhsZdixU2+VdWbnzxQsVGccoOdR65VPoav4Tj91Vcxpi3/rP6E/wj9lYbxSj9aa0I1vFJtvqhCAzdR1c4T0BlFKvb626AlKQbb62AUpQSn3Efw0fsypQiipqciVJQop8l5BSLUUJcnbSAGCFggDRvImKzRAQGbuBIw222AlGwH7uI/2MqNkB5RskDfEbfd6kcCUUqNsNDX4jjvMnDvRalSGtwV3d/JAMXkdxkyLMNt5ihrZPoYk4HdSn0PqRwaavFd4wwPdqbyQ022pAhAa83+hOf9JI5CUUu2+k6Q6NQeD9OOR2x01OE5UmFVB031N4CMUUo5PoABm83pv5MCttqNt9UAkE8Kq8m6n+R0jJqwU3yeq8U2xyB2zqlXcocoSO2OGlWhKEqJtur9Cp/twO1coSo405g9oEjWPHbe1xNA3Nis24WABvICOAQCAQGG8o+IGQEAgEA2AgEAgGwC1MytnaBYHLFggKzYWGwHAHAEAgEAgEWKyAy1nxK1jACLFbKmRBDRwsfrd5kSdPy3WwvhaG8nkGpUtryMVWJJKSIpGzarFpJJJdIBqTqSRjWM3iO8jaAXXb02KwTskSdMnSxX3cLEnSdEM7gGm6NA/82b2u42bFaST5M8l1dQMerEmlydaXS6LE17wrPpYIUslHqBk3hYNSwspZLpsDXqsd8EUql8gY9qxiykiUeoDdDyTqKXyA5GOfUicD3Pd78+QCkndRAevobycoTruvpiQIZ13sgQ0IpydpagAuekixnNuzvW7qIA/PSRjwEc9JGvKFz2kl0pEgrnqJHA2vk7LsNS7Ij3XUgdot1KSu9dQO2U6lRFEO5IrjaJqSYdYdJbd8ILkciyJO0tSyXRL7c1ioVvj5RMlynxMg894vcsijFf8AWyJlwcSqbl8Uap1L2Sf1o5vUvL+ptzqZsyjnlTcuP23OpnONCjVLyu6znPawSKZUvKDdd65O/Q1fwnH7KhOMa4/WnSEE3jRd5u+pp/hI/ZGt4oNuD+Gj9kb8R1e302RPqdNN05V7Y4T2d/K5z5t0cIEqUKoAapTiiuSRAJUTUU+SAKNbggBG8gzmgMtqEhWkAMEBFiwisIBsKyAQGW8iYGiA8r2k/wBjYgNgIDdRQkPWkCA23kFjOzBY3bm6hWAm6jioUuzbdRhJq7bbAfu29xqVtlFDI7TdOU5TjfXAldKbpyg7vbDWrXBSUYO2nUjGsVSb05TfyZsVhvhxTv8AQCMacs/nQI5uo1E9jbdArU2xSpFXJw0o1WG+UZSSnVDMlYaRxS+Ivc2hLO7HTde1gmpqTdAiqlqSvawj0u6yBDt4J1JV/W3SRM4Vclb2vaqTQtuf1JrFY5ZlSWntaCTpmgedVe00KzjWXACNbzj4GgCNZ8QAgEBrdQ7oAbAIBANgIBAIDF3EDICAQDgCAQDYGrXYBsBi7iBkBwBAIBANgIBwBANgIBAfq+kk71H5c2LSnOyAWlO+wAZ2dOw6DkCu1S6lDoAAdxFdSM2LEa7iK6bMVgvzEc/vQMiw6liK7rIwTElql3tJFsSnfYciaSnYDzs77COwy7OyREOTs2KwTtU2RjWIqd1S7HL1JghHapdjAYAPjd3uJB6c7d16yMEqlO3XekYLYlqdiSDUktfRAsGs7dhmXK1YnbuopWKrOp0ViFeqkdAR2qe8Brnp0AlOdXpsViUnStqO/FCSX/UAAO4pSVKHXgRXJ1ylcPE0uh0nKKROOX3hlTGXs+/N2Mqnzn8Uej5N1JAnBR6m/F7n8YWSUjgc/q0OOYgfia4vTyP/ACtIbP1cbXF6l5V1aTnrtVGvEOa1JjBFzrjoEI3i4p8on6k/w0fshG8UKkb6omP4Z+wb4jq+bdFmQdm/hmupv876k/w0fsehhW231xuJq/ho2jlMFVY/OhCVUoRVUrd4K5nUU+SLHB5My31YTbZAZbbuzWrMgIAW6/dMu/8AazYV1+6X/wC1bF1HuiWarYIDYVkA2AgEAgEWBsrCAQDtpAkNEBwBAZu4qZkgZuo1AG/iL94ZA18Rx3jAO22210gPWrbZDQJUpxvUcIa/Dv7pnyLRKin8ESCFFAH7Pd6mpWZbcUU+dMjsD8XU5Keht0kRE3x1pFU1OAP841X5QBtvHVz5MBpXF7FJvY05MBGTZvF2o/kyYzoVvC7FGbN7WBbKc5HKs3Uu3K1AvNOclvCKU9ceAv1OUJgnTv8Ao3EgWD4koOUfOAJTFTCpTbNQCb5QtCd3uALrhTitTdRqadtRI2DyNyjqk+JKx08TQOcq5cDQrNN5HXoj28i4CNZcAGQGm8wNAHAEA2AOA5eb/QDN3ABXcAMAIBAOAIBwBsBAIBsBsBwBwBAIBAIBAIBAIBAID9OElnTvefl7Y6DJXXXTGsWhJ0DZ7PgR4IJ13X0xNitDumRYAdSAFs4bwCkkgJWSugWyRGr6VpwyrDZWBHZ3qOxHvTvUJBGuuuuGxWgnXXTIsCuu9wGiW2/+hsVpNJJ2PSY1i2SVI1q10kiUMiBIOu2RArU7d1k9CoVS5vJgqE7dSS+fJFWnVbSVOO2vAVedY8UVJsngKVOeVxRkmydNONCnTnl1qp9SgT+op055ec8j0pROP4EaP3UipuWbi1OobGmbMjjaqFTYzY/TnP2olmSMymTipcSnOuxYMixWKk+MG80tObFattqVg3/YoEW2pio5/Ypq4A35b4qOfJEcBv8AJOpcnEhox+SinzaQ0HKYcKKdNkKJhSnE1OiyNasxZ2nyRk1YGbbtPkgH1GzWrDXcQNbuBk/0sNNqAJRQBtwQDmtWabzMld/02vW+41uDV5v9AGG8gzs2je4nRi7gQFdwAaAbAcAQGLSJP+htaQAVpABXcAGW21AGG6jUUiANeNt9UTJ2hxu7+iIA9s39xGhxWnG+xwCSUpFRuG1gTSmHFOOdF6Am8OFFABm6ctOwAZtS0HYCbqNRSIFcbxcpFX5wCKbx/pFTqgEI3yi7vqiY0DqV1i5V39EUU+BNp4KcqSr8qWYj/wDTgQk35LfKCa63cDkOKciyrm/6XcHA77ye+SFg/Ko3eIEdUAPQimG3JRk6loonEgQLimGsG9iSAGs6PUhsYCb+Gm+tpARvw1R31kScEHOKbo/60CpVHTlOKf20QK5DCysK8j/mfAkNucmWsJR1yADynJxVb646ax3hSm1MN8Htake0yd0eOMRm+d6j00T0xXz0FbLeRPgi22yAI23qAHbb1gagIBAIBsBANgIBAbqZgZAbAcAcAQA4DgCAQDYDgCAbAcAcAwpmBkBAIBAIBAfqCktLun5G9Be5JJY2XSVixpJWR2GXXdQEG6a50rQ7rurpiZVgB10AK9+9YBKToEpJciKLTIhRIXm/0OtgV5HcOAE66AE67r6YnIj3XdfTEkCOpPOfIAPQkt6AYlJLL581q0mnZJbc88Y1iTSxEw6knXavXNasA5ypcEZJlV0RlFBrbl6YRJ9RqyJODlNafiTUcpHT2LseknBxKs+XtPHelN82YKFOuVtiDOs3zFkaVFnOM1ZznrjxJzVfcqWpXOuPGleiHHHHPnR0BiBo2obFaXo2s3KN6YJGwXJPlGO9TsjLig7/ADgVP8CJym0YnygKZh1yRF+Lzv8AONw/+cpMfrRn+cvhl/0Sh5HTOkk+Uxg187IVwHXMf+T+5D+gQNPzY5OTkf6CibHBv4x5M/0MQaFcc5LLneAw5J+Sy53mN2FcprktZX0QA3KBwBb7TY4AuYOYHOdSf0AAf83fCn/EF/Mx67yBnOTVQTcf6dXADc5L1H/Jz1c2OAzfJRV+TeXCAf8ANHe+tXJ2s4FvkdVn8nAgR/8AM5r7+7ENOBnOSPX/AHBGI9vkq18nD9UnWdHt8mKve4DRvk3Vj9CA03gnWCfyJAh28OKkU+SJAbcobVAC6mA03N1ABfiOO8YNOdnPoh/oKCjbYDfNDTceujjQQpKQJ+nG6clHXEgLk3inSCilmmiMFNqOo+d29YEAQFzuop0XpICbrqnJR86MEC3j/SKnzgFcb5UakeqR98BHN8ouuslEtOBPYW03ygcXm9ScPcxAu035FWMEFP8ALDQFFc5HNR3f+WAN1OS5SKnyQFslFC0jSMf6FHY6RQeKlOUH1SS6AC3p8ud6T5JEYISccuT23euSUnBRG+V5TrmaR0K+3yr1VOp9xyI5vlRuN9ogs9INV3Vyl2mAa3TmLyYFXmyfKBU/24ETacoCo+8BtvArlAt/2yA2nyUMXm+t1oB6BwUoSpMOKctLwgWxz/LHXAAk6c53b0GonQuU9Nvhuj7JM9MeOm8zQrMGgDttkiFa7CAyA2BrdfugNXcAN7zf6AK83+gCAbAQCAQCAzdR7ogYAcAzdwAwAgGwEAgEAgEAgN7uIGQEBm7gAruACu4AK7gAruACu4AfrJTkiSR+RPQTCOXExUbOupdhtEU66kIIWdTtKJIrbs6OxFOOHAavfa7gJVM6gsklSORaUvY6czn+Aj9hv8mKRs/go/Y110OUVO3UkuvPkiAdxEpZPodeAq065S2HklyeGChTrlqUYnHT9ESf4Cf2VCc8vxZOOwmr9V6mznl21U71KI/WCrzrlb4nzrN/InIKTOcdMQZzDbKsYOGhEu1nUznXHjY4Q7jjed8AKY3ZOZcTY4R5jdkBo5lDwNjj1GOZw8TYhsA1dxMYEccNgbcDOHM4bA1cT1GkA2e71IaOSAbDOQCbbAxeR3DgN3bf1noNoV239Z6DaHLttT50nAviJz66I0O/EdS/WEBr4kqT6yIwL4xqX62HmbMYzideVKp86AV+ZVY/WRJwJTGKvk/niAT+cVf/AONxGUL87az/AMbj5k5Q25j3WX+OEBKY3Ot5OgNN4wuARreKtSAVqcTer5uTwKu2o2p1t0CAb6PnQGm1GwMqKAGq7JkASpedgDTbdmArtTcMAzdRqfWgRTdc04r84BEt46U6p0AVOosdFPlAKwpV1X1c3aKOgWinOTnijV/RBwC4U5yFKkcc2pvQED0rgjyNOT1KldD+YOkQgTo7VHBLko01nRUoj/8ATkCsfDdBUc5eSb3GgAFcrG0AqNSVJzwBX3JQo3thIGbpxQCKm8opxRS8cNYrTfwg38kZBtTeFitYRtE0jWLwlyAZhUid5D3ABjf4bss1XbcdAY9FYrHkm0lR3Q5HQE6LvhVUmFVBqWkUtYFt/MnBz5yHEgSimMWB8E7PmIBr49wd+TRAwnWOGrYCcqTDUAFyscNdfXQISo8VMKlOwCPoPFSm68rG0UNg57ywKkUc9q0vTQPPZ6CtlvIsZ0Q22FiGbbK1jACAbAQDYCAQCAQCAQCAQCAQCAQCAQCAQCAQCAQCAQCAQCAQCAQCA/WNe/es/FuHoGnXXSQE667HoNgEddAhXXQIRzPgbFYR12zA1TdMaxOJVmkl1170PX/gqv3SEMesO5L114x4lW5zy2KMpfKAzRz+qPxFVox2JA1fwGj93P6n5fdVO9CcTZjhzmdcp3E+dO64vk4bqsTnE2s5zHpeOmZFuOOOR2x734Gn8iH96Hkaf4daP2ptxMgMWe71MvCeDlnDeOThvZx3HLRwbtIgNOZw8SzxBkDLmUPArTewRW7DmhWDcy4loHOxq5nDxAGbyKwMWBxweM6PM4cLFjVzOHiWKzJWsDtqFgHCs4Bo2oWBm0icBWkSeA5Zx3HPAYLBpZw74eQVtrSIVsgAXSfdEv5c5Dbbah05AN1HadGYAzdXgDN1G2ANzu5vHIV253xHIbuW/uAwJuo21ABvjuo1G9esCwUHUbk3cs5w77k7HpSTYOck6cUbeTqrYw0/gVioTjBLkvXmpKfDRBt4DYC5fFZIGnGCWAqin+lY0ckxTm2FlC9TnWsDmDeItRTaGyKARLbWKLbf9DANt0Li7N+wkAt8n/HVuHXfQgDt8nSuvm3QDFOS4231xwCWU5LiikdV4BaFMIlZR1RMCeUVbU6o4OA643V6n9tAAt1G2p/bQEc1ilUcW9krUdi40hQXKDrBO7TciA23hvyj08/ZiBCTdvlA0h1yEYAc5q7H/FKUt7WBAfnpi7UfVIAaKKY/1c31KbmsegOT7hXV8VLSsJIBflKCqSUdT/QAHJ17WEoTs23mAI1zlCuqdbAgpvyglYt7WkZBEt41Uj9EAN+aVIt/JAL46pD6IYI3nhPuGg2UU45UeyJwAOnGBNXqKbJOho57NsFsXW28gIVvk54pNdmnA7ZyTcFajw59rnluH7A1jnGO1R88Ve7HUaBz89BWDbbLGdGNthYi28itY3AbAQDYCAQCAQCAQDYCAQDgCAQCAQCAQCAQCAQCAQCAQCAQCAQCAQH6u+Mf96Py7GwnXP4+3/8AqQIlyqZKn115c2YKtVGKFFJx1wnwFEqflIYfJx13pI5/OeVrTUepOgU6dcrZ75I2K1dnPKcrV3tArjmLVZt9oEK5UrjnXHjWBXM+ADVnHvj5DgbHA1s498fI74GxkD15Huj5lqzGp2sYbzIaGShnOFgRYBytoauZw8TrwAuOEhFAbKwGaAI5lDwOwMSB3B4GG8gMBWTg8Vo8zhwsWNXM4eJYsCmdnZbyNC700FIez3epeC28y1xWQgzsn10QAm21CtIVupLQIMt1IoAE5UjbfU0ytWGs8VHNsTpbTgMt0fXn+CTc0qy+A6ju9DdpacC+U3QWFXzjxAzWKmGsFP8AIxsFZbo+76mkZA03hW4mBW26cbUgBBtzZRTpbHgEbrpVToABbxFpH60CNbxop1T50sZ0K3yolG47J+mAUKt5QFd/0PRWn/3YgQs3pHlGN9PMs3/3fSEhtTAnlAzfo1TcraEkpyLavm3uHG3NOB27C3BWOHMQL1afwY0DczuN9Kn6ACIboOsGwK43QlX/AFgEa5TlXp9gFcm7VRqZuAVxquqjUiSKvN8UcRs1JK8QIVur8dW+n4Wm+feOQMpQvKBq5voTeIHQ6F5LldORu4QJ40escElMbqPVtEaW9+QOnuNY+tp//wAm/QCh4lVJXuuznOFeoDlFR04pN27xuSkhynFFJR/YoHR6Zxv+Af6GpY1hOcpOpZw5eOSQCEb5TsY9cSAG/nO0g2peOIrgU2o8dsLXOtpAU5vEakZv1RICE2Sb9FmAY3KVFOlRMyCycn1tOFYQ54kv6AD6NYf01yZHaM273GsgRbkm5Msn6mBGKOcn+820B2pqlwM/sWAACdf0AnCziiuBTcY8Sk1aO08EjYPn/XTcZtUembNAizQrRjeRoEO1nxAYay4AagIBANgIBANgIBAIBAIBAIBAIBAIBAIBAIBAIBAIBAIBAIBAIBAID78Trl2zx3qcT4rIKlOeWJiHOo9L4wU+c444gznN6PmX/wAKL/2QTlTVm51x4lIBxlxzrjpH8JH7BrOPfHyJ4SdsYdxH8KI/YrGHcP4UP2JNMlJ0kYtIkDWzh3w8gN7Pd6gNkhwrDYCCwg2HArJMihOCLDZwrDliww3kc3sDt5HIaAHLAK5nDxAEbzJvQYcL3HhlxPUVuzJWrJwKwZWsDliwgEGdm7SJ5AjlSKZmtWB+JE/uAATlSdoER8SNtgGyem6wrDoUSAmG8HqxTTvHIAQbaloASm2nGG2ASFN1JTcob6UieWd2egOV3R1MJ6BNykpN5EDpFNcr3k5zjr1IrgSs5xl5Hrie2SGJsHmfG+vcA1OiSQiBxSo+UbhbKcmzIKw3y06dU/ohKAES3y06km+yKKAAtVHygK76pJgDk+T5ypav6Ekf/DAt9Nfhp8pOpf1dFH/hjRYW/wAH3FqCm2VLq46MaOXufh+VJR7e2NkcCz4W8makaRbu3JKSPSMnr6jqCU/yNSq5A5tUnKdqVxvpTJwAt8pxyPS4kBW2+VjTqre1pACKcr2ku41gj+d5Qv8AdgA//PIwu3GMR035alJKqalIEig1Hyu3HI7JEcCpt40Yut9UAHVUxRq5u7m4F4lNPNqdbGi/UI3Tije2JAX+Fd4Pqf2GORGt4p4WdwElTeNlISfsIHRqM5b1I0z0wgBdU/xLZbDqcFwKVWfK4pGp29snSAwVBvGDB/u0AFbqTlBYQK5QJHNaj5V+FynU4GscvrvlqJtt/wCbkYAVanMRsRcUqvtFIfoDIPWVH8nCkHKQ0MZy9+mNYk6b5GmFjjeqcT0DrKnI95HUoT6dJECpznk9YJSdzY/aAjHMN8Kk8ogEqSjDaUdTjoAJ5OvVLTpd7TGIRuvKPU6HHQKJUfKmoWnW+hwDmtR8t+UuN/5HiTwMYW11jVi85qk/TEDqWKadSUfhBZ1jD9Max5xbbg230mgamhWhG2zQIdvIAYBAIBANgIBAIBAIBAIBAIBAIBAIBAIBtwBsBAIBAIBAIBAIBAIBAIBAfX+0ifDtDIGLSIG1nDeWBpwsDZYHDQrIBszrCAQCAQCARWGywa2ce+PkRwlmzjuCDpw9A2FZl0KzwWGwBm8yFgRzLiS4COJhBoBsLAbiZpcG7Pd6hAVxwAFtxNQBlypVDMsDfGFOd/qDUQ5XinyaRLOBbqRtzqYD9pWDhrVrDTWAlfVlk6Bekvw6sW50nsU5CcEqfh1Ygp9cnS//ABAKVivyao4Zx6XQhzq0tPcAT8nr2pKbySAbqTEmsZx2gc9qNRvrd6Szqm3N6iUycAeUlGKTal2m5E1il1Fi7iNSLeYFcm/KLrr5T34EA3jrjrN42mrT+YES2pjVXWyN6oAaq8ljEacQ232ogXbB/ktMpVFtMMwPSyuFuFlIKXjkliBJU3ipR9OdT/QASanKdWT6m6Acnyq3k4bHVUQE5yt5051yqgK05iopN/f3jgDimJCmsA5vEinI9ccAjXK7wrU7AKvUeNOCqnW4RApyjeEWLtR80KAX9TkbULZ3jjwFyU5JnJvs/wBcCCqPks4EQ6n7RjEb/Nawi+lJ5E/KOT7hAp8oBPqYV0Ip8kASphXQYAzmG9HqdoFfbpynE/kgKTXbaiimodClxUq6bbWmmTREzaha6a/6kgXXDnkzxqVXa3RaOhqcjWnVFP6bGiJc5IVO+y3/AKUwAhG+SHFvqk6/8QaK81yE6xbzbNYG/wDh+PZueyA4pyFFuwC0ULyWXKS6VAJWbyfFRTY1HQIltTFNTbIugAtVHi8p03oEBUddYpKZugD0I1jriO3ZSeEQL9KMEuUfN8vZiBd0+QVyoJxkxEyaKvUfINx6hmzE1iht/h317N2tTkDGOi4O/hR6WduavY9nV/8A5CR6aoTkVe3gJ79324npjy5ywawvKytAOEANN5mhWgW8i+iHu4EhoBsBAIBsBwBANgNgIBAIBwBsBAIBXm/0Axdw74gZAcAbAbAQDgDYDYCAQCAQCAQG11DugSM3cSA3dxA+xp8O0GywIBAKzjuLBpaQLBmzh3w8gNQMWkSBoSFZ7vUjkIkIBAIBANgIrG7mfANBgLG7eYVsgINBsrEU3mWM6MccTAGcqRP60ARupdfU4mxWi3Kk7DhoRrdSNt9TSNYbbk2MM46nJNOZNEa3QOMWra5GawC3TdSZuGdnNczw3AbKbJ8kSznW6jb+iAabrypFOqAZUx5r2Tw2J4Ar+eJjgn/b7H+8jBlvluYyR/tBj/eQKrUvKorCsOux044FR/N6rvookcCqVHygKvU+TJESpi7iNNupxAi6iq/FFvpUNYq1pi9NmzJyPUnJ9cqOm6R0KlSGsXKb05hXUfS3S+gA3Uw5wTU/1JQMnIsUnp3BFTpjhzoDWLA5OcD01NjpTQARk3qSgXFOpARCjdHqADVIpTdYKbWBzub4KUh9aBXG8OcLVGtrdABboWhW+qToBv8AIqnG/wC2gK23hF0bJWgATeBeKPyjYFfb5OeOrn+3MgiW+SfjVlfMATCnIUq5uN45OYmsXmhOSG3Qrd2l7OoDqzdN1haWeoyCA+HcU/rI+Y0BtqYpdrprES23il3gZbruupQoBE/nrXaeyQAmqcqPF6b9TiAFN6jxeU63F8CnzeucUflI6cCuN1zijd9IHWKE5TNX0epaNUVACWV5QVX1fmn7gC4U25V6m2QdAm/jz6x0B1Sr6b1bY4BbqbxJo6T9TAnG8b6bcyRXgBBzjEmm3NscdAqNR48UhKMnAKRNuWTSUoygBzqpOW/7TnVYgVFTlMVzV7dooZOBf6bws5R2JHQlDWaxckuQHj1UnWmTIOoYK8krEvBSN65OdRA6TBysU+nnw2B38wK//wClbH+8ANuVLWTif+lYGHPiXLnsC001OnKZ6nVZjB1S1nWblM6e9nvvz1B8/uUFUfPFeaeIFFVy4ADtZcDQrVttvUaACAy22AyA4A2AgGwEAgEA3eb/AEAxdxAV3EBXcQNAHANbqHdAkakBAIDe7iBi6/dA1vN/oBi7iBkBsBAIBwsVnCsIsVmytoIBAIKyK1b7EHz7Y2s4d8PIzrGbOPfHyI4GhIQCAQCAbAbAQCAQCAQDYCCxre/esrypysuOB2BcnCanaQ0AHKyT1EqwTmJaacegYsQ7uJV38iAw3XrjhsY0bGcXfQ5O/cAEbH/0pgE7TyilNN5zsIHJ03TSkdV6BZU06NT+dCVipqsqBpnqcALqlytFEupSJcAWc8plScp9RXA45X1SqVK5eWOYZlRbtFAGm7Rz53zAjW26bU+dAiG8R6QU+c0BIiVK7pCbdKjoB92n/gprGrbf/wAlMgiW7v5SSgBqU5Uc3yTNYDa5MlSVflADpuCfJ6jhzHW6j78C/t0FRzfyWoCBcw2o/wCjMYGcoJRPqcQK+3R7nyaRIjW6DrD6ICNboSu2+qQAh5vR9efOJFghmlKuUUKxTJtiNVynaaxX28XcXW+lRMyCJbm3KAm3U5K8BJYW8nLFPFKo9VYe/wBCB6rpz8OqnlVLz8xYECXc5EiqaeuNUmwUdzkxu0ftkZ0BKKNt04p0GQOt1452ADN1I33gY+MXCBqpiopKIbWbBs3ys8LFf+bH/eAN6R5QdI4jN8z0fD/7gDoDeGtStp6ZxNEDzxi9DF6nHNStFagOUzdTlAVH8mZATTuBdXXehbbgB6mwqbTo9XQqOfpzWJKpFFKkcvIfoAA/gKm9xjADeG9HmwJvCukO8BpShKPU+TAdcUo9RTa3QOS13NqQlMeidHI5e1iKo03aKRM3QveHOFtd13tUIac1ix1Hyfa8T6pDyArjeBWKU32NRsCyU1+GtiVWKd41Uxk0XCm/witLH+mK2gaxbZR+EphfTfRz7CAEh7XIxoSj29kjrAs9NqVlR2ySYA74/wAZfrogRFS1LX1Sqba8BSHG21NscqkCoTfGtanOhqtisUxvleLKN61CwRzfLTd15gU+b8sbFObt6G0iB6ppypIyfBHTttu/t4mgeWq6bu6i0zgETdQ7oGhWHbbArTeRoA91HuiA0A2AgGwEBo3kBrdxAxdQ7oEjUgIBAIBAIBAIBAIBAIDF3EDW7gBpdQ7oAYu4AbXcQMXX7pOVGxi7gQk9dxAeu4FbOaCwitYbLA1dxDOyFggK32NvIbz59sNXm/0AdvIbwGgEZ1ggrA5sVt3M4eJz469CHTkgEZ1hAK8hvJCvN/oBm8h3Q8yeQ5eQ3nHIaNLQEcyh4GT0V+cU023HY3TtnQfwDUrkOulbQ3/KhvXtjpsVjk8KI/OASCdAqaupGNYfco5NxTTppomxw4VV/JjrGbN3ik6JZkA3yWMYP+kw0AucnDGtTOcARreCfKOU6o2AF+XHKxUzbiA03R/KYU7IgRvw5yrt5HAbbU5Ue8ka3vKk+i9TWAXJvypFM0wK5N6u5UnZJQK3N2+VLlBOAFbbp3lBt5JvGTkdM5Oitd0g3/lhPpNY7b+b8ZQp/oSZBH/zjoqdPwSawlOUyr/goBSnKmVU+S/+3ANT5WVO3euENYBv88un+/1Abb5X1PRAcU5WVI/OQAkYcr/CxT/mlOANvlxYQqf805EJUnL5wuj/AM0Dn9SfiOqJ9V9uBWOfVJy+atm+ftGwKhMdqtxTatWnQOwqYQ07NtrbnYFxpyhKQlCn9NgT6alHqdN6Acm5Tam2JugHfGLan9tgNfGLjcOugRjc36OugVebVHTikf8ALDoFOqLHWhZT86BzmpOWrTacbNX2oQAqLnKBxeq+GujZH5xMmhKU5yp667YQAl6c5ImKU32tvWB2fArApvCFy81Gsd+UxWrKCnXQK1OKkqObw1uACXf8EZOAC2oAMpkKCfiO0+dAgmsX1KcjdtumsVxvlkYcqQ64BTqj5dauasQKLUfK7xeqP+h0tZkEI3UfKbrrshAAmUcmbF6r27ycR1gequR9yQsHqecusWYxhAD1LOK+wOo5OzpmlDWIBzEqgXOtyIxgNypMNHOlNI2Ar4ypr5Od+4AkE6xo75ydmMJyvaBU/wBagIGpMYsHVOmFUxNgoFYcsGhZT1JsDjlX8viVqdUdA5tXfLrq9tPXTcfJcxigVHjrygqu+R0/+7gTFCYRYvYpVfoVG/f8CR7Xkv4POiqWjv5UKph/vJrEG5+ERLk3Nsqr2f8A/dgWOkPw0cCaQb232/feDADXLEhR1HUhoKMpg0DyC23G7uwATYrRTbZIhW2zsNADgK83+gCAQDYCAbAQCAQCAQCAQCA0u4AEXcCtnYAYuo90TvXexveb/Q4cGwsNgIsWGwHCtnBgIsaDhnDt3ADN1+6c7/2NLuJSsOXcTv8A0NCVZXm/0CWLuJW7foGd5D+LyecvieWIt3kdYupf2eAG5ySMXUs5CbBGO8mPFxL/AFSiVhfzfcTk85EVgJzBfEFP+wisQzeGVaJ/2EAN+X9Z/Qx8wGnKMrJPrqIDXMzjnyIDTkncT+RAGsnPoogOWcdwCs47gFZx3ANWce+PkBsAGA2ASnlHwAV5Duh5gNAIB5NPWAKA2A1aRAVpEBdT+SAFcs/ogBrRL6IBpxNNz5IARxNP6I2B34ZUAFco6mm/kgF8A0b9GA38A0b9GuBj4Oo/6L0AbboKm3OmCQAzeFVHuZSQAFvBKg2/7FAjG+TfhW38noAA4clfCxuPUwBm+SZhZD/nABN8jTC3+8BGt8inDmHzwEa3yEsOm/ngBm/w+sLvroARLf4d+Fv1kPIDH/w4cLe6HkAv/h4YdbgClOQlKpQ3dqHDQMb5MlYKdUnR2zo3+b7ip8pOAAm+T7i+p/rMcNBr8oMalPmwG28OOUCp06jtnQrdOcoxTICnVGpyo2/rwKdOMIeUdN+t+0/DgBGx5JuNc46HdJHyNOi0UdyEata61Agd8pHDmOEKv9C+/M4xDlAtyjqdFEDKnKlcysyxnEqcpmKnyQo2/nTyr6KJkDX85qnf7pOT+xt/OYpH+76GZ3kNN8ryklVMi1a41WHLsZ9lvTWqhrHPJtys8Ral6j7MYgV74kxjxIbs0/ZhAxjq+EPIqarvor5z+Vq7Ymwd9oPkJcnyUf0vPF4eAF9lPJ95N9Of0P7WgMfIsqdBUEn1OOgNgk06bpr60A5Sgk/8bAObw1ppz+3AKHUidOUf7/bQOd1FyjqRpFTTQg4By+sOWpSKfT7T0IAcvqPllTNrqr8AKjNuUHinWHUm9PxMYOlCnKEruHTfQJ5F2pvkV8oOr9scejHwgQO6YJ/hxUi7H/8AUqd6oAd0pzkBcj2j89JHT+BsE8rhXgLSEbSjaW0EfGIGbyjlOpyP9gYxMJ4sVmmnqTngEY3X1ZOdcdAfTnDn1psHnPlZ1heu6FM0Dz6Blts9RjVybNlbQjXAFeb/AEAHAbvN/oBi7iAruIGLr90DN3EBgBAP3cQFdxA0AQDhWzmG8jr13TR0kgEVqyvN/oAgNLuBW65a3cTnhP8ApocpK8hvNCOSCQ4VnbuAd6wEnCtYw3mZ1h0BAIBAYtIgK0iB9pE/x1dXRq/+40ZnE6n+OwjCPTD/AO50YE6n+ObRMP8AmR/3nRgWdP8AHEwtbzlv/hgSSf4z+D3+G/8AhgHJ/i84Atw/0d/8MCTU/FT5MrmdOxh/uwByX4lvJj/6O+iwCj+InyVXP9XY+SwGP59fJU/w6TeS4B6fK45Izmctk3lowBHcduSNOdi/kSb/AIYBXxryRXOjVJvLRgKy5KTkf6ek3/DAd+CuS+5/rdJvLRgNO4R8mByH+l0mAZhgRyenP9b5MAM7yYcFXOo1/JQBXOR1hjklVy4ADvIsk3bVsAA3eQ+n8nXixpADnIge+SqxYYIlzkV1rlfGX+GfuAc5F9ap5ukgH+aViF/dgAA5yPcQv7oArnJKxPTj+r/9sAC5yZcW0/kAI9zk/wCJqWaAEY5gZiZ9CAM3hNX6f9hgBOUBX6f9hgMfB1Zf4IwA25RtZZ8xsANOU1UuvqLAC5mqb6LT+YCcpqpfogBrR0BWjoG/T9DEBvp+hiBsAw5lDwAGc770Ba4/WQ8wG7zf6ANgIBAIBAIBAIBm8j3R8wHgEA04mnkAO4mnkaBvsn0MTONtyaRoDhnADiijnS4iAC3R9Nt5SQBr4Do//BtAAN+VVHfRrgCflXR/0mg8zHtAv5P0H/gsfIANvBShG/kyQE3yZcLW+0Cut8irCK76oaxIKckLC5VzVZmQWiU4KUJKeqSUjQQ3QakE9Mmm7+3JFBb5MrcG/wDTUBOcmWo0+p1rAcCP/m+VepDX8amsL8lMU1P9dQBm8LcX0+p4hacCOcwt5RsFP9NNOBRaj5OXKBm+Va6eAFSjyHsXpu3rcnkQLJTf4cVQtQ2psDodH/hxUh803CAHTKQ5IOEFIx1xj78C6yig6PpvqiWgiBJqNtw/6gDF5eQAwpmTASQNbOPfHyA3vId0PMDLjgEoo5Zp6Zw0Dx7jVUfPFX6wKK3snQaFaNcNjOrjbZW0BgBwGwGwEWKyAbK1jW6h3QA1A2uv3QG7r90B27iBi6/dAzdxIxW1u4HP+huQrDhYcCtpdwOMrrlgqdEaFYMzrBACLFYcsDhWEBlPKPgWDBWsNlisYY2wgEAgEBhtsBq8V+sj5gdCM43Uyh4gZvJv3R8zQEo23EBpuom5SZxAN401Eo30ugOqY6VcBZ5TijUTXzoB35iVd8o4A5+aNXfW+oBKmLtdfWFjOc/POufriNoSmOldfWnDQJ/PbFP64AlTlGYpQ+eANV5UmKevrwBynK9xUT6L4CSU5cWMOcH4gS6n4g+MScej2wJJT8S3GX/EIgSSn4l2M3+IRAmE/wAVXFtPohpAJJT8WLFD++Aan+L3iKnl7frpAJZT8YuudX63/iGjQap+NJXUPlP/ABDOJRT8aeofo/XSGjQcn+NrNIZSSH/EJ0Saf41Wjh/YS/8AxCNElJ/xnpC23rdkK/8AxCdEz/8AGIpL/AFv+IQCE/xh8LHI7bSC5Oh9P8W3BKGdHrmYTin4nuAbkNtp5cAn+f8Aclpzo5t0AEmny5eS1q1e6k/kBJp8rPklN5+xoACf5xnI8c6f5GgAfTxn5Hbn/N0Bp4B6dTcjtz+3NB/vI4DTqfI67J7EcDT4Z5N7nUoxMwac5P3J9nPUqtAa/mk4Suf63f8AhgDOcjDD9zoSryH/AAwGnORFTXyVWQ/4YAP8xaP/AErh/wAMBr+YR7X/AEuh/wAMDT+YQ7/jkPM04BnOQRW2V6MES5yF8T/rDMAHORjicn/zQBXeRlicn0R9kAFzks4gqZyIABzk54gf4EAC5gDX6fyIAbeDVZ5cxMABOYaVknnSjADHwDWP+Ax/3Y0AZyjal19RYAa+GXfogGnE3PogGrJz6KIDlo6ZwO4m5maAM4mAK2oA4ZwgEBm0gaA1Zw3gKzhvAcM4c1x+sh5lYbLBm0gaBgzhGgEGcDgNWkQCUwHE8uICs4bwHAHACLPd6mgNt7H88AK44pmAE3WNNKdcdAr7fKFoOUR1NuaD/eAKdN+Wvhaq1ZwbAvzmKqk3wquk4AeUajbu27yJoVgm8wK9Nuw0CuttgMXcAG7uACu4FbOGvN/oAryG8txYxdxO1bQrWEA2VjN3A65c7Wbr905R/tqWOw5WrOAYu4kf7W/7NXX7pw7b3cDnkbXcTkOlawLdfugbFisgM2kCBtaRJGtpAK2LOG8BANlgRWEBm7gY2hpdfumgNNzcDDdS6jOI5ypoaiQx8Ub/AEJ/UR/xTDecjvgDgDYDjgFGrttuz1wAol5v9AHLyzzAu+HM3vGrPUBdLSHdEAkKzZYrK1u+0gBNtqKHCxDt11TifzoWM/mrR/8AiEANPzTo/vh5gP8A5jUf9bAA1SuqdbjZgFKNqNw2QA1TOHgBm7U+bAaulFIdcAb+I0/rAHFJsp9aA5dqN9N4AgHbZT7iaBgBAIB26j3RAdVb/jADLpr6yJnC52c+sAG52a74AFfELf1gC+IW/rAMKVE3D5wB34uqNSGq9AIUxGq5SPXADlMXqvU/to0CSU5QOKanU52Zw5/OaxfU/wBaogHqcqfGFT/WmJoBCnLL5QqmVVxM4l1OX5j2plVkQJdT8RbH2GU+j/u4BKf4kePqeU/j/u4Emp+KTjonlP4gSaf4smOsP9YIgTCf4ueLykeiYaD/AHY0CYT/ABgcUof85f8A3YCRU/GNq35yK5nEwl+M3UKUdWqT+QE4p+MlNHOuezJ/IA1T8XmWuddl8m8gDlPxYaTc65LpP5AGpfikYWfOaKT+QBif4neAjf8AZug/4hoByf4i3Jpbz0Un/wCIA4ny4+S25DbdHJ/+IToOU5UnI/nH9XJ/+IQCU8f+R9/c0H/EJ4DqeOXIxc/5iH+8kDb4y5HrnZoP95M4VpyPHOi+j/vIC/L/AJHrnUp9EDP5M8kpz/W4Blzk/wDJk/6XAB/zZuT98lVpoDf80zDT/pdHyAac5GVAOdSq0CJc5GdN5Jz3/wC5M4Fc5GftfXADOcjR760AVzkaTuHYAP8AzP60/uxNOAZzkg1p3EBhzkt1on8gZwK3gDWcOuIgRjmDdTJx1xgBGOUc4n0gRvVPAAXnhNTph+gAGbrCm1MnQI1vFSg5R1tzQAQVR8qjCyU5NoGgU6o+XdSUpjloPIDnVR/iB3amye2uaf4irY5pUvLWqxnpjEZalSak5SNdTb9Vwn9RUm6/rOcZewMgKoH2+eKy0Km4WZB7+q//ADRwgSTiR4ODtt3fRAgDttgVibNmgV5vKPiAO3mBkBsrVm22ztBsla3u4koNNtlSpo22HTW7gBuBi7iEHLuIcGCtYQWMN5lYYK1gwBsDF3EAkBsBAaN5APgDgIDVtsAZtveAM22AI5OYEY4MOzqBU6BOzpyBylpeu/cTTgYddeh0RMwAAcAQHpABAIDDeUfECgYquQSRjGJkHLryO41jDrsYxMYuWFDmuo4mwdbUzAdA3u4hGRoEqhik5Zp6whxS9+9YSV796wEm45DIBXv3rAdSnUfZA7bhbN7xPW4BbAOcYrThtL2dcHQOXuVROvrjSGviec/XQ8xoeTrSdQjq9p30IEinibWX1kPIzi34a4lNvt2bnRGAHX1MgNwI+opvzQpdgcanOMlRey5qg4A1+ctYf3IAO/nJUP1kALDR2NrM5bs23AOq3cAMWe71A0bbUVAjfjlRT5wBfmLTf1sPMBfmLTf1sPMBz46U+tAJUqJT6wBznVX6yADvOqn1nqA3cqfcAFqU+rAw3nHwAzaQAVpADACAzaQA3AQDYDt3ADF1H6yIDd23vAbbmzanzgE1TlC1dUal4nACSboXFFSOT4ATdOYiqQ+fO2crSrlI/PgNc7Vcp9ccNBv4vq5T+2ngCPzGq7/GmPMB1TF2u1Mq20/+8gFfnTin/wBKpuAQrjtin/0pm/mAT/ONxTU/12m/mASpypsYP+lU38wCf52eMKn/APUaceYBSnLXxu//ALjMeYEkny78b1MqrYhxAJU/EIxwTyqxjzAl1PxLsZf8eYAkVPxIsTuyesAbJ/iXYnJ9MJ8wToMU/E7xCh/aDBAKU/E7qrX19gBpv8S6ed4ADf4ikwinqiBSKj5fM6dziHDnNR8tOsHOqPB253UnK+xE9jOdgUNzlJ4it5TjTgR7eMVXN9cnMDTgjnKmnLmTsCcgZvnN5qyK2Ekr0124xlZw3k6FZw3jRo92+Jljt1HkmU5zvVt5rzLK0vV/KFbtFdApqJo462oUM4JtvUBTm2yxoRQDTeYGgDd5v9CFbS8h3Q8zhWxeb/Q6z/p23u4nLgwFhhvI4naw5eQ7oeZ3kRwwEkBm7gVjS6/dM6xsWBwrDgDYDgA1pEAkBAIABtveAHzxDcBo5OO3V6j+W5/WB3J17MP/AOJx/Mh+sCuzqECzHQV13UAw67qMwYAas47gE5nwAJAbK1hsrWGryO4qx1sbI5cSWV6Ou4mwOXcO+IGQGm8wKxXdOQcU1agONuyWKToA9nu9TGOgYT0y37DV5EDrhYBrSJoD1pArGtpDuiWCu13KLtTUBxNyl3YZdIDPMsAFZe13gZ20BxJLWB1/CxTUmBeW84+AHF8Zf6WgBzu7j3wAbAQCUzh4AXLDNPVUsYmmj0GpkZg5dwArGKfU4gcNeRMYjXE9RsAtpHugBN4ff01HwNA9Kyrquh8DOM2kAKXXTbanVDQOPTtydQdJDF85vJyhlydOxiZQvil7cA+nVE6NIKTql3tgMlBCeIVTZajMCfzMrL/ZgOfmxUn92ADv5tVL3eoGfznqP+56gSSeOE1j2AWqj8U4TlvW2kBfrq7Uu8wMAIBAIBAOAICq1y3ae5NA99ciSmk/aoSMXImcdzqamqNTT6JGAqZwao6pvcOWQHGeWjTNN0bpLFJIDzmptcTQKvXSiioFOM4QGW27TogBVG8RVFDQGPzfR74Gcafm6l9wAd/NOm++HmaASpXKk2bs1IgTxnCs93qArPd6gOADgNgb2kO6IDbagA7ah2zgm1NRIrc4z4lbQplTfqgQACNgfTz4HM6BJqVpiTJ6z0bWM44mQIi+hvKxHAepuQ7TkYKQbbKfWxesYJveVIKKc3mUs6BqJsCkttljQYvN/oAw3kAMArzf6HCtpdwIDV5DeFbN5Duh5g2tw0HCsNgDgOANgEGdYbAV5v8AQB66/dAbuv3QGruADd3ABNzcAVypIQzABcnUIR6ScAHPXs7xgadd7IE9Ad13WZRgDN9DeBgBANga30dxGp5OXv3rKsjtteQ3lWOchELmjqWoiV12SSWsWnQlJLV0QNXTl3X38f7sDtnO3Ht93qArj2+71Aa9/H+7ADDbMe4yCPdo2Vsx1R9k1gL8t5NvMfAmZWt7MmhssTYJYBAOGcNmgOGcRjdOqROBt8IU59CawK3QtOfRgPflxSf0ADKmGEmAlkloSz9SOsA66j3RAgKipJKo+uRAr/5D0t/dAa/Ialv9nABr8kqW/wBmBj8kqa7omTRM0fhvJqba0NnA3M64t5HDQSmQEbUi0GVP+VEDk85oL2fah0vR8jGIpyitfzsfI2AVyienr0fICw0dR6PsN5gdjUzh4FkZzgDTq3szP9eOoCBdwqp9mOr2vYNBkA/knTf92BjaD35BUf8A7L0AjW8Habj0fyPQABvCySRhl6ADOYVyOOcABnKGl+WsBv8AKhD6uIArmEyPa5HyAjnMNvYh0wfj5GTmB34A9n6+PkepoDcw/wDZzv4+RmFjo6jf5DfXY+QHXZV1XQ+ADgCAcAbAQDqmQG4FNrlmN3oegDt+CuPVWU3Tuxe3AC5u8rnEVlTV7Wlh5mgSKPLDxHVU1ezpIGcVOpcaakxIc0MZzHXxO2dGqMxu8iRCVyzGKuRoFQUZj3GNob2/sd/oBUa4qJtZTX7MDQOMTxr2m3OmGoziIAYufa+4AFJt+1Dp1AHyNuKjv/JhrA7PhzUTdSJw9ps0C1mcIBAIBAIBARza0O80COa7AICo8+JnFHqb9UCFey4gJHLiBuaASj2eJurEsKnVOJcidB3Go9wRULde33QLMQD+dA9pckxX2VsLND/JiUxsBVizFpvTfyoaiOxDNsxy1FTOqlRMe1d6tQFXbZj3FbQGAbbZ9ruAbAjwEAgEAgM3Ue6IBZnWGbr90BXX7oCuv3QNjOM3Ue6IEe2zHuNAacmnt5/yTOBXJr7cP+aA07Nfbh/zQI95uMOjUAMaA2ZwgEYwgEbAgGHsuJjGDYEA4VtBssBBjWMo5cTTFYq19jviZMrrKfSU9mHRrOUDk6YRh0ajo08mrCHaJEP/2Q=='),('pbkdf2_sha256$1000000$zpKxi86QIDjWu0vOGDnnHD$AynIO+X17SPCONavYGcSr0GPpWrDZNLz2xTSdgLXLao=',NULL,0,'hocvien_2','','','hocvien_2@gmail.com',0,1,'2026-04-02 02:42:14.822586',8,'Nguyễn Quốc Duy Khang','HocVien',1,NULL,'','',0,'data:image/gif;base64,R0lGODlhgACAAPcfAAAAAAAAAAAAAAAAAAAAAAAAAAAAAAAAAAAAAAAAAAAAAAAAAAAAAAAAAAAAAAAAAAAAAAAAAAAAAAAAAAAAAAAAAAAAAAAAAAAAAAAAAAAAAAAAAAAAAAAAAAAAAAAAAAAAAAAAAAAAAAAAAAAAAAAAAAAAAAAAAAAAAAAAAAAAAAAAAAAAAAAAAAAAAAAAAAAAAAAAAAAAAAAAAAAAAAAAAAAAAAAAAAAAAAAAAAAAAAAAAAAAAAAAAAAAAAAAAAAAAAAAAAAAAAAAAAAAAAAAAAAAAAAAAAAAAAAAAAAAAAAAAAAAAAAAAAAAAAAAAAAAAAAAAAAAAAAAAAAAAAAAAAAAAAAAAAAAAAAAAAAAAAAAAAAAAAAAAAAAAAAAAAAAAAAAAAAAAAAAAAAAAAAAAAAAAAAAAAAAAAAAAAAAAAAAAAAAAAAAAAAAAAAAAAAAAAAAAAAAAAAAAAAAAAAAAAAAAAAAAAAAAAAAAAAAAAAAAAAAAAAAAAAAAAAAAAAAAAAAAAAAAAAAAAAAAAAAAAAAAAAAAAAAAAAAAAAAAAAAAAAAAAAAAAAAAAAAAAAAAAAAAAAAAAAAAAAAAAAAAAAAAAAAAAAAAAAAAAAAAAAAAAAAAAAAAAAAAAAAAAAAAAAAAAAAAAAAAAAAAAAAAAAAAAAAAAAAAAAAAAAAAAAAAAAAAAAAAAAAAAAAAAAAAAAAAAAAAAAAAAAAAAAAAAAAAAAAAAAAAAAAAAAAAAAAAAAAAAAAAAAAAAAAAAAAAAAAAAAAAAAAVQAkAAAkVSQAACQAVSQkACQkVUgAAEgAVUgkAEgkVUhIAEhIVUhIqmwAAGwkAGwkVWxIAGxIVWxIqmxsVWxsqpAkAJAkVZBIVZBIqpBsVZBsqpCQVZCQqrRIVbRIqrRsVbRsqrSQVbSQqrS0VbS0qrS0/9hsVdhsqtiQVdiQqtiQ/9i0qti0/9jYqtjY/9j8qtj8//xsVfxsqvyQVfyQqvyQ//y0qvy0//zYqvzY//z8qvz8/yH/C05FVFNDQVBFMi4wAwEAAAAh/wtJQ0NSR0JHMTAxMv8AAAHIbGNtcwIQAABtbnRyUkdCIFhZWiAH4gADABQACQAOAB1hY3NwTVNGVAAAAABzYXdzY3RybAAAAAAAAAAAAAAAAAAA9tYAAQAAAADTLWhhbmSdkQA9QICwPUB0LIGepSKOAAAAAAAAAAAAAAAAAAAAAAAAAAAAAAAAAAAAAAAAAAlkZXNjAAAA8AAAABxjcHJ0AAABDAAAAAx3dHB0AAABGAAAABRyWFlaAAABLAAAABRnWFlaAAABQAAAABRiWFlaAAABVAAAABRyVFJDAAABaAAAAGBnVFJDAAABaAAAAGBiVFJDAAABaAAAAGBkZXNjAAAAAAAAAAV1UkfJQgAAAAAAAAAAAAAAAHRleHQAAAAAQ0MwAFhZWiAAAAAAAADzVAABAAAAARbJWFlaIAAAAAAAAG+gAAA48gAAA49YWVogAAAAAAAAYpYAALeJAAAY2lhZWiAAAAAAAAAkoAAAD4UAALbEY3VydgAAAAAAAAAqAAAAfAD4AZwCdQODBMkGTggSChgMYg70Ec8U9hhqHC4gQySsKWoufjPrObM/1kZXTTZUdlwXZB1shnVWfo2ILJI2nKunjLLbvpnKx9dl5Hfx+f//ACH5BAQDAAAALAAAAACAAIAAhwAAAAAAAAAAAAAAAAAAAAAAAAAAAAAAAAAAAAAAAAAAAAAAAAAAAAAAAAAAAAAAAAAAAAAAAAAAAAAAAAAAAAAAAAAAAAAAAAAAAAAAAAAAAAAAAAAAAAAAAAAAAAAAAAAAAAAAAAAAAAAAAAAAAAAAAAAAAAAAAAAAAAAAAAAAAAAAAAAAAAAAAAAAAAAAAAAAAAAAAAAAAAAAAAAAAAAAAAAAAAAAAAAAAAAAAAAAAAAAAAAAAAAAAAAAAAAAAAAAAAAAAAAAAAAAAAAAAAAAAAAAAAAAAAAAAAAAAAAAAAAAAAAAAAAAAAAAAAAAAAAAAAAAAAAAAAAAAAAAAAAAAAAAAAAAAAAAAAAAAAAAAAAAAAAAAAAAAAAAAAAAAAAAAAAAAAAAAAAAAAAAAAAAAAAAAAAAAAAAAAAAAAAAAAAAAAAAAAAAAAAAAAAAAAAAAAAAAAAAAAAAAAAAAAAAAAAAAAAAAAAAAAAAAAAAAAAAAAAAAAAAAAAAAAAAAAAAAAAAAAAAAAAAAAAAAAAAAAAAAAAAAAAAAAAAAAAAAAAAAAAAAAAAAAAAAAAAAAAAAAAAAAAAAAAAAAAAAAAAAAAAAAAAAAAAAAAAAAAAAAAAAAAAAAAAAAAAAAAAAAAAAAAAAAAAAAAAAAAAAAAAAAAAAAAAAAAAAAAAAAAAAAAAAAAAAAAAAAAAAAAAAAAAAAAAAAAAAAAAAAAAAAAAAAAAAAAAAAAAAAAAAAAAAAAAAAAAAAAAAAAAAAAAAAAAAAAAAAAAAAAAVQAkAAAkVSQAACQAVSQkACQkVUgAAEgAVUgkAEgkVUhIAEhIVUhIqmwAAGwkAGwkVWxIAGxIVWxIqmxsVWxsqpAkAJAkVZBIVZBIqpBsVZBsqpCQVZCQqrRIVbRIqrRsVbRsqrSQVbSQqrS0VbS0qrS0/9hsVdhsqtiQVdiQqtiQ/9i0qti0/9jYqtjY/9j8qtj8//xsVfxsqvyQVfyQqvyQ//y0qvy0//zYqvzY//z8qvz8/wj/AP39G0jwn8CCAw8iVFiQIUGHCRFGlAjRoESLFC9W3KjxosePIEOKHEmypMmTKFOqXMmypcuXMGPKBMkxo82FHW82zIlT50OeO31OnEm0qNGjSJMqPSpvqVOTNXtKDYrxY1SqWH8KlXpVa1IAyACI/df0KUqwYgHIq2jWI1iCAIYBaFsyLcFkc9nSLYhsYNl/b/eCHEu28Ny/JBED9Zp1IGGF/rCJhbx4aOOqWcM680pYZFeYAL59DFuYbtmxigeC6yv441yJ8SzaLf3UbtPUgFu7jv1RnljSuIumPUy7oG+YnzFLFJvOstbZzpNHhX7TX+etelmeTjyQNFJ5yFjX/9X9/OxYvfEQH1z7EZ3c19mNvyZfVvzI+tclJnvGfz//4W55R9BfBCI0H3KVKZdfSWHFJVA87yGTDGUDDhdXd3IlUx1jgA3jWYIqNbVgXXbZNuCJfhEkGVqoXRQcXPbphsyLJL2nlkDxuShgStaRB1dxKRV4m4tEprjSgSpJ59pSOYZ0lYhKGoWkjy1NKZiVVKqEJV1bZnlSlyhFaZBY7HnJo2PziekSeGCaOdKIZlknmpssSeajWnQGmdB8NFqV4EZtZgnncn9KSSNvguGHaEiBfpVjn0mhA9+bd/YZI5dfxqTmpC7OViaTgY3n3KjKVfliU+nEQyaQRok4Y6bkAf/wKGBioQNpS2uRuSilsZ6KkG/J2PoVnme1pOZDjSrUIFJg3XrRpaVG69Kq5jn7JbGsMgptbY0OlB5B7zVJknXdujWMuMJtK5GrNrL5koivpcWatc2+lFxBk0WrkIUAUleSQueMxS8AE5Z0TZf3phQqkXgNHNar9aIk4jO+WdjgoL+qm5RAGP+TDr99kRtYxx+dWzG/kvq7m2A7dsrvXyZaG6CFhb1HUstQFXpix84MfFCEVaHr0MW/yabyRQvrGxO80qI58G9HS0yrxU43Wi5M4GnI6NN4DYOMhzE9zS9JFz7lrkhiQ/2qzESyORzRJLtq3JnY5VcR1CB3hq5HB6X/Ta1Iqr4aNIglVXxz2ka++08ycP8GNtnEKRUWuk+H/M+uoL2MkuVLNVqWyGphLpOQ2YLE9EkJk1X2hzQZq/O1pO49GMl5BontUbTXnpLXbJune+JzS5z76+AKnuSPpOYMV14cjms34aYvDgA6pd+HZvUsDd8bzprSqrjWRkH4rvYmyf0ucNh/1A9B6xvY+6/e/1soyclZuejnABiTv0XoHSg7vrKCHuRmsqohDWR9rgLLMw6mP2P8ZX3tc0zmjEIuothoIM2xUf6ewYxqeNCDxgihlVYUNtxdTST4eRiL/OOMD27Dg82oRjP09zT4hUhjrdPJeeS3FYJd4xnOiCEH/5/xwQ9SYxrUaAYzmhFEGe6IQlq6zP+uJ6UfPiOGQrxGNbT4Qg92cYsLXCD57nNCEpnwGslY4hK7UQ01KpFxyXAGET/4Q2NEUCZlHCDumqFFNnZDicZgRv7QYoz9NOOKMjyYlJQ3FYLEBknHsgxYrFFEaRijG+7YRgi50Q5yGGMZHryGNXq2pSn2LXXWyyNJVBXKaVRjGu8whz7M0Q5jtKMd4zCHMvhIxBm+TySMY5Yq3wQADybRlrfUxzrYsY52uIMdIfRgMozxuNGtLl2tckwvmWEMc5Cjk+NYBz7IsQ5yKKOYHATTLwGDQz/5RFLfGkmUFHiNYRhDnOtQBz712f+OdQCAicNAxx2HMsXu+E+AIZlcqwL3DGQso5/4wGdEJwoABg40JpI6Cm92KJMH/WMe7xlHO/RJ0nyaNC7DFIlc1hkSmKXUI7xpSiAlSlOKvpRRbBPTY4jXPIPQQ3/MjCg/TdrP3AnNL/lCZfluJ5xnfLOmEk3a0tj5FK8dRSDIoKVJmcnMfjIzo0Xxh1XTtxICjdEkxACANyHaTHxCNGIzAU/wUDe/g2IneAqRFDqqwY6R5qOry2zrTu+KNvANbivl854/1nkbeZSlZ2k1BjnYgY+J1vSm6/ralQCADZcs1mNwQQct21FZrzazHczMC0sl8rWCvuSsKHpaCElr2Yj/vhVFr33N+yJpEK8ZlreAucYxRNrPetgjon19h/68otTlxQaKl7GXWLDh2l/V6pbkwMdxxamPWRqjaSwx3mZFxxL9VYMc5YDHLdfrDtgSc7VVImvh/tGPa4TQGMq8JT5qiVkdIWm3r6sgbzeCDWMcI38G1p9DgPuTGEG3pzc0Svv40Y94GAMZEKRwUvDSmnOZpR/VNQkAyFsUmM2rLYqBL2sNy8NGEhQuqRkwQns6RQA0R2lYu56Ka9ffVQbwd9Oq5nckWJgCAblww0zYdWRMWBfjmGxNDlFujvySnjHpH+2kMpSVYrgdA/lqYurRk6XI09jN2CPOEDKEteTlIx9HrSk9/l3fkvfaa7T5yNxjnZN1q2cyR5nGZzYQoKVGZC2X8M6GYZ6hXwvelYB10TB5RrKg92N3OpnJly5zodcMK0jDJMsKi/OiRY0mRGuZfF1RtDw1jWk/cwXLY54vqUctHE9bkyjoszWu4pfDS3M01mb+c7Azfdcn4kq8unYJqEWV7Jc8enzNLmGLqWKd50570MTOtqupPRA105lR0XZ2i4Ic7l0XcFpFLnf2qhcQACH5BAUEAAEALBAABQBdAF0AAAj/AAMIHEiwoMEA8g4qXMiwocOHEBX6i0ixosWLCAsmxMixY0cAAJCBHOhvo0eM8v4FACkSQLqJAlVylAcgwD+VIWuePBkymcB4wxDeHIrxpk6iAILuvCgvXjJkJv+hC/AtpkqZFf+FJJgywLWRGU0uVSgPGbJrUxPeLOvzqk2LN5GBw2pz6Mh4YwlixYsQgM8AJW/CTKcTMF2BMBkaPZgyIcjCeQ0+Hti4oE+1hyHiTKf3rd3HYvMiG5Z04FB//1BPhJz5oVYA8UJb/Qx5bEuBKddqXInMakSYi7salJlaJem3GPkKTDeaIGqViUvGPHoTsEOVXWsfJI5zpOyKIZ+Z/66esHzYvp1dxwygVLNRsBxzziZOsv7KqXWzgv2efuhT+BHJQ5NIlJG3G24CwdfaQu/BZRSBHOElmEyJLaTgggVdpVWFEQ31jHYWJVMdQ+Y5Nl6HWnWk0l/JpQaOc9YhZt9KJ2pGo4oZFXUQZ5edZx5rD02EU2QdVZjOh87IMxGHR+WnHohEWmRSSCZNmd6TUUaWE34DAakZgFkGSJlByCSj3EoAbIShXqkdF2ZF0R0EEl6xlebbetv9QxM2b0ZWVmHYFDaiYov1mddEIuEn6JrjpWkoUzv2BcBUi5rG4EpxPhpjQRwilpkzNQ0Tm4zXacUfo31yl5k814DTm6WlQv8Jq6bD0UfQY5Pihmpdjiq065uHbUTgloZh6StRyJEaJrIFoQPAROgk46hwydbaa4Z1EZVaAK9mqWFm/tS0UTwAOCOUaykqlq1Mk22601DMdqndMEKi2y22bArHnKwqDvojVGNya+aur8E43Hgq4fXYS+7OaHCtwaLZlEFlvXWmtde6h91KznDZL1ZYgWQepyANeiyYDIKsp0zS8lvqgsMAfFBsQK1MYsENfattld5l5SS8Ceo0MmXoVGzycM6KuB3C8Fanp3LtHpQYVs+t+5nDcl630sWWNj1UY1K9Kt9W6nm9FnHhssTQVw31NuqxXte1GliTPdYpxBOiRmnIjyX/czdedw8UM4J4N41QtyzhKi7KKZ8dgHgQJh41QeYu3R6nTBsOdbt9Bx14hmfTSxNkIKFDGuNLc/ay2TeiSVlLQ6trtlb3isst6gahhnvmQKOJq7y7w930vdxa9/tDU12zuuE04trSYzLneKnX1HYp9uQMgpPk8kDrpPjzxGcqfHEF4Xp68DERT2jcQX+PvY3Ut5+T4g/hpX7j3Sv+2OknMa8/rvzRyP2WZrUH/Q99OZtVy/RnFoYAJ10SmZWc/nc58ekoKfvL2EJSIp6TlOd3qvOT9EoEEdQEgE+0SqG6VAgXMUGEJh5rIZ6qdStlfa5GA4kHww4HmwDEEFt6gs2v/wjoNAttz0ELicczkPGMt/nKJjQJoY5QdUQkkmRiPyGMFJdmlB86yC2tIRtB+jGrzPyDjFyRHmywyMUPefEiraELdb7mFoIY43RnDAAaM0MYqWVodGPRVrKuUpPZCQZNIqnGM4xRk9qgsUsvQyCKRqSzfzwvHv94R3dWcoxqNKMaoASlMRgJoq+4TCg4k56OCmg26IFklAB4RjOukYxufHIanszlAankkOdIC2tFMttzjOIMbDjjGcc0FyipEUpq4LIZzGiGM6RZDWf8Mncpa11eDAmvWF7jk80IwCerEYBqdCOU2wjlNZ6xznUyMitBjBI3P1ONaNrTGuJkZiiTwf+MZ4QSlNaoxjFuSLHqFCaAcJynSvx5DXOCMgDMMIYsPQmSaU60Gf40xnf4MxGFeWtCXtNdJ/1ZDWo0Q5//bKY/A7rIU1ZoY+WSp0Jpws5PlrMZ3YDoMaI5TUW2E5mnPFlQEzpPkPjTnwIJ5zKYcQxYHsOkx2QGAIxRlH8Eikiqot4ZtbLOhzZDGs1ohzm6YYxueEOqJB0lR+wSvW3Ca5jDBEAxqoENRUqjGu9oRzvcIY18tIMco1RkrhZyw9yQS5XvUqhUQKLIahiDGXrVKzn+qo9RPuNDemxh1TToETByszGM9KQylsGOdahjHe1YBzvaUY5llGmtpiHXAGHrGbP/5SYunzSGNPSK2t7qlZH+eORajTNEeHqtH5gcCjxGqYx8nDa1z13HON6Z2JV0UKazSwlylREN3qY2tfhYBz7IIQ0W9W9IWC3gc+BRkm40FbX7SG1p54vaY3C2Q+NxTOWqdN6mpeQdoBLJKKMh3t6GF7zmMMZsE+qsGRIUX2wC6T+SqyQAMMMc6ohsafW6YdZStWFwrEtZgqKkFiLLkLftBwC4YY4Cf9fAqE0w4U6imj31a5Be40c6aAmAZgCAHPjwbjtWG9l2SDVKjUkT17TGSq89hZTPgMc7Cnzg3uqjHfpYI2I9okPTHUqY4OiGOb7xInOwA8hDRm1kE+yyB7fNfa1eu0aAAVANb7QYvOLFsj700QxjvPEkS17K7Phxk2GMwxx7JXI73gGPbkyVnCzEkdn4kRJ49Pgd2+AHljcdTWO8I7ORTqzX4OEM+x4DGfYl5ZVCHWKrmUYeZAWJVJHBJ4Sy+rwFCfStTyLcgZCRjFHx9a4f5eZhR6bXYQoIACH5BAUDAAEALBAABQBdAF0AAAj/AAMIHEiwoMEA/w4qXMiwocOHEBUmjEixosWLEwdmvMixo8cA/v6J9Kdx40eL/0iKXClyIMmOAJAFAAAggLyWJ0+uFNgSGU0A8l5ajDkRwLCaOHOiZDmQJkKByWoKpYgs6UyZO5+aVGqQZcKENEXKszmTbMWwKQlioxky4VSuQiemlPvPpzOeQp0W3GoQwDe+dWve5Mu1ZMZ/ejU+BSdzKMKN8UDORDu4MEGmAn/+u3nzadOLAOJlLSiPps/NhD9mRfxz72OBpSMWBZAO4VuBL1u3vB1x6ujJSEvinujPaeqBYxF7Zjg2gM/HX1UnlYcMq9brVms+zL38oeaQ0iei/zuqPa7i1za1R6wqt2FznwAwU/Ta9LnJwzwzqvce/7hC+MOA11FCyByVDE8OJWXUQ2OhBZpmJ7XGUHTRZdbYQ8h01tEwZQ1I3X4VLocfbvs1JNhHyXXUnGsUYtddiRKV5Z9lDW20UlvdedYgbwcFR6NOhp33YkQ+/siVfAh+BlF/RmIkZJBQwnhQcUDx2OSETwYpX2I8fmjVlTmNpqCUBRX3F5iWfYVTRmt5VxmaKB2kZksZFYfcQkiNCCdgPcJIJ05kFgTUlwNFBqdC74XW1W+BEgSAgAuteGhB6JS3F2bKOTRoahdOKqhrrzGVqYk5ElSaXpLO+FFxnWq506hWbv960FjpxEPTWJ2pquJVkubn2auNNgUposChk197XAV1q6GXbdVSsJlpaFCvpSVjLHQ/3qrYnOetBO1MVvElFHxaiSrnuT1myOJvvlqHp6wUactthEDdeWyp3rbaF5MPxbMieS+xWxGVEhF6LGIBMkTUjA0W2Npz9+p6p14/NaZhiAc716ugj6ZlUF4/hVyThNjGiNtA5zglMk3JmMfQNZqiN20AUa0cU0waVmbwrDM9c2rIjaG1M2z6fjp0OivLRDB7EQtsUIA/hxxApYY5nRCzPSJLms3JHcaZqEP3BZ9xCHEIHZIDFU0WmRk5Y7NKac813Jphpy1yVcN6VffE/Nn/XNOFSdGnaoNJh1uurpshc6CJfgs0TIFiOs24zSyeDZG7CjfunMao6a0nsR8CvWjGDlE5o2krbw5dW2h/vq/IpHk++LcCjS11foPpfdFYydiuHeSyYyjZkqnj/Y9oun8Eu02y740Q7c1RuWzzzjNnL/PNY5me2SYPLxHrSLpukUqeP8RamGdjfKSI15lfpKfw9xW/RRsvJPHj9fempPegir9vmXSjk/Wigo7N7GoyZpFT9ThmP/oshCQO8gjvEiSxgsSDeyWznPUWdpIPkaV+hMpIPwYyQkH1KkRoIwgE+RWhg2AtegAwRgzT8haW2MoztzGYSSKYE23hioTMc05M/55xjRjGMFf9+EcSXwWqLE2Jhzkhj3ZqI8UYPoMZ1chiFgNgDGOkTyRr6Q9g9saawKGodjfzCXyS8YxnOEOL28hiM6rRDBn6zSu5c+CEwuKyHibjGm6c4xWfkUVqaJEa06BGM5gRAGfMsRmnuZEkrfauUvUQkM94ZDWIWI1udHIaWYxjAKoByAAQUWjUOwsLC0OTaySDGYtshidhqcVn0MwZhKzGKAFpjCVSr4Ln8x9MmnGNTnZykcaAZSZnYgw2NsOWdCziLynpQhkZKYbWwGIcjbGMamSzGc7o3YGskcVrWMNtYtQb6xJkKhlVMCK2ymI3mqEMI8rwnjFhYwAAqf9LY+QxeA9aoCqp8QxpTKMd8CgHN7ZhDGWQQx/c4KYXaRaAYUzznfURKESaA4BFTgOi5miHSMexjHaQox3eqKcpmZFOz0nLIpXyl0aJB4B2uIMd7cDHSU+6DnXsYxvH6KgzhoEOX05SbvabkE/Ag1H3xKOOOzWpSdWxDpPqYxoy7EYMjRo8jEbmfMNSSmT4AYBtkIOq7OjpOtKqDnxIYxlGaSlAd9eUVXbQUP0wBk/XUdV14MOvfl1GPeWaPeUhxUrjc1Q7zEFVvlL1r22tBs4uqpTYzNQ9NkEGT//KWcDioxn94Wr5lPI4S56kOOVgrFrZ2tN8UCM0c5nmAdOTpyT/mRazsCHGZj3rWckm46JNfRdO+tiRZBhDte1Qa3LV0Y53gCM+ogGfA4XpEMKlpGtcmYcx3sHbzuoDHD0Dxy9tqxqaYOOyC5kHF4+B1r6mFR/N9QY6ejdeGqFSggOhRwDMwYzdJhcff62GOdLx3AylMrgK8cfjFqeUq2FDGfuwaTZyCliRBmAaypAhS4Jiy2F8FV0wKYx+5YEOZZTjpNv463+rSg6dKqOAFbuZkRDMIGYYYxwiNQdOVdyOasjwGA4DwDXmgtj5NUS/AtkHN6XhDZHqw7Pk0CozcqczI+ekH+/wMQDK0Q9+tKMcCfVGS9lpZYiMsMvwkEZDuwgAZQSAIpG+vG2ZTwKP+QLglS+d849+KI8k8gMeINZzk2gsaCfBKSAAIfkEBQMAAQAsDgAEAGsAfAAACP8AAwgcSLCgQYPy0AX4d7Chw4cQI0qcSNGhvIoYM2rc+NBfAH/p/MnzyLGkyZMFGQq8CA4ZAJfIUKK8SDPARZkQVa5E9kwkOnAAAHhUiJMigGRBAciLV9Tgv6dPFxL0B2DgTWTJ4t1k2rRhVQBQkSG72XWhTqgD4yH9SFAezABEyx48+2/YP7JNVdLdCc6qTbgBXo6UOzDmNYIM/wXFqBOiP72In6rVOnUrUqF4iwKwe1Onv5YFSZ6M2vApMp01LcNM1/Rl25SK5TYemDiAs6wXGw8dGHSszKopD8oD3pW0V6i5/9YkuNgk2dqzaTdHSRKtQ9/WParcCnfY7bgQl2b/ThZ97lOhMiFDjKm3PNmLQZ9xfYg3XlKLwomPFlie4LOYkdWm3Hz/QAOAfOJJNRJ3AaTjmVQSnYeTeg4dRRt/xhWEjlZvDfRfAC5xdRE6zgiUjEbD6TfaP6IddKJ5aInkzzObrTbVQks9I9BR9t04kXbTmZRYf4U5BBVD2PCElVbxlKfSYwzVGECTKMY2IZEfqejUkVi+xpY/Cg2DDDjzMaZlSQLmF9FZECb0l0BxZcZgRvJYeZJ2oRkEQDysuQWAMyHh1CJFjSV2JkddBrbSbVqhkxlhFNV56EZdXgMAOi+9OCikZhbVZVDJIAMep4gGiah1Xv05KqmM8afoip8+/7OhPI+yWtE/ltbKWIZ6ElemrRn9Y9+mGvHKnFICUQZsq2YBl2hODr247EPGljbprn5tiI6OzxLWXreK6YrtVKFK261sFFKL3opvBnDZhdMGdyuy+6UFIlLymdUesKhOZKeQjQXl0UtQonXuRvI8M+TBC9ELcFpVXZQOMsNIxaVcVB148bzEBsvQUn8SlM5iuR1Z1kus9UsogPXC5TCcFNPFMH6B/VnyzPyFDLBKJBeUYrsqV1QTOM7siSGbtyoqboQq2VcmXgc+RlvQFKkVlEJUJ+0bmnfVvJxLBypUFZdZSySYxd+mm5OlG4kG5Vo2ZZwUVlINU/DCVYO4mFZQ6v9LNqGhermrW1mBQ2NSL7nW4GF/ly1QX3pbvdhpZG+85jeKs9YqlREnlYylLgmE1Vg9mmwWffEMsxji9yVz998RSW0zpWLHZB/Jam05NXT0hUrrM0X35pqzUeEdoZ/IaE4oOsKCqOPcvBXkjMxp9ocNspf5lmRzyXxTvN9M691qnQFgLjao30xMUOBNwh4enwIFH1emYh19dLc3XVvaU+gM882OrFORdyqnkcMBAHIHKgh5CBi+ZDhjabCRxzUCB0CwmQoud2lcRQ6XvXcVpnKJGtKObiUh2lzvMs2pClbucjd4SUQkFAvgM3S0O8vlhEW2YUySDHK9AKalTqbDWeL/EGdB4tlwTfB5GbUUc6YUJUU+ILQYndwVQMQFABvuo4hHQkcoAPwPWn5zXEQSksQqBoVKafKXWdziGP58IxnPgCCEjKTFuSBFdXOTlgtJ+CokXjFStOJU4raGkqhw8Yb6+1JTOjYQGbGlkFGK0Fp+ZZWjMJIjcqSjxyK5pgsei1ouTNRSutfIR/UNaR7r41xsopjTVChZK5HX916YsMNAsFq74mRpmnWtErnNKXOUCDpY05J0MCUeCnkULnN5rcRg7jCvfA1Z+gEhTwqEmgRBh0scpaBgYkhIzVpTuARCrEtZ5Ve9OYYzqmGMpPBjjlKDxz+0SR5v3miZbYyMEmGj/7TrAAAbgBnIO+AIgGp87hnXaIal2mmMdjajHwoZWc3aB8QLFSo9inng/nTZkIyFKim3CUo1mtGNZlTjpNM4qTOMwUUAqQ6ETsInY0Kkq6gQB4I0guMxmNGMZ5j0pCZNqUmH+oxqOAOhAWAG854CxAzCVF7Fyuhy+LlPYlnqGsAr6klPao2tevWkOqoGNXZ0pIKZNWsP+lHOmslRiFjKpA5shlyrodVqHEOuAsEqVgNg0hnClIGeUoyyzKNKxzzDGF9FhjqbcdSg8NQZjLWNNajxn78CtihsXGJgKFkhAGB1q31NqE99eo1qBACpE2ynZY94ks4Ah1jacUtfMjmcZv9QoxnSaIYxdLvTYySlGcz4E2OxEdz2Ve51DLlkngwiGr00Uyo6mwi+nHGMkTIUAMa4azW6QVyEzjAwq2VtIXt0Q3RkpSKePaxulzGOaSiDG/poxzvaYQ5vHKYaQfkHP/oRXpyJE25LHA7kwhM/OBqDGcYwRzvGgVhytGMb0/DGO7zrEss2tUs4y00i9WUqYm0nKLtlRzvwsQ51rKMd6wiHNsoBD2bgNxnvOC5UzgpKcmpxOI/MiaRW1ZD8AaAc7UBxOxx84m3owxvfMO0xjNvfspDvlvwZmB5pFoBjKIMc7FhHlk1s4nHsw7oL7K9/J5KcGq+xRBK5SIvJ0Q0ik/j/zeLQB6bA8hT+rpZTNGrXDQMgJggaMwDG8EaQTYxiQpsDmXSTMdmkttwXrnIh/zuYTZPB44Kw5sdERjGJ1eFgcLBNzGpLj0DiiK1nDIOzlJGYMchxjxOXWMvkKMc7EloiUKexKCMrsybXaBNRRaRo3VjHm4V9Ym+Yw7c3azJhpiPpeVJwSjn+C3a3sWlXZ/kd3mBGgJDLIpMRCbaOSUjI8BSh08UmmcxN6jTKQexh46Md0zhRZ2xdHM/GEiNQIlxMBkWSZFTDHFlGccDdUQ4vWhTUeZEowLRZsYKkGhnNMEe7hS1f4LLJ1jKtCGtoWJL2BcWUAklHNbwxDncEPMjw/wAAPO7JJW63kJx/AzcwMcprL8UDsUEWNjniu9uBUHNhCL8sRYi2YYgQiD5YfQc8lK50ZiwZm7DB+Pdw1r+ZiI5I1GwxSbe7XWO8E6r0dlVJHCTqTMIjoRCHbHM3WtaYH0TmRkoRZ9Fb9ABQE+prCuNTm8JxjlBl7ugSb7w2gnefG97M0BEhYdhWEoBGG1jKHfweJQ+pm6C5jgz5X+QpPxpzEqrXu+S8p/wiEaaMWfQa2bcaC4t62bSq7q2fVqhj3xQAT+SLtG+bMOvultPnPkIsU+vvyzKb/pBlh8OHFHj8HMzNJ79Yz0c9kZAUfU5VmD5/rL7rjT5l7Tel4T7Ts0n3JQ/48aOk/N03v0z6rv72ux/X7y+L8goC+/if5PL2P8mkwJJ/mcy//3JRfgBodcqEIwN4MgdYEhLDEwdhNAmoe/b0gCbxKwEBACH5BAUDAAEALBIABABfAGEAAAj/AAMIHEiwoEGB//4F8HewocOHECNKnBhRIcWLGDNqRBggoceNIEOKlNcxgLx/JxOKXMlSIoBhAGIqTJhyZsubLOW95IgMQMmOH3/iHIpxGEKVO4+qtEi0qUtkA1UGuBaTY02nWB8CwCbQX9AAMP8x9Pg1q9kAPqMKJCkwZlqyUs9mBZBOKdO2btmSlYs1ZjyOgKP2THuUL1GSPtl6NcjUX9WZYhPWNTyyLcG7DmNeK3mV8kp0RhfGdagwZrJvCBd7Flm18ETTAdI9Q7saJMPWQiWCph3gGdvaGwnnduhvdrLEwFkSHv2QYTx5fwf+To4ROfOJ8f7Fm0z9YunLDTF3/8cpXHzg8UOXm0ffVKd69nIdE44O36xOrgJn1z8LwLn+/WYBwNYz2gE4F1rOkDSdgS0pJA8y6UBFH4NE/aOfM2tRiFU8ACCzoIYtPZNdcV2BeNMz35yEzj8ATHiWVPJsRhk66XiVEADPoCMXWfL9x1c60Z0EzjMtZujURx1yZxhDAmW3ol8L4WQRSjcCkGBtTE32DzrOJHOTTScJSaSLWEq3JTKhNehRPDABoGNyU9ZEU1UfapQSWh4mVxdcNp4EFI4hQfbXYAGQyZdPcO2VHzruaTQlOAlJeJxbUFGWHY9iDbTTcSwKJxFZ0IV2V0wwJcPkWSt+9E9PBEE1WDpUef+3ZjIeWoihT6665SlI082kk5d7XWPUaQFAFRMytBaa1qmkqcSVPP5MatI/2AxmGmpDOcgQSWSh8xh0tOmK0UfQpZOQMzGlyiKyyBDalGMYAhUXMkjqiiFDzE5EFpE+QarQbLp6KRKzHgEgsKIBnBYhXrS2WOenHgFMkMBoHYsTt0nJa56uMd07UL4P8fhgaK09wy9uK0GGclkEcfwmSHsZO1Cl4t4U5q4JgZNwxRwjM9vDnwJ1EsUtu4VfSMw22hA2HLusoKMqycPoxm4ZulHBeRbEpHtuJWN10AeR5WWbxxLN0pw6Aq2UWWR12KHavKIb8nDPBfpx2DC212l4ZcH/ra90wPmjNGMWwes3xDTFcxpTH4Jsd5XhIdThlx4x9Mxmh3/JW9glQfXPZI7rO5OO/4ADYXbxpJ0VSigXxBTFjNs13Hkao9PTyyYVlLl3xxFnEQBLgSt4QjaGZkwA/EQFXWQoNemjYauafRlSjHal7o09+SwjAMbcmVA///TT5DD67X62m81KleJzHkX4jM/MVCMQNdUYY/9ACb6jrFtKQr9rQ4hBVtcG84z4BWAaAZBfApvRE2PE5BgOZBWclgURG5XGGe9LBjOaQQ39UGMgG3RGM0R4jWZU44TJ0N8EjZS+f1DlGtWYTTME0o1q1HAb1cChAi83lWfE8H+UYZHo/xJCFQxukBkB2OAJY4gsHy6xGtd4BgZL2B0h5g4iHpEHkaKYwPohsRrJIFITTdiMZzSjG2UE4hXZ9g9Trcd1WHti/eoXAAyJsDcwPOE1rMGMDomPOr+iyJp8cjkTyo9SpqkGGRV5jeOYzykcUiPeOnVCajTDGMdgBzmMsYxxkEMZxqBfDBXZOupIj3MdSQmOFNlHcwTgHcboxjvasQ1pNCOKMXRg7n7zRqyE7iBMYl6HLgeAdrRDH+7wpDH1sQxjSNGHvQtML4+UMGxVBCHQGWalBLKOdnSTHNLAUTKoggzcUad5klQLQkbUJnwMhB3rgKc6yIEscj6yPjO51EmMgf/EdnDTm/hYBz6MUY3JBeCPDrnnjnyVkHm4kDDrUEc3I4oPdBwjnSYqSaKa4ZOAelSgAgUHRim0FI1F5oQShac3U9qOc4w0o3Chh7dQ81GACtR2BEEofCwkIPCoJXHaKcZW1BGAlU5Uot6aZnegRT7SpDJ7HToGEtcBUo+Sox3VUqhn/JEm19lFHs7ARjfIoY58qDSe6xjHOrwFInDprjCg4tA1zKG/mgqUrOCIV0Yj9xyvgAYZ3tDHNFTajrOyox1o3Ctp4vE+jtlvGlWNrD4KyELFwlE7ACgHNvRhzMJ21piz3IplnZoQb/nkqhMN6DJpeTytUid0knGGOcYBD9VhelYf++gGAGQ0WoiQJJTesCk+2sGPdowDAB/s7UREyA94tMMd74AHP8zRR2f0T7mz6wgAjvGOq161fs/oBnYvIo9qXJR7VqoL+MZLkafllL3wbUmddDoQhP6GvvEljmUDAgA7'),('pbkdf2_sha256$1000000$1sTajOrfcY8wS7DMjmrtyp$CYd2nvGZr5tjzirz5CNrs3MxUrlchlSV89ALvR7ozu0=',NULL,0,'hocvien_3','','','hocvien_3@gmail.com',0,1,'2026-04-02 02:42:15.198820',9,'Nguyễn Văn Em','HocVien',1,NULL,NULL,NULL,0,NULL),('pbkdf2_sha256$1000000$qJywlg6DVeXAmjhErWycFz$YDWM5FOKQjzYiqffVmJD1Xn4GViTAzB6OEBDEYrLTcA=',NULL,0,'hocvien_4','','','hocvien_4@gmail.com',0,1,'2026-04-02 02:42:15.568498',10,'Nguyễn Văn Tuấn','HocVien',1,NULL,NULL,NULL,0,NULL),('pbkdf2_sha256$1000000$9B6VDh9IVexBw8mVUTGERZ$xP3VJZVUddPclpTFzTbZY0MNcJc6P/7Qb/9Hbj/qI/U=',NULL,0,'hocvien_5','','','hocvien_5@gmail.com',0,1,'2026-04-02 02:42:15.939599',11,'Phạm Hoàng Em','HocVien',1,NULL,NULL,NULL,1,NULL),('pbkdf2_sha256$1000000$vdPxHd32gvtNfw8TraOJC5$1M9cAMIM26XjKaQx9VezyI/XoJg86uH9wC/PrM7k3Zw=',NULL,0,'hocvien_6','','','hocvien_6@gmail.com',0,1,'2026-04-02 02:42:16.284995',12,'Phạm Hoàng Dung','HocVien',1,NULL,NULL,NULL,0,NULL),('pbkdf2_sha256$1000000$WxvYfJIAyDjSUqLp5K4phG$WzR/SL2yEYpAY+Zuh+GeK7ek6n4MBAaEN2DNmCVbapo=',NULL,0,'hocvien_7','','','hocvien_7@gmail.com',0,1,'2026-04-02 02:42:16.631571',13,'Trần Thị Bình','HocVien',1,NULL,NULL,NULL,0,NULL),('pbkdf2_sha256$1000000$VHyGbXjjCIUrhT7WM2QVn8$Ygs/vg1Xj6uRE7qqLb63jNb3LGdHc1TFaabaAFonDTA=',NULL,0,'hv1','','','ductaionlinemini@gmail.com',0,1,'2026-04-03 02:04:39.567194',14,'Le Duc Tai','HocVien',1,NULL,'','',1,'data:image/png;base64,iVBORw0KGgoAAAANSUhEUgAABEEAAAP1CAYAAACOnfE5AAAAAXNSR0IArs4c6QAAAARnQU1BAACxjwv8YQUAAAAJcEhZcwAADsMAAA7DAcdvqGQAAGrPSURBVHhe7d0HuJxVuT/sc/6eIy0kJEASIBAg1NBDhySgoYReA4TepLfQkSJKLyKhFwUE6UWUJgJSg9IRpXnoIL13Ka7ve5bzwrAdIEj2npm97vu6nivJzi4ze/bsd83vfdbz/lcCAAAAKIAQBAAAACiCEAQAAAAoghAEAAAAKIIQBAAAACiCEAQAAAAoghAEAAAAKIIQBAAAACiCEAQAAAAoghAEAAAAKIIQBAAAACiCEAQAAAAoghAEAAAAKIIQBAAAACiCEAQAAAAoghAEAAAAKIIQBAAAACiCEAQAAAAoghAEAAAAKIIQBAAAACiCEAQAAAAoghAEAAAAKIIQBAAAACiCEAQAAAAoghAEAAAAKIIQBAAAACiCEAQAAAAoghAEAAAAKIIQBAAAACiCEAQAAAAoghAEAAAAKIIQBAAAACiCEAQAAAAoghAEAAAAKIIQBAAAACiCEAQAAAAoghAEAAAAKIIQBAAAACiCEAQAAAAoghAEAAAAKIIQBAAAACiCEAQAAAAoghAEAAAAKIIQBAAAACiCEAQAAAAoghAEAAAAKIIQBAAAACiCEAQAAAAoghAEAAAAKIIQBAAAACiCEAQAAAAoghAEAAAAKIIQBAAAACiCEAQAAAAoghAEAAAAKIIQBAAAACiCEAQAAAAoghAEAAAAKIIQBAAAACiCEAQAAAAoghAEAAAAKIIQBAAAACiCEAQAAAAoghAEAAAAKIIQBAAAACiCEAQAAAAoghAEAAAAKIIQBAAAACiCEAQAAAAoghAEAAAAKIIQBAAAACiCEAQAAAAoghAEAAAAKIIQBAAAACiCEAQAAAAoghAEAAAAKIIQBAAAACiCEAQAAAAoghAEAAAAKIIQBAAAACiCEAQAAAAoghAEAAAAKIIQBAAAACiCEAQAAAAoghAEAAAAKIIQBAAAACiCEAQAAAAoghAEAAAAKIIQBAAAACiCEAQAAAAoghAEAAAAKIIQBAAAACiCEAQAAAAoghAEAAAAKIIQBAAAACiCEAQAAAAoghAEAAAAKIIQBAAAACiCEAQAAAAoghAEAAAAKIIQBAAAACiCEAQAAAAoghAEAAAAKIIQBAAAACiCEAQAAAAoghAEAAAAKIIQBAAAACiCEAQAAAAoghAEAAAAKIIQBAAAACiCEAQAAAAoghAEAAAAKIIQBAAAACiCEAQAAAAoghAEAAAAKIIQBAAAACiCEAQAAAAoghAEAAAAKIIQBAAAACiCEAQAAAAoghAEAAAAKIIQBAAAACiCEAQAAAAoghAEAAAAKIIQBAAAACiCEAQAAAAoghAEAAAAKIIQBAAAACiCEAQAAAAoghAEAAAAKIIQBAAAACiCEAQAAAAoghAEAAAAKIIQBAAAACiCEAQAAAAoghAEAAAAKIIQBAAAACiCEAQAAAAoghAEAAAAKIIQBAAAACiCEAQAAAAoghAEAAAAKIIQBAAAACiCEAQAAAAoghAEAAAAKIIQBAAAACiCEAQAAAAoghAEAAAAKIIQBAAAACiCEAQAAAAoghAEAAAAKIIQBAAAACiCEAQAAAAoghAEAAAAKIIQBAAAACiCEAQAAAAoghAEAAAAKIIQBAAAACiCEAQAAAAoghAEAAAAKIIQBAAAACiCEAQAAAAoghAEAAAAKIIQBAAAACiCEAQAAAAoghAEAAAAKIIQBAAAACiCEAQAAAAoghAEAAAAKIIQBAAAACiCEAQAAAAoghAEAAAAKIIQBAAAACiCEAQAAAAoghAEAAAAKIIQBAAAACiCEAQAAAAoghAEAAAAKIIQBAAAACiCEAQAAAAoghAEAAAAKIIQBAAAACiCEAQAAAAoghAEAAAAKIIQBAAAACiCEAQAAAAoghAEAAAAKIIQBAAAACiCEAQAAAAoghAEAAAAKIIQBAAAACiCEAQAAAAoghAEAAAAKIIQBAAAACiCEAQAAAAoghAEAAAAKIIQBAAAACiCEAQAAAAoghAEAAAAKIIQBAAAACiCEAQAAAAoghAEAAAAKIIQBAAAACiCEAQAAAAoghAEAAAAKIIQBAAAACiCEAQAAAAoghAEAAAAKIIQBAAAACiCEAQAAAAoghAEAAAAKIIQBAAAACiCEAQAAAAoghAEAAAAKIIQBAAAACiCEAQAAAAoghAEAAAAKIIQBAAAACiCEAQAAAAoghAEAAAAKIIQBAAAACiCEAQAAAAoghAEAAAAKIIQBAAAACiCEAQAAAAoghAEAAAAKIIQBAAAACiCEAQAAAAoghAEAAAAKIIQBAAAACiCEAQAAAAoghAEAAAAKIIQBAAAACiCEAQAAAAoghAEAAAAKIIQBAAAACiCEAQAAAAoghAEAAAAKIIQBAAAACiCEAQAAAAoghAEAAAAKIIQBAAAACiCEAQAAAAoghAEAAAAKIIQBAAAACiCEAQAAAAoghAEAAAAKIIQBAAAACiCEAQAAAAoghAEAAAAKIIQBAAAACiCEAQAAAAoghAEAAAAKIIQBAAAACiCEAQAAAAoghAEAAAAKIIQBAAAACiCEAQAAAAoghAEAAAAKIIQBAAAACiCEAQAAAAoghAEAAAAKIIQBAAAACiCEAQAAAAoghAEAAAAKIIQBAAAACiCEAQAAAAoghAEAAAAKIIQBAAAACiCEAQAAAAoghAEAAAAKIIQBAAAACiCEAQAAAAoghAEAAAAKIIQBAAAACiCEAQAAAAoghAEAAAAKIIQBAAAACiCEAQAAAAoghAEAAAAKIIQBAAAACiCEAQAAAAoghAEAAAAKIIQBAAAACiCEAQAAAAoghAEAAAAKIIQBAAAACiCEAQAAAAoghAEAAAAKIIQBGgLV111Vfrxj3+cDjrooHTIIYekww8/PB111FHppz/9afrZz36WjjvuuHTiiSemk08+OZ1yyilfqHhbozrppJPSCSeckOv444/Pn2Ps2LG5jj322HTMMcfkzx9f58gjj8xf87DDDstf/+CDD863pb7ibfF/VR166KG5Or5/3I8DDzww/ehHP0oHHHBA2n///dN+++2XfvjDH6Z99tkn7bXXXrn23HPPtMcee6Tddtst7brrrmnMmDHpoosuqn1HAACAb0oIAnSp6667LocJVaAQIUEEATvuuGPafPPN0yabbJI22mijtMEGG6TRo0enddddN40aNSqttdZaac0118wVf1977bXz26PWWWedtN566+X3r694W/xfvE+8f1T954laY401vvDvRhXvE7X66qt/VquttlpaddVVc8Xfq6p/n/qPi/9bZZVV0sorr5xWWmmltOKKK6YVVlghjRw5Mi233HJp2WWXTcsss0waMWJEru9///vpe9/7Xlp66aVzLbXUUmn48OH5z/j/+BxxX+L7tOWWW6YddtghXXjhhfl7HH/uvPPOuXbaaad0/vnn57cDAEDphCDAt3b55ZfnzoXoWIgX3vGCfNttt00/+MEP0mabbZY23njj/GI9Qon6QKIKMSIkiABgySWXTIsttlhaZJFF0kILLZQWXHDBtMACC6T55psvzTvvvGmeeeb5Qs0999xfqLnmmuuzGjx4cJpzzjnT7LPPnmabbbY066yzpllmmSUNGjQozTzzzJ9V/Dsq/i/ep6r4mI4Vn+vLao455vi3iq8fFX+P94nPEZ+7/jbMOOOMaeDAgWmGGWZI008//Wc1YMCANN10031W0047ba74e7xvfI64j/PPP39adNFFc0ASQUqEI8svv3wOUaogJb63Eb7E9zoeizPPPLP2yAEAQFmEIED68MMP0+uvv55eeuml9Oyzz6bHH388PfLII+mBBx5I99xzT7r99tvTDTfckLekXHbZZem8887L20di60YEHdEtES/Ao2Nh2LBhaYkllshhxsILL/xvQUZ9aBH/jrfH3yOEiBf38UJ/mmmmSf37909TTDFFrl69euXq2bNnrsknn/yzP3v06PFZTTbZZLkmnXTSNMkkk6SJJ574s5pooonSd7/73fS///u//1bx9qh4n6rqPzY+19dVfM2vqnif+s9Z3Z5Gt+l//ud/vlDV+1TvHx8f9zO+J1NOOWXq169fDk1mmmmmz0KWCFeqirAlgpj4XkfAFI9RPF7RxRLB1GmnnVb7SQAAgO5NCALd1Keffpreeuut9MQTT6S77rorXXvttblj45JLLsnbI84+++x0xhlnpNNPPz3Px4i5GPWzMOrnYMQci5hZETMqdtlll7T99tvnLSuxnSMCjwgx4gV4vBCPECMCjL59+6app546v0iPsKJjYNGxIiiIF/dfFQw0elt9fec738n1//7f//vK+u///u+vrUYf16iqrzk+1fFjG33d8an6z1H/fYlgpQpbqjAoKr6/VWASj019J0kEVNGBE1tyIsyKOSkANMfVV19t/tWYMZ9t7wToDEIQ6CY++OCD9MILL6SHHnoojRs3Ll1xxRXpl7/8ZV7gVDM3tthii7wdIuZlxHaUat5FNd+i41yLap5FzLKIwCO2VUS3R7xojhfR0bHRu3fv/II7XoDXhxONQoDxqfoX+ONbjYKCdqz/+q//+kI1ep+vqvheNPqeRlXhUhWURCgVj12EVRGKxFad6BSptiPF36OGDBmS37bvvvvWftIA+DrXX3+9+VedNP/qggsuyN/jiy+++Avzr6JLFWB8CEGgjb3//vvpySef/Cz0OOecc/JZnp/85Cf5jEostGLxEAuOeGEbczRiW0QEGDGHopo9EVXNooi3R1VbKaLDI/4d7xNbU+LFc33oES+wOzOU6BgMlF6NvkdfVvWPScdQpL57JLpF4rGNQKTajhRbbKJrJGaQxOMf25Vi1kr8HMWZPIDS/OY3vzH/qjbzqr5adf5VdLsCNCIEgTbzz3/+M7377rvpqaeeSn/605/SpZdemltko710u+22y2eFYmEQC6xYIEWIEQuKeIHbp0+fvC0itkfUb5eIv1dviz+rrSvVn9UWi/ouj0ZhR6MX7ap51fHx+bJQpApEqnkjVcXjHj8TMX8lukYiGIlFaSxyo0Nk7733rv1UArQ+86/Knn916qmn1n4SgNIJQaBNxIyP9957Lz3//PN5wRaXmv35z3+ew48IPqJ1NBZasSiIRULM46jv3KgWJI0WIvXV8f+rF8pCj/avjo9ffShSVaP/r4KSWNzGgnyqqabKP2OxmI+fuTgrCtAM5l99edX/Pv+yavRxjar6muNTHT+20dcdn6r/HPXflwhWqrClCoOi4vs7vvOvYq4KUC4hCLS46Pz46KOP8iIvzlzdcsstOfyIs/AbbrhhbgGNA3y0jkanRyzAYjEQi4Rq8dRoUfJV1Wgx0uhFtep+1eixj6p+NuJnKX62YuEZ3SFxJjNeFNgqA3QF86/av8b3uPNlFd+LRt/TqCpcqoKSWBN9k/lXcWIJ6P6EINCiIvz4+OOPc/tutO7eeeed+axWDFeLBV6EH9H2GWc74iAfB/xYkE3IBVPHhYoqqxr9TFQ/W7HYjBcBEbjFmbdqgRn7wmOPe/x8xjBAgG/L/KvyqtH36Muq/jGpD0Sq41RUPI5xvPom868MBIfuSwgCLSbCj08++SSHHy+//HJ6+OGH0zXXXJMXfNGaG62c8UIzDuKxQIszHnGgb7QwiGq0uIj6Ju+ryq5GPyv1i84I36ItOV40VFtlYr92DLIbOnRoPrMaZ2kBxpf5V2p8q+PjU398ahSIxLopHueq4nGPn4kvm38Vw3CB7kUIAi2iPvx444038rC2mPsR+5hjKFu07sZ+5Cr8qLo+LMhUV1bHxWZU/WIzFpfx8xkLyTi7FmdYY7tWnFWLCf66Q4CvYv6V+rbV8fGrjlH11ej/q6Dky+Zf7brrrrWfUqDdCUGgyarw4x//+Ed6++2381mvO+64I/36179OP/rRj/Ll3uIsVyz04kxWHKSrA3ejg79SXVH1C8j6qhaSjbpDYiEZ3SERhhx99NG1ZwDAv46F5l+prqpGj31U9bMRP0vxs1WF+h3nX9kqA+1NCAJNUoUfseiLlt/Y+vLoo4/my/JF62VsIYhtLzHlPF5MVgu2RgdzpZpVHReQVVWLyKg44xovVqI9PbpDYjDd4osvnvfzA2WLY6H5V6qZ1ehnovrZimNYhGzVMazR/KtDDjmk9tMMtAshCHSxWPBFu28s+mLYW2x9ifAjFn1jxozJe5zj4BpnHmKxVy3wGh24lWql6riIjKoWkVFVd0j8bMciMiby6wqBMlUnAsy/Uq1SjX5WqjAkqlGHY8f5V3HZZaD1CUGgi1ThR7Xoi5bf+++/P/3iF79I22yzTb4c38wzz5wPrtVZrjgANzpQK9XK1XERGVUfhsRZtRhCGMPnoiskBhvqCoEy1Icf5l+pVq2Ox7CoKgyJ49jXzb+KTiagdQlBoItEABJzP1588cV08803p5/+9Kdpk002SUsssUSeaG/Li+pu1XEBGVW/iKzvComhcyNGjHAWDbqpKvww/0q1U9Ufv+qrOo416g6pn3911FFH1Z4BQCsRgkAni4VfbH15/PHH0yWXXJIOPPDAPOE+LrsWB0zhh+rO1XHhWFUVhsQCMs6mxVnfaCvWFQLdSxV+mH+l2rk6HsOqqsKQqjukmh1S3+n44x//uPZsAFqFEAQ6SbXwe+655/KZrphwH22+1byPOFhWi72oRgddpbpL1S8aO1Y8D2L+TVzmcvrpp0/zzDNPfnEEtK84Bpp/pbpjdTyGRdWHIVV3SH2no64QaC1CEJjAqoVftPv+6U9/Sscdd1xae+2183T7ODtQv785qtEBVqlSqn4RGYvHqisk2okXXHDB9MMf/rD2zALaQXUMNP9KdfeqP35VVR+G1M+/qjoddYVAaxCCwAQUi7846/Xkk0+mCy+8MG255ZZ5X2ifPn3ywVD4odS/V/3zIf4eXVIRGE4zzTR54bjAAgvkTiqg9Zl/pUqral1XX/EzXgUi9Z2OVVeIq6JBcwlBYAKozny99tpr6aqrrkp77rlnvlzadNNN94UBb40OnkqpL1Y8V+I5Ey+WYuEYz6PYW73ddtvVnnFAq6lOAph/pUqsKvzoWFUY0mj+la4QaB4hCHxLccbr+eefTzfddFM66KCD8j7naPXt2bOn8EOpb1Hx3IkOqlg4xouoOIs2++yzp+2337727AOaLcIP86+U+ldVP+eNKp4HVVdIXEUm5l/tsccetWcS0JWEIPAfiin3Tz/9dPrjH/+YjjjiiDz3Iy7vV219iQNeowOkUmr8K55HVTtxBItxFm3GGWdMm2++ee2ZCDRD1QFp/pVSX1/V86A6plVdIYMGDcrzr/bZZ5/aMwvoCkIQ+Iai3ff1119PDz/8cDrjjDPy3I+YWTD11FN/4YxXo4OgUuqbVfVcij/jRVVsL4uzyzEvJFrtga5n/pVS37zqnw/x90bzr1wZDbqGEATGUyz6YtJ9BCDjxo1L+++/fxo+fHieVzDJJJPkRV/9wU4pNeGqekFVtRPHlSVi4v56661Xe4YCna3q/mg0/yrObNsCqtT4VzxXGs2/iqsoAZ1LCALjIRZ+77//fnrkkUfSqaeemjbccMPc8ltd4s+iT6nOr+p5Fn9Wlx6MduJ11lmn9kwFOov5V0p1TlXHtI7zr7bddtvasw+Y0IQg8DXee++9fKm/3/3ud2m33XZLiy++eH7hZe6HUl1f8Zyrqlo0xla0eDG29dZb1561wIRi/pVSnV/xPGo0/2rTTTetPROBCUkIAl8ipt1Hy+8999yTr+e++uqr53Q+DlC2vijVvKoPQqrLDsbZs5lmmilttdVWtWcw8G2Yf6VU11X1XKqOa/Xzr2z7hAlPCAIdxNaXN998Mz377LPp4osvTj/4wQ/SLLPMkg9IFnxKtUbFc7GqasE45ZRT5jNn8WIN+M+Yf6VU86o6rnWcf7XuuuvWnqHAhCAEgTrR/REByB133JEOP/zwtPTSS+cXVvY7K9WaVS0Y4zkaQUh0hKy11lq1ZzTwTZh/pVTzq3qexZ/1869GjRpVe6YC35YQBP5/sfCL2R+PPfZYuuCCC9Lmm2+eJ3Q766VU61d9EBKLxf79+6f111+/9uwGxof5V0q1TlXHtahq22c1/yo6lIFvRwhC8WLh98ILL6Tbb789HXLIIWnYsGH5bLKzXkq1V8XzNV6w9erVKw0YMCCHmcBXM/9KqdasjkFI1e1o2yd8e0IQilUt/P7617+mq666Ku2yyy5pzjnnzNdrt/BTqr2qCizjz3gOxza2OGO2/fbb157xQD3zr5Rq/apCkKj6+VcDBw4U9MO3IAShONXC77nnnks333xzOvbYY9Oaa66ZzxzHxHuLP6Xas6qFYmyLidbhGCZnWwz8O/OvlGqvqj++xVbteL6uscYatWc08E0JQShKtfD7y1/+ki699NK08847p3nnnTdfk93iT6n2r2qhaFsM/Dvzr5Rq36oPQqqgf/To0bVnN/BNCEEoQiz8Pvroo/TWW2+lhx56KB133HH/1v0R1eigo5Rqv4rnc8w06NOnT94Ws91229V+G0CZzL9SqntUPF8j6I8TeLGO3XTTTWvPcmB8CUEowscff5zefvvt9Pjjj+cAJKbex1UkdH90fsX396uq0cco9W0rfrbizHac4Y6J+rPPPnvadddda78RoBzmXynVfapaN8Wf8Ryugv5tt9229owHxocQhCL84x//SDfddFPacccd00wzzWT2x1dUfF86ViyUq2r0//VVvV8ETFFxlrG+qrd3rPqvMSGr0W3symr0PVZdU/H9j5+BaBueZppp0jzzzJP22Wef2m8F6N7Mv1Kqe1a1voi1UwxKtS0GvjkhCN3e+++/n37729+m5ZdfPk0xxRSfvTBudGApqaqDaKOK71EEFrFQjjMNcZCNir/HFoNow+xY8b7xf9X7R6fN5JNPnitehEbFWfn4/+rzRMXHdazq83Ws6mMaVf371d+ujsFLFY5UPwfNqEaPh+qciu93PO7xcxiX/YwrYEB3Z/6VUt27qvVErHNsi4FvTghCt/XBBx+k++67L+2xxx5p8ODB+YVyd1n4VQe/qPoX9d+0YjFcdWjEgTS+RxFUxAvGaLGMs+dxPfpZZ501/znddNPlt8U+8t69e+fBkxEsxd9jUnlsO5h22mnzi834ns8999xp4YUXzlceWGqppdLw4cPT0KFD0xJLLJG3JC266KL5/xdccMG0wAILpPnnn/+zin9XNWTIkFzxftXfq6r/uPnmmy9XLPbja8dtmGOOOfLgv7j0Y7SMxv2YYYYZ8oIhbmf8Ob4V7/9lFf8f35+o+B5Exfeqf//+n1V8b+N73ugxVZ1X1UIxfk7jZ2H33Xev/ZaA7sX8K6XKqng+x9ot1mzR6bzNNtvUfhsAX0UIQrf05z//OZ1xxhlphRVWyC984gV/o4NHu1QVdsQL6HgxF50U8YK66tCoKt7WsTq+T1R0ZUSnRpw9qAKMvn375hfwcRCN4GCxxRZLq6yySr56QJxFjDMMK6+8clpxxRXTyJEjc2fNsssum1ZaaaV8mbZ11lknbbTRRmmLLbbIe1OPPPLIXDGA78c//nE68MAD049+9KO0//77p/322y/98Ic/zFsT9txzzxxUxQvT3Xbb7bOKf0fF/0XF++21116fVf3HVR8bMx+iYs/7TjvtlIdhxoIgzv7H/dh4443TBhtskNtG4/ZGjRo1aryr+phGFf+/9tprp7XWWiu/6IiK78vqq6+eVltttVzxeHgB0pyK50/87MfP+JZbbln7TQHdS8f5VxE4R6it+6PzK76/X1WNPkapb1vxsxXHt1gXVvOvYg0EfDUhCN1KdH/ceuut+UV4nPGvznw1OnC0elULp1i8xv2I4CLCiiqoiM6GqEGDBuUOh6h4e8eK70PHt8XHxYFyrrnmyp0U0ZERnRrxQn2zzTbL4cIxxxyTzjvvvPSb3/wmXXnllemcc87Ji+rYVx7/d/TRR+eQ42c/+1k64YQT0qmnnpqDp3i/888/P1100UW5zjrrrHTiiSem448/Pn/82LFjv1Dx+eJzVBX/jrfH+8fnPemkk9LJJ5+cP/9pp52WTj/99Pxn/DveXv+5q88Vt+3www9PBx10UA5eInCJ+xRhzvbbb5+22mqrHIrEfd1kk01yRUASIU7UhhtumMOSjhVv/6qq3m/99df/rCJwiYrHrd3DuHaueC5Fx1OEftHZFKEZdDfmX41/VcfY+orf0VU1+v/6qt4vjtFRVVdlVdXbO1b915iQ1eg2dmU1+h6rrqn4/sfPQKwTo+s0OmHjZBHw5YQgdBuPPvpouvDCC/PWi+hwiANCo4NFK1e1mIjbHh0fceY6XrTFdovY7jFixIjccRAv4iPo2XrrrXPnRbygrype2EdF50ZVHd8W3RFxpmDvvffOXRoRGESAECHGZZddln7/+9/nyyhGR02cUXzxxRfzlQVuuOGG/H/XXHNNvspAzFqJv1933XXpxhtvzAFUfNwdd9xRe1QI0VETAVajx1x1XcXzKrpxYqtSPG+gOzH/qnFVx9VGFd+jCCwiLKrmWUVVc6viONyx4n3j/6r3N//qy6vR46E6p+L7HY97/BzG9jfHOPhqQhC6hZh+v++++7bl7I9qsVAtxmLRFLM2Yp5EXMbw+9//fg43jjrqqHTmmWemX/3qVznsiS6LCy64IJ177rn5bR0rOjK+rOLjf/3rX+cOjwg14szhuHHj0r333pvDpL///e95TznfXmyRiQAkFieNHn/VdRXPs3iOVd0gLplLd2D+1ddX/P6N535UBAbxPYqgwvyrxlXNumpU8f/x/Yky/6q1Kp4n8fMdP6fxs+AYB19OCELbe/rpp3PbX7T+xgKn0YGh1ap+URcLhTijE2eTYmEV21tiwRSzJWLuRQQf0W0R3RUx6T+G3UVQ8cgjj+S/P/DAAw0rujg61v33358rPu6xxx7L37sXXnghvfrqqzn0iFZqJqxYEMZCu9HPger6iudc1Q0S4SK0s/i9bv6V+VfmX6mqHONg/AhBaFsxBT+2Xuywww757EQrn3WoQo+q4iAVC7w4UMXZpbj9cUZnueWWy1tdYqZFXNYwOjQi0IjOjA8//LB2z2knukBaq+L5F2FpPO/ijOmYMWNqjxS0D/OvvjjnKsr8K/Ov1OfHuAj9orPJMQ4aE4LQlqKL4eyzz85nZqKVtVUOuNViLipuU/3fo+LAFG240RkQZ6PiABWtsuuuu26ezxFdH7E95c4770z/93//l1577bXaPaYdxdnFCLsa/ayo5lU8FyOAjBbueHEA7cT8K/OvWpX5V61R1TEuukEc46AxIQhtJbo/br755txaGp0TsXCKhVSjg0BXVrWYizNZURF2VFW19EbwEfuLBw4cmOaZZ57c9RGtq3GGKeZzxKIqtrvEfJP33nuvdo9pZ7G9SRdI61U8X+O5GYv19dZbr/ZoQesz/8r8q1Zl/lXrVHWMi47HONnmkrnw74QgtI04QxNnY6IFMxZN8Qu+0S//rqpqQRcH/CroqPYfx5+xuIsulXghHMPJYtE6bNiw/KIrzkrFmaj6ro+Yy/HJJ5/U7i3tLtqtYwHS6GdHNbeq5208PtEqH3vuodWZf2X+VSsz/6q1quoGifVydEUBXyQEoS08+eSTeR9sK7T/1ocfcSYuFnTRxhvbW6KVNxaosWc5Qo+Y8B7BRwwOi+FlsZ839h1HN0ss1J555pn09ttv1+4l3Un8PLTLC5USK36HxO+SeCFmzzStzPwr2oEukNaqeP5V3SAxGyfmxACfE4LQ8mJRFAFIBAqxkIpf7I1+4Xd2VQu6OKjE7YjgIxL2eBEVQ9fi9sXAtWqCfOzDjI6P2H8cLbnXX399uuuuu3LXx8svv5w++uij2j2ku4nHP34+mvWzqr6+4rkcAWYMU9xxxx1rjxy0FvOvaAfmX7VmxXOy6gaJobjA54QgtLQIQGICelwjP7abxC/0Rr/oO7Pia9a38caCLoKPmDQ/fPjwfPm86PSIvczRqhyBzSmnnJIuueSSPFztT3/6U27Jjfti1kcZ+vXrpwukxSue1zFTKM5Mx/BEaCXmX9FOzL9qzYrnazw3I0CNyxsDnxOC0LJiH/Bhhx2WJ8V3dQdItdCLg0cs6uKsfsz1iMVobMmJ0CNS9bg2fwQfMXE+zmxdffXV6b777suhx8MPP5yeffbZ9Oabb9buEaXQFtz6Fc/xeG7HGbK46gS0CvOvaCfmX7VuVc/bav7V7rvvXnvUACEILefjjz/O+4PjDFhsM+mqDpD6hV608ca8gBj0VU2tj2vq77bbbmn//fdPBx98cL6+/1lnnZUvsxe398EHH8wzPqKtN4auxf2gTNE1FCFao58z1RoVz/V4nKJrR5swrcL8K9qN+VetXfE7pJp/ZS4IfE4IQkt5/vnn08UXX5w23njjvLjqiksAVou8anhbnMWP/cuxCF1//fVzp0cEHnE2Ky7RF+28McE+go+7774779mO2/3GG2+YOE8WP0tCkNaueN7H4xRt+/E8h2Yz/4p2Y/5V61c8l6NjK7anbb/99rVHDhCC0DLiUnixAFx55ZXzgivO0nbmgTUODBF+xCIvUvJo5Y0F3siRI/OB4tRTT80tydHGG4HHPffck7e4RP3tb3/LW11eeeUVl9vj38SLB4vC1q54fOJxsleaVmD+Fe3I/KvWr3hexzp3wIAB+YpMwL8IQWi62DYSC6cjjjgibzupWis7axEYnzfOAMfwtngBFIu8hRZaKK299tpp3333Teedd176wx/+kFt4YzEXMz2iIvCIs1qvv/56/ve7774r/KAhIUjrVzw+VQgyatSo2iMHXc/8K9qV+VetX/Ecr+ZfRdcW8C9CEJrqww8/TA888EA66qij0jLLLJO7MTrzBWQs9mKROe200+bL9Y0YMSJtvfXWuY338ssvT7fddlte1L300kvp008/zRP6488PPvggn9mKir+b98GXiUsFWhS2flUhSLzoiwAUupr5V7Q7869av+K5Ho9TnGCMrebAvwhBaJrYJxxnkGKAWuwrjWCis7bAxOeMFzwxxT7mfaywwgq56+PHP/5xuvbaa9Mdd9yRt7jEoi5E+FFViCAkFnom2vN1oj24nUOQeK7Eoraq6t/x/Kn+XVWjj2+XittfhSBrrbVW7dGDrmH+Fd2B+VetX/G8r+ZfxRWbgH8RgtAUESbEmaRYBEYnRpyBij3IE/rFY7Xom3TSSfOZrhjoFgeBY445Jo0bNy53ocTlCGNrC0wI8XPWjiFIPFdiMRsvxqJttqoIJyM8jBdMcd/iuRRD1iJAiPvZ2S/cOqvidsd9iEsHRggLXcX8K7qL+B3arseAUqo61sXWT12P8DkhCF0uApCYrXHrrbemQw45JG9JiYVgvPiakGcU4nPFoi9euM0999y5+2OHHXZIv/jFL/Je5vfff792i2DCiZ/jdgxBomKxFGeMIvCor7gU5nzzzZe7XGK42owzzpjvY3cIQSLgWX311WuPHnQe86/oboQgrV/VsU7XI3yREIQuFQFItNJGB0a020YXSEyej1/OE+pgGp8jXojG2a555pknhx/bbLNNXnjG3I8YQmdBR2dpxxAkAsN4/kWHR4Qeq622Wu3e/LvRo0fnq6lUZ7DjRVY7LoKrhWGEIF91f2FCMP+K7sb8q/ao6lgX6+wYdAz8ixCELhOLrDij9NRTT6Ubb7wxHX300fmMVJydihb7CdEFEgfkaPcdPHhwPkDvuOOOeer++eefn892xdaXWOhBZ2nHECQWSfH8i9seocByyy1XuzdfLhZT8f7tHIJUvy/idwV0FvOv6I7Mv2qPittfhSC2fsLnhCB0mVhcRWttdGLEwLW99947LbnkkvmM2LddEMbHxueIs9Nxli0m25944ol5mv3111+fv+arr75auyXQeeIKD+0agsRCaXy6QUL8fyyC27UbJG5vFYLEbAboDOZf0V2Zf9UeFbc77kPMv9L1CJ8TgtBl4kxTtNjGGbGzzz47X4YvzlR92y6Q+Nj4HLPNNluetB+LvksuuSTdddddeQBdNc0eukI7hiBR9QvDWAguv/zytXv05aKDIuYatGMQErc1HqcIQVZaaaXaPYIJx/wrurP4OW7HY11U/P6PY1Y196qq7j7/atVVV609eoAQhC4TIUjsMY69yAcccEBabLHFcnvef3oQrX6xx4ErOkr23HPPvO0lFpwRtMRe52hDrtp8oSu0ewjyTbpBYqBoBAjRzRULyvjYdlkoxu2Mx0kIQmcw/4rurh1DkI7HuK8KBbrj/CtbP+FzQhC6TIQR0ZVx1lln5X2JkbLHQfQ/OajEgSxebEZKHwep2Gsd215iwfncc8/lqfYGutEM7RqCRMVzMZ5b8byMBVNcQvPrxKIqXnzFIjE+ttHnbcWK+xqPU1w5Y8UVV6zdG/j24lhn/hXdXTuGIB2Pccsuu2zt3ny57jT/SuAPnxOC0GXijFQMZdtvv/3S/PPPn198xC/mb3JQifeNA1Fc7m/hhRfO3R8xX+TOO+/MW1+qPc8WfzRLdwhB4jkWcwviDPP4TJOPhdV/Gmg2q6qFYfweihAHJhTzryhBOx7rqmPc+HaDhO40/0oIAp8TgtBlnn766XThhRemDTbYIA0cODDvYY6D0dcdUOL/q1/i8YJl9tlnT6NGjcqX+ouBb48//nh64YUXcvdH7H22/YVmiuFq7bQtpGNVC8Q4Yx1h4/gODY0QJD620edsxar/nSIEYUKKY5D5V3R37b71s+oGGZ+roXWX+Ve6HuFzQhC6RCwII7CI4XBLL710HuAWB9A4EDU6mMTbqgNVvCCL942PGT58eO4k+cMf/pBDlbjM31tvvZXDj+g0EYDQbLHVq11DkOo5FwumeM6N7wIxVM/nRp+3FSvuaxWCjM+2HxhfcRwy/4rurt1DkHhOjW83SHeYfxXHOiEIfE4IQpeIEOSGG25Ie+21Vxo2bFhu5Y1OkPjFHL+g66s6OEVKHweoqaaaKu97jj3VY8eOzWe8YsEXi8z4vB9++KH5H7SM2D7SziFIVDwvo+I5Gmedo6IDq77ibXF2u6p2u7/V/RSCMKFFGGH+Fd1du4YgUfFcjOdW1Q0yvldDa/f5V7oe4XNCELrMzTffnPbdd988iGrmmWfO1yyPA1C8YIwDSvySroKPOGsWQUm80Ip9z2PGjMlbaeJygyEWmTF9PxZ/8Se0knYPQeJMVywM43KBVcVztr6qt8eLs6jqYxt93lasuK3xOydmn4zPAhjGl/lXlKA7hCDxHKvmX0Vg+XXaff6VwB8+JwShS0THRrTuHn744flAEwvDmJ0QL7Rij3NU/D2GT8ULq3nnnTdvm9lkk03y7I/42FjwdaT9l1bUbnuGq4rbHBWL2+jAmn766fNZ7Kj4e8eq/i+q+thGn7cVK25rFYKM75YfGB/mX1GC7jb/anyHhkYI0q6dIEIQ+JwQhC4RZ6vuvffedNxxx6XNN988d4PMPffcaYYZZsgdH/GCao455khDhw7Nk7jjfeIsWrQT33333XnBB+0iQpB2WiTVV7UwjCAkFofxAm58qtHnauWqFoZCECYk868oRXebfzU+l8sN1fO50edtxYr7WoUguh7hc0IQukSEIE888US6/PLL00EHHZRDjnjhscgii+ShcbFYjMFT22yzTfrJT36SfvnLX+YZItH2Gws+aCfttme4vqrFYbVArKp625dVo8/VyhX3MxbwLhvIhGT+FaUw/6o9qrqfQhD4IiEIXeaVV15J99xzT24T/ulPf5p23XXXtNVWW6Vtt9027bHHHunggw9Op512WrriiivSfffdlyfe2+9MO2rnECSqWiB+k2r0eVq54jbH4xTzhyKAhQnF/CtK0e4hSGnzr3Q9wueEIHSJCDPeeeed9Oyzz+btLVdffXU655xz0i9+8Yv852WXXZauvfba9Mc//jH97W9/y3uetfvSrmK2TSw62mmhVFrFYxMvROPyiDF3ASYE868oSXeYfxXHgPoZV/Vzr6rqLvOvxnfLD5RACEKXiVbeCDfisn4PP/xwuv3223Pocdddd6UHH3wwPfnkk7lbJBaR0M5ie0W7niErpeKxiRbovn37pvXXX7/2yMG3Y/4VJTH/qvVLCAKNCUHoUnE2K0KOaPV9/vnn09///vf856uvvpreeOON/H+2wNDu4gxwOy8OS6h4bGI7QrwwjbPwMCGYf0VJzL9q/Yr7GWFPzL9accUVa48cIAShKSIMiQVfDHyLM1/xZwyA0/JLd9Huc0G6e8ViNwbFRXvzlltuWXvU4Nsz/4pSmH/V+hW3OR6nmE206qqr1h45QAhC0wk+6I7MBWntinkgMZQytiTAhGL+FSVxnGv9isemmn+11lpr1R45QAgC0AlWWWWVth0a190rHpNoDZ5uuunSpptuWnvEYMIw/4pSmH/V+hWPTcwyiflX6623Xu2RA4QgAJ1g7bXXtiWmBSsWhLFotyCkM5l/RQnMv2r9isemmn+18cYb1x45QAgC0En69++vVbjFKhaEffr0yZcnjeGU0JnMv6K7E/a3dtXPv4pBzcC/CEEAOkkMIXOWrHUqwqh4PGIbzGabbVZ7lKBrCD7ojswFae2q5l/FFl3gc0IQgE6yzjrrpKmmmsoCsQUqvv/xOMQ2mNGjR9ceIQC+DfOvWrfiMYkukAj+bYWBLxKCAHSikSNHGhzXAhXdOHFGLLbBxKVKAfj2zL9qzYo1RzX/Kk7IAF8kBAHoRKuvvnq+NJ1ukOZVfN9tgwHoHOZftV5FKBXbYGaccca01VZb1R4poCIEAehkyy23nNkgTapYlFfbYFwNBmDCM/+qtao++N9kk01qjxJQTwgC0MmiG8RskOaUbTAAncv8q9YpwT+MHyEIQBdYfvnlnSnr4qrOhk077bTOhgF0IvOvWqPqg/+tt9669ugAHQlBALrAWmut5UxZF1Z8j2NBPvXUU6dRo0bVHgUAOoP5V82vKvi3DQa+nhAEoIvEmbJYoFggdm7FmbD4Pk866aRplllmSdtss03tEQCgs5h/1byKdUUEUBH8r7vuurVHBPgyQhCALrLmmmvmNlULxM6r6kzYZJNNljbddNPadx6Azmb+VfOq2gYTV4OxDQa+nhAEoAvFfAr7pjun4nv63e9+N00//fS17zYAXcn8q66vKvyP9cXGG29ceySAryIEAehCa6yxhm6QTqhYBE488cR5GJztLwDNYf5V11Z8j+PESnzP43sPjB8hCEAX2nDDDfPZmjhrY4E4YSoCJdtfAFqD+VddU3Hsi+9zNf9qq622qj0CwNcRggB0sZgNEsPLnCn79hXfw9gDDUBrMP+q8yvWDhGAxAkAW2DgmxOCAHSx6FhYccUV8/wKi8T/rGIBGOGHywACtB7zrzqv4ntq/hV8O0IQgCYYPXp0mmaaabQM/wcV3R/rrLNO7TsJQKsx/6pzKtYLMf8qTgKYfwX/OSEIQJPYFvPNK1p/Z5ttttp3EIBWZP7VhK9q/pXtL/DtCUEAmmSzzTazLeYbVAx+A6A9CPonXMX3cODAgbXvLPBtCUEAmii2xfTv39/Zsq+oCIhGjRpV+44B0A7Mv/r2FesC869gwhOCADTZ6quvns+W9ejRw0KxQ8XZr169etn7DNCGzL/6zyuOf04AQOcQggA0WezvXXnlldOSSy6ZJp988hyEWCz+awFoCwxAe7Mt5puX+VfQuYQgAC0g2oZXXXXVNGzYsNSzZ8+ig5C437FgdgYMoP2Zf/XNatCgQbXvHNBZhCAALSS2xiy11FJ5C0hpZ83ivsYiOa4osN5669kCA9BNmH/19RUBkfAfuoYQBKDFROvw9773vTTFFFOkSSaZJC8Yu/OiMe5bLP769u2bQ6DoigGgezH/6svL/CvoWkIQgBa09tprpxEjRqQhQ4bkBePEE0/cLcOQuD9V98e6665bu/cAdDfmXzUu86+g6wlBAFrUOuusk5Zbbrm8YFxggQXyojHCkHZfOFZhToQfsfVntdVWc/k/gAKYf/V5xf02/wqaQwgC0OLWWGONtPzyy+dF44ILLpjDkNgm0+qLxyrsiLNck046ae5oiUXvXHPNlRZbbLF8nyLoAaAs5l+ZfwXNJAQBaBNrrbVWGjlyZBo+fHhaaKGF8uIxgoUIGCIUiS6RWFjF4LmOFW//sv/7JlV9no410UQT5dsQl/WLkCZu2zzzzJPmn3/+fFsj9Bg6dGiedRLdLXEmcKONNqrdMwBKY/6V+VfQLEIQgDYTYUhcbnDppZfOW2UWX3zxtMgii+T5IfPNN1+ae+65c0UIETXvvPPmt0fF36Oq/4v3i86MqMGDB3/29+rjq/ePj41AI7blVBX/jor/qw864nYts8wyObBZaaWV8naXWOzGzI8NNtigdi8AKJ35V0AzCEEA2lRsJYlwIc4orbLKKjkYiS0mEUAsu+yyueMi/r3CCivk/4uKv0c4EW+P/4/3i/ePRWhV1cfG+1UfG2FGfI0INKqKbo54Wwy6i39HOBOtvRF0mPEBwPgw/wroakIQAACgqcy/ArqKEAQAAGgJ5l8BnU0IAgAAtBTzr4DOIgQBAABakvlXwIQmBAEAAACKIAQBAAAAiiAEAQAAAIogBAEAAACKIAQBAAAAiiAEAQAAAIogBAEAAACKIAQBAAAAiiAEAQAAAIogBAEAAACKIAQBAAAAiiAEAQAAAIogBAEAAACKIAQBAAAAiiAEAQAAAIogBAEAAACKIAQBAAAAiiAEAQAAAIogBAEAAACKIAQBAAAAiiAEAQAAAIogBAEAAACKIAQBAAAAiiAEAQAAAIogBAEAAACKIAQBAAAAiiAEAQAAAIogBAEAAACKIAQBAAAAiiAEAQAAAIogBAEAAACKIAQBAAAAiiAEAQAAAIogBAEAAACKIAQBAAAAiiAEAQAAAIogBAEAAACKIAQBAAAAiiAEAQAAAIogBAEAAACKIAQBAAAAiiAEAQDa2j//+c/06aeffqHibQAAHQlBAIC2EyHHP/7xj/T222+nl156KT355JPp4YcfTg8++GB69NFH01NPPZVeffXV/D4AABUhCADQVqLT47333ksvv/xyeuKJJ9K9996brr/++nT55ZenX//61+nKK69Mf/jDH9L999+fXnzxxfTRRx/VPhIAKJ0QBABoGxGAvPvuu+nvf/977vy47bbb0qWXXppOPvnkdPTRR6djjjkmnXjiiemMM85Iv/3tb3MQ8sYbb9Q+GgAonRAEAGgLEYC8//776YUXXkj33Xdf+v3vf5/OPvvsdMQRR6Rdd901bb311mnHHXdMe++9dzr44IPTz3/+83TzzTfn7TIAAEEIAgC0rJj9EdtZYvtLhBmPPfZYGjduXLr44ovT8ccfn/bff/+0zTbbpDXXXDOtsMIKabXVVksbbrhh2n777dNhhx2WrrjiivTcc8/VPhsAUDohCADQkqrOj9jO8vTTT+etLTHro+r+GDNmTNp4443TSiutlBZffPE0//zzp0UXXTSNGDEijRo1Ku2+++7p3HPPzXNDAACCEAQAaCnR/fHhhx+m119/PYcff/nLX9J1112Xuz9OOumk9KMf/Shtu+22OehYZpll0oILLphmmWWWNMMMM+Q/Iwz53ve+lzbbbLM8KySuFgMAEIQgAEDLiO6PDz74IAcgjz/+eLrrrrvSNddck+d7HHnkkWmPPfZIm266aVp11VXT8OHDc+AxaNCg1Ldv39S7d+809dRTp4EDB+a3r7766vljIkQBAAhCEACgJXz88cfpzTffTM8//3x66KGHcvdHbGc59thj87DT6P5Yd91103LLLZe3vcw555xpxhlnTP369UuTTz55mmSSSVKPHj3SVFNNlWaeeebcDRIzQ+65557aVwAASicEAQCapn7waVz15cEHH0y33HJLuvzyy/Pg0wMOOCDtsMMOaf31108rr7xyGjZsWFpggQXSrLPOmqaddtoceEwxxRQ5AJlooonSpJNOmjtCohsk5oTEx/7617/Oc0FisGp8neg2AQDKJAQBAJqifvDpU089lbe+xNVcqq0vO+20U77SS2x9WXrppdPCCy+c5phjjhxw9O/fP/Xs2TNNNtlkOfiIAOS73/1uDkN69eqVpptuuhyWbLDBBjlMufHGG3PA8sorr+SOEwCgTEIQAKBLVYNPX3vttfS3v/0t/elPf8pDT8eOHZv22muvtNVWW+XwY+TIkbnzY6GFFkqDBw/OQ0+j+2PKKafMAcjEE0+cg48IQP73f/83V/w9/i9CkviYVVZZJf3whz9Mv/rVr9Ktt96ann322dx5AgCUSQgCAHSZqvvjxRdfTPfee2/67W9/m0444YR8Odvo2lh22WXT0KFD02KLLZbmmmuuHHzE3I8IP2L4adX9ER0fEXr8z//8z2d/RkUoEv/fp0+fNNNMM+UQZfPNN8+dJbHFJkKXCGAAgDIJQQCALhEByLvvvpv+/ve/5wDkwgsvTIccckju/FhhhRXydpfZZ589hxfVlpeY+REzPmKLS1RsfYkOkOj4+M53vvOFqkKQaktMBCdxlZjoBtl1113TGWecke6///4cwgAAZRKCAABdIrahxHDSmM1x9dVXp8MOOyxf7jbmfcTWlQEDBuStLjHoNCo6OqIi9IiKcCNCjqjo/vh//+//5YoApPozgpAISKqrxEQnyZJLLpm31xx99NHpj3/8Yw5iAIAyCUEAgC4R21CefvrpdNttt6WzzjorbbfddmmZZZbJ3R+x1SUuc9tozke15aV6W7X15b//+78/q/pAJN4nPk/VDRLbamK+yH777Zf+8Ic/pLfffrt2iwCA0ghBAIAuEZenjS6QK6+8MndlrLXWWmneeefNAUh0fET4Ud/V0bGqAKT6d30IUh+GxPvE54qtM9FZMsMMM6RFFlkkXy73qquuSm+++WbtFgEApRGCAABd4p133kl33313Ou+889I+++yTllpqqTz7I7auRMDRMdio7+6IqgKQ6u3xPv/1X//1hY+Jqt63fltMXFp3k002yVehef3112u3CAAojRAEAOgS0YERl6k95ZRT0rbbbpuHlkanRgQgXxVqRFVhSBWAVO9fVf3HVe8b3SAxRyTmi0TYsvLKK6cTTzwxb8kBAMokBAEAukR0YFx//fV5K8z666+fBg0alLfBVIFGBBlVdQw2qnCj/t9R9R9TvX8VglSzQaIbJK40EwNSDzzwwPTXv/61dosAgNIIQQCALvHKK6+k3/zmN+mAAw7Il8SdZppp8paVLwszqj+/rDp+TPX+EYJEVbNBImiJLTFDhgxJu+++e7rrrrtqtwgAKI0QBADoEi+88EKeBxIDShdffPHUp0+fHFR8WaARVR96dKyvev/6bpDYEhNXipl55pnTeuutly644AJzQQCgUEIQAKBLPPfcc+n0009PG2+8cRo8eHDephJhRaMwo2N1DD+qPxtV9X5VN0h0m0QQEt0gw4cPT4ceemh69NFHa7cKACiJEAQA6BIxkPSYY45Jq666app++unzvI6vCjM6VhVu1P+7/v/r3x5V3w0SQUjPnj1z+LL99tuncePG1W4VAFASIQgA0CUee+yx9JOf/CQtvfTSuSsjwokvCzK+rMbn/asQpApCqtkg0Q0Sc0hWWmmldPLJJ6dnn322dssAgFIIQQCALvHII4+kvfbaKy288MJp8sknz10a3zQEqa+v+tj6EKTqBokgJLpB5plnnjyXJC7X+89//rN26wCAEghBAIAuEZem3XHHHfOWlNgKM77zQOprfEOTKgSpgpD6bpB+/frlq9OceOKJ6ZlnnqndOgCgBEIQAKBL3H///WnzzTdPM80003+0FeabVMcQJLpBqiAkukHmnXfetMsuu7hcLgAURggCAHSJCBxGjx6d53JEMNGZIUhUxyCkCkEmnXTSPJg1Lpd7+eWXp/fee692CwGA7k4IAgB0qpi78emnn6Z77703jRo1Km9HaUYIUnWDxJVievfunb7//e+nsWPH2hIDAAURggAAneqTTz5J//jHP9LDDz+cuy+qTpBGwcWEro5BSP2WmPnmmy/tscceOZwBAMogBAEAOtVHH32U3n///fToo4+m9ddfP0077bRNCUGiohuk2hIzcODAtOGGG6arr746hzQAQPcnBAEAOtWHH36Y3n777fT444+nLbfcMs0wwwy5IyNCiUbBxYSujiFItSVmyimnTMsvv3w65ZRT0gsvvFC7tQBAdyYEAQA61QcffJBef/319PTTT6eddtopDRo0qNOvDlNf9SFI/ZaYXr16pUUWWSQdeOCB6aGHHqrdWgCgOxOCAACdKrbCvPLKK+nJJ59M++23Xxo8eHDuxGhGCBJVbYnp0aNHmm222XJ3yvXXX58+/vjj2i0GALorIQgA0KmiE+Sll15Kjz32WDr22GPTwgsvnAOIrgpBoqoApLpKTHSiTDzxxGnqqafOW2JOPPHE9Oyzz9ZuMQDQXQlBAIBOFUNHIwT5v//7v3TeeeelESNGpD59+nTZcNSoKgSJqkKQ6EaJLTHzzz9/2nXXXdNdd91Vu8UAQHclBAEAOlVsM3n55ZdzJ8iVV16Z1llnnXyFmAgjIpRoFFpM6PqyECSuEjNgwIC09tpr54AmZpcAAN2XEAQA6FSffvppeu211/LVYW655Za08847p1lnnbVpc0EiBKmGo8aWmN69e6cll1wyHXTQQenhhx+u3WoAoDsSggAAneqf//xneuutt9ITTzyR7rjjjnT44YenBRdcME0++eRdFoJEVSFINRekCkHidlQDUq+77rq8fSeCm7jdAED3IgQBADrde++9ly+RG3M3Tj/99DyMNIaSRhjRKLDojOoYglRbYiaZZJLUt2/fNHLkyHTKKaekZ555Jg9z/eijjwQhANDNCEEAgE4XgcLzzz+f7rnnnnTBBRekTTfdNM0000xduiUmqgpCqi0x8fWrLTGLL754+slPfpLuu+++9MYbb+Tg5pNPPqndAwCgOxCCAACdLsKEmAvywAMPpKuuuirttddeaciQIalnz55NuUpMfM36uSBxO+aZZ5600047pRtuuCG98MILeUhqbI0BALoPIQgA0OliW8m7776bHn300XTttdfmuSArrLBC6t+/f96W0lXdIPUhSLUlJoKQHj16pJlnnjlttNFG6eKLL85DXF988cX0/vvv2xIDAN2IEAQA6BLRVfHss8+mm266Kf385z9Pm2yySb5KTFymtqu6QaoQJKo+BInbMM0006RVVlklzwX585//nJ566qn05ptv2hIDAN2IEAQA6BJxxZWYtRHDUc8999w0ZsyYtMgii6QpppiiywakduwEiS0xEYTElpg+ffqk4cOHp4MPPjgHNY888kh6+eWX8zwTAKB7EIIAAF0mtpdEuHDppZemAw88MC277LL5yixdtSWmPgSp5oJU3SBxqdy4dG+EM5dcckm68847P7tSDADQPQhBAIAuE1tL4ioxV155ZTr00EPTaqutlgYMGJBDiK4MQaogpOoGiYpL5Q4cODBfvnfPPffMW3ZiSGps4bElBgC6ByEIANCl3n777RwuxHDUNddcMwcPsR2lK0KQqPogpD4EiSAmtsTMP//8aYMNNkg//vGPcxBy4403ppdeeql26wGAdiYEAQC6VAxIvfXWW3MIstZaa6VBgwY1dThqfRASt2P66afPs0pWX331tOOOO6aTTjop3XPPPbbFAEA3IAQBALpUXHL2vvvuSz/72c/S6NGj0+DBg1PPnj1zGBHBRKPgYkJWfQhSbYmpKuaDxG2ZccYZ83yQVVddNe29997p8ssvTy+88ELtHgAA7UoIAgB0uaeffjqddtppaYsttkhDhgzJ21C6ejhqoyAkukEmmmiiNOWUU6ZZZpklLbHEEmmjjTZKY8eOTQ8++GDt1gMA7UoIAgB0uddeey1ddNFFaaeddkpDhw5N00wzTQ4fmrElpmMQEmFMjx498m2ac84504gRI9Luu++errrqqvT666/X7gEA0I6EIABAl3vvvffSbbfdli+Tu+KKK6aZZpopTTbZZDmEiFCiUXAxIav6Gh2DkKjoBolBrb17985Xrpl33nnTqFGj0nHHHZf+9re/1e4BANCOhCAAQFM8/vjj6YQTTshzQeaee+40xRRT5ACiK0KQqPqvU4Ug9d0gEcrEtpgZZpghLb744mmXXXZJ1157bb66DQDQnoQgAEBTxJaYyy67LG2//fZpscUWS3379s1bYroqBImqvlb8WQUhVTdI3JbYFtOrV6807bTTpqWWWirtt99+6d57763dAwCg3QhBAICmiEvl3n333emAAw5Iyy+/fO646MpL5UbVBy71IUjVDRJBSGyNiTBk4MCB+bK5p556anrmmWfSp59+mq90AwC0DyEIANA0zz77bDr55JPTuuuum+aYY440+eSTd9lckKqqrxV/flUQEh0h8803X+5cueWWW3IIIggBgPYiBAEAmuatt95Kv/3tb9MPfvCDNP/88+egoSvngkTVf60qBKn+jNvy3e9+Nwchk0wySerfv38e5HrSSSfly/x+8sknghAAaCNCEACgaSI8iK6KHXbYIXdZNKMTpGPF165CkKobpApCevbsmW/nzjvvnMaNG5c++uijHIQIQQCgPQhBAICmiOAg6vbbb88hSFwhpisvk/tVVR+ERDdItS0mZpbEkNRVVlklnXbaaXk7jyAEANqHEAQAaIoIDWIryUMPPZR22223tOCCC+ZOi67eDtOo6kOQRt0gQ4YMSbvvvnu644478oDXCELivgAArU0IAgA0TQQHzz//fL707CKLLNKUmSBfVvVBSMdukAEDBqQ111wznX322fn2RxCiGwQAWp8QBABoiggMIjh48cUX0+GHH56GDx+eppxyyhw2tFoIUnWDVB0h0Q2y0EILpT333DN3g7z//vs5CNENAgCtTQgCADRNhCDvvPNOOuuss9LKK6+c521EyBDBQ6NgoqurYzdI3LaouFJMdIOsscYa6cwzz8yzQQQhAND6hCAAQNNECBLzNK677rq00UYbpVlmmSUHDK0wHDWqUTdIFYT06NEjzzGJeSa33XZbDnM++OCD9PHHH9sWAwAtSggCADRNFYL89a9/TXvssUcOFVppLkhUfRBSzQapukGmm266tOqqq6af//zn6ZlnnknvvfeebhAAaGFCEACgaSIE+fDDD9OTTz6ZjjvuuDRixIjUr1+/PIA0QodWCELqQ5D62SBRcUnfBRZYII0ZMybdeuut6a233spBSAQ7ukEAoPUIQQCApomOiZilEcNRL7300jR69Oi8JSbChVbZEhNVBSFxm6pukKiJJ544zzFZZZVV0imnnJIef/zx9Pbbb+dgRzcIALQeIQgA0DTRLRGdEy+//HK66aab8paYuOpK7969c8jQaiFI1Q1SBSHxZwQ28803X9pll13SLbfckl5//fX07rvv5tkgAEBrEYIAAE0TIUh0gjz//PPpnnvuST/72c/Ssssum7srosuiVbbERFVBSKNukJgNsuaaa6Zzzz0335c333wzD0nVDQIArUUIAgA0VQwSje0wDzzwQL5U7tprr51mnnnmNOmkk7bklpj6bpAqDJl88snT4osvng488MB05513ppdeeinPB4nZIABA6xCCAABNFdtGIgS5++67069+9au02WabpTnnnDMHCxEytFoIElUfgkTFlWIGDRqUNtlkkzzb5LHHHkt///vfcxASw18BgNYgBAEAmiq2jLzyyivprrvuyiHINttsk+aff/7Up0+ffCnaVrtKTFTHbpC4nVNNNVVaeuml06GHHppuvvnm9Mgjj+SOkOh0AQBagxAEAGi6GCRadYLsvPPOackll0zTTDNN7rBopS0xUVUQ0rEbJLbvzDvvvGn77bdPF1xwQbrjjjvSE088ke8bANAahCAAQNPFJWUfeuihdOGFF6Z99903jRw5Ms8FiS0xMXOjHbpBYkDqTDPNlEaNGpWOO+64dN1116W//OUv6Y033qjdSwCg2YQgAEDTxVyQmKFx5ZVXpsMOOywHCfPMM0/eYhLhQqt0g9SHIFUQUoUgE000UerXr18aMWJE2n///dNFF12Uxo0bl++Xy+UCQGsQggAALSE6Jm6//fZ04oknpq233jotscQSacCAAWmyySbLIUMEDo2CiWZUfQhSdYNEx8oUU0yRFlpoobTtttumk08+OV199dV5Nsh7771Xu5cAQDMJQQCAlhBbYmKGRmyJ2XvvvdMKK6yQZpttttS7d++WGpAa1TEEqYKQCGziNkcny0EHHZTOP//8PPDVlhgAaA1CEACgZbz22mvplltuSUcddVRaf/310wILLJD69u3bsgNSO4YgsXVn+umnT9///vfTTjvtlLtB4koxcfUbAKD5hCAAQMuIbpD/+7//S2effXbaYYcd0vDhw/OWmB49euSQodVCkPogJG5fzAWJq9rE1W222mqr9LOf/SwPSI1L5QIAzScEAQBayquvvpquv/76tN9++312lZiePXu21FViojqGIFERgkTnSswF2WijjdKhhx6ah70+//zztXsHADSTEAQAaCnV5XLHjh2b1llnnTTHHHPkgaOtNhckqmMIErcxrmgz77zz5rkgBxxwQLrsssvSs88+W7t3AEAzCUEAgJYTMzTiErNbbLFFmm+++VKfPn2+cKncVglCqttSBSERgsRtHTx4cFp11VXTnnvumc4777z05JNP1u4ZANBMQhAAoOW8//776Y477kh77bVXGjZsWJ6zMemkk+a5G628JSZCkOhamWWWWdIyyyyT55qceeaZ6bHHHqvdMwCgmYQgAEBLevrpp9MJJ5yQOyoGDRqU54K0+qVy4/b16tUrzTjjjGno0KFp8803T6ecckp69NFHa/cKAGgmIQgA0JLeeOON9Lvf/S5ts802aciQIWnqqafOl8qtrhLTCkFIoxBk8sknz5fJXXTRRdMGG2yQjj/++PTwww/X7hUA0ExCEACgZUUHxRFHHJFWWGGF3F3Ryt0gEYLEFWzicr6xfWeBBRbIw1GPOeaY9OCDD9buEQDQTEIQAKBlxeVyr7rqqrTVVls17AZpFEp0ddWHIHG7YoBrzAUZMGBAWnjhhfNckKuvvjq9/fbbtXsFADSLEAQAaGmPPPLIF7pBYrtJdFy0SjdIFYLE7YkQZKKJJsq3sW/fvvnyvqNHj05nn312evHFF2v3CABoFiEIANDS4nK5HbtB6i+X2yiY6MqqD0GquSCTTTZZvlTuwIED04orrpjGjh2bnnjiido9AgCaRQgCALS8GCxa3w0SczdabUtMFYJEl0qENNENErNB4ioxBx54YPrLX/5SuzcAQLMIQQCAlhfdIJdffnnabLPN0lxzzZVnbkTY0GohSLUlJkKQCGr69euXFllkkbTPPvuke+65p3ZvAIBmEYIAAG3hgQceSHvvvXdaYokl0lRTTdVyIUgVhFRzQepDkD333DPdddddtXsCADSLEAQAaAvRDXLkkUemESNG5LkgMXujVUKQqCoEiS0xVQjSv3//fIWY3XbbLf3pT3+q3RMAoFmEIABAW/jwww/TT3/60/S9730vTTnllC01EySqPgSJgKY+BBkzZkwaN25c7Z4AAM0iBAEA2kZ0ggwfPjzPBGmXEGShhRZKO+20U7r11ltr9wIAaBYhCADQNqITZKmllkq9e/fOYUOrhiCxHaa6OkyEIDvuuGO6+eaba/cCAGgWIQgA0DYOOeSQPBi1V69ebRGCTDvttDkE2X777dONN95YuxcAQLMIQQCAtnHEEUekYcOGtfx2mCoEmW666fJMkO222y7dcMMNtXsBADSLEAQAaBtjx47NV4dptUvkRnUMQXr27JkGDBiQL5G77bbbpuuuu652LwCAZhGCAABt47TTTksjR45M/fr1a/lL5EYIMsMMM6TFFlsshyC///3va/cCAGgWIQgA0DbOP//8tMYaa+QOiwgaInRoFEg0oyIEiapCkJhbUoUg22yzTfrd735XuxcAQLMIQQCAtnHVVVelDTbYIM0000xpkkkmaekQJDpBpp9++rwdZsstt8y3HQBoLiEIANA2xo0blwOFOeaYI0022WQ5cGgUSDSj6kOQ2KrTo0ePfHWYIUOGpI033jhdfvnltXsBADSLEAQAaBsPPfRQGjNmTA4WotOila4QU4Ug0Z0SIUiENP3790/zzjtvGj16dLrkkktq9wIAaBYhCADQNl544YV0wAEHpCWXXDL16dOnpa4QUx+CxO2K7TpTTz11Gjx4cFp77bXTBRdcULsXAECzCEEAgLbx9ttvp6OPPjots8wyqW/fvi11hZj6ECQ6VCaeeOI05ZRTptlnnz2tttpq6ZxzzqndCwCgWYQgAEDb+Oijj9JJJ52UL5MbW01aMQSJihAkhqP27t07zTLLLGmllVZKZ555Zu1eAADNIgQBANpKhCArrLBCDkFacTtMVDUcdYoppshXslluueXSaaedVrsHAECzCEEAgLZShSD9+vVrqU6QqCoEqeaCxPDWGWaYIX3/+9/PtxsAaC4hCADQVo4//vjcWREzQVqpEySqPgSJLTFxmdwBAwak4cOH59sNADSXEAQAaCvHHntsWnbZZfOVV9ohBJluuunSsGHD0nHHHVe7BwBAswhBAIC28tOf/jSNGDEiTTXVVC0fgkw22WRp2mmnTUOHDk1jx46t3QMAoFmEIABAW2mXECSGowpBAKC1CEEAgLbxz3/+Mx199NF50GgVgkTg0CiQaEY1CkFiJshSSy2VTjjhhNq9AACaRQgCALSNTz/9tK1CkJgJMnDgwDzDxCVyAaD5hCAAQNtopxAkZoJMPvnkadCgQWnFFVdMZ555Zu1eAADNIgQBANrGxx9/nI466qi2CUF69uyZZp999rT66qunX/3qV7V7AQA0ixAEAGgbH3300RdCkO9+97s5cIjgoVEo0dXVMQTp1atXmmuuudI666yTLrrootq9AACaRQgCALSNdgpB4rb17ds3LbTQQmnTTTdNv/nNb2r3AgBoFiEIANA2Pvzww7YIQWIo6sQTT5xmnHHGfDnfU045pXYPAIBmEoIAAG3jgw8+SEceeeS/hSCNAolmVNUFElth4vK4c889d1p77bXT+eefX7sHAEAzCUEAgLbx/vvvp8MPPzx973vfS717927ZECQGtsbtW2KJJdLWW2+drrnmmto9AACaSQgCALSNd955Jx122GE5XIjLz8a2k1bZChNVvxVmlllmyZfGPeOMM2q3HgBoNiEIANA27r///nTIIYfkbSax3SQCh0ZhRDOqvgskApohQ4akjTbaKF122WW1Ww8ANJsQBABoCy+99FI68cQT07Bhw3LIEHM3GoURzagIQKoukIkmmihfFSa27MTtBQBahxAEAGgLN910U9pnn31Sv3798iyQVtsGExVdID169EjzzTdfHoh63nnn1W49ANAKhCAAQMt76qmn0umnn54WXnjhvA2mlQKQqKoLJGaBREgTXSA77rhjuvbaa2v3AABoBUIQAKDl7bvvvmmZZZbJ22AahRDNrPoukJ49e+ZZIOuuu67L4gJACxKCAAAt7Te/+U2addZZc5dFq3WARMVtivkkk0wySerfv38Oa3SBAEBrEoIAAC3riiuuSAsuuGAOGVo1AIkrwsSMkl69eqXZZpstd4GYBQIArUkIAgC0pLFjx6bBgwfnDotWDUCqLpCYUzLddNOlZZddNu2www7pmmuuqd0LAKCVCEEAgJby2GOPpa222ioNGDCg5a4CU19xu2IY6qSTTpq3wcw///xps802SxdddFHtngAArUYIAgC0jN/+9rdpo402Sn369MmDRmOrSaMAotkVAUjctokmmihNPfXUuWNl4403ThdccEHtngAArUgIAgA0XXR/7LPPPmmuueZK0047bct3gEQAEiFN79690yyzzJIviXvuuefW7g0A0KqEIABAU51zzjlp+PDhafbZZ8/hR2wxaeUAJCrmgPTo0SPNNNNMackll8z3AQBofUIQAKAp7rnnnrTBBhukoUOHpimmmCJ3VlQhQ6MAotlVH4DEHJCBAwemxRZbLJ111lm1ewQAtDohCADQpWLry8knn5w23XTTNOOMM+aOiioAaRQ+tErF7YttMHG1mumnnz4tvPDC6YwzzqjdKwCgHQhBAIAuE4NPjz322Nz9EVd/mXzyydsmAImK7TrTTDNNGjJkSNpll13S1VdfXbtnAEA7EIIAAJ0uuj+uuuqqtN122+UtJLGVpFevXnlrSRUwNAofWqGq2xe3NbbtxOySuITvFVdcUbt3AEC7EIIAAJ3q8ccfT2eeeWbafvvt01JLLZWvphIdINFV0aqXwK2qCkBiWGts25luuunSCiuskE4//fTavQMA2okQBADoNI888ki64IIL0p577plWXHHFHID06dMnz9WIzooIQVq9CyRu42STTZa3wcw///xp8803TxdffHHtHgIA7UQIAgB0imeeeSb97ne/S0cccURaddVV07zzzps7KaILZKKJJmr5EKQKQKJjpW/fvmmeeeZJm2yySbrwwgtr9xAAaDdCEABggnrvvffSq6++mm6++eZ06qmnpi222CItvfTSeZZGv3792iIEqQKQuI29e/dOs802W9poo43S+eefX7uXAEA7EoIAABPMxx9/nF5++eX04IMP5i6QAw88MI0ePTotscQSadZZZ80dFa0egsTtiYqr1kQAMvPMM6dhw4al8847r3YvAYB2JQQBACaYDz/8ML300kvpL3/5Szr77LPTD3/4wzRq1Ki0+OKL526K/v37p549e6aJJ564JUOQKgCJLTDVlWBimOu5555bu4cAQDsTggAAE8wnn3ySnn766XT77benX/7yl2m//fZL6623Xu6kGDx4cJ4JEuFCDEaNTotWDEEioJlyyinzENQY5upSuADQfQhBAIAJJrbDPPfcc+mPf/xjnp/xk5/8JA8THTFiRB4sOv300+ctJpNOOukXQpBmByHVbYhtOjG3JLbv7LrrrrV7BQB0F0IQAGCCiU6QV155Jd17773p0ksvTUcffXTadtttc0fFkCFD0owzzpi7LOKSs7Hl5Dvf+U5LdIPEbYjbNHDgwBzamP8BAN2TEAQAmKDeeeed9NBDD+XBqCeffHLabbfd0hprrJEWXXTRNMsss+ThqI3mgjQjCImvGUFMBCCxXSdu65VXXlm7JwBAdyMEAQAmqBiO+tRTT+VL5MZckP333z+tv/76afjw4Z/NBam2xFTdIM0IQeLrVVeAWWWVVdJll11WuwcAQHclBAEAJqhPP/00vfbaa+mee+7JwcKRRx6ZttpqqzRy5Mi8JSYuOftl3SCNworOqPhaMf8jtudccMEFtVsOAHR3QhAAYIJ7//3306OPPpquvfbadMopp6Q999wzrb322mno0KFpzjnn/MJVYro6BImvE193wQUXzLcPACiHEAQAmOA++uij9Pzzz6dx48blIaOHHHJI2mKLLdJyyy2X5ptvvjyAtE+fPl1+lZj4Oj169Eirrrpq7ZYCACURggAAneKtt95Kf/7zn/Og0eOOOy6NGTMmrbbaamnhhRdOgwYNSlNPPXUOJGIuSFd0g8Tnn3baadNee+1Vu4UAQGmEIABAp6gGpN54443prLPOSvvtt18aPXp03hIzxxxz5EAitsTUD0jtjCAkPl98/gheIogBAMolBAEAOkXHAalHHHFE2nrrrdPyyy+fFlhggS8MSI0ZHbEtZkIHIfG54vNH98nOO+9cu2UAQKmEIABAp6kfkHrqqafmrSjrrLNOGjZsWJp77rnTDDPMkKaaaqq8LSau1jKhtsXEx0eoEnNH4tK8tsAAAEEIAgB0mo8//ji9+OKL6Y9//GO66KKL8uVyt9lmm7TKKqukRRZZJM0666ypX79+E+xyufFx0U0SoUpc/naTTTZJ559/fu3WAAClE4IAAJ3qnXfeSQ8++GC65ppr/q0bJC6XG7NBevXq9a1CkHj/+LjJJpssX353zTXXTMcee2y+Mg0AQEUIAgB0qn/84x/pueeeS7fddls699xz08EHH5w222yztMwyy6R55pknTT/99HlAajUXpApBxicIqcKP+NjoKFl00UXTD37wgzyINa5KAwBQTwgCAHS6N998M18u94orrsgdGjvuuGNaaaWV0pAhQ/K2lWouyPhcJaYKSOL9onskLrUb22o23njjdNppp6Vf//rXta8KAPBFQhAAoNPF5XIff/zxdMMNN6Sf//znae+9985bYpZccsk0++yzp2mmmSZviYmOjghCqm0xHSuCj+gWicvqRufHbLPNlud+nHDCCenCCy+sfTUAgMaEIABAp/vkk0/SK6+8ku644448IPXQQw9Nm2++eRo5cmRaaKGFcidHzAaZcsopcxgSXSEx3yPCjghGouLv0fUx00wz5Xki++23XzrmmGPSOeeck68+AwDwdYQgAECXePfdd9PDDz+cA4vYtrLPPvukTTfdNK288spp6NChab755sudHRFyxJyQCEUGDBiQ3xaX041L3Y4ZMybPFDnxxBPzfJGrrrqq9tkBAL6eEAQA6BIfffRReuGFF9IDDzyQ/vCHP6RLLrkkhyFHHXVU7urYaaed8sDUCEbizy233DJtu+226ZBDDklHH310Ov744/NWmssuuyzddNNNtc8KADD+hCAAQJeJy+U+//zz6dFHH0133313uvnmm/Olc2OY6fnnn59++ctf5iu7nH322bnTI+Z8XH755el3v/tdfl8AgG9DCAIAdJm4XO4bb7yRg5AnnngiPfTQQ+n+++9Pd955Z76EbnR43HLLLWncuHH5bfF/AAATihAEAAAAKIIQBAAAACiCEAQAAAAoghAEAAAAKIIQBAAAACiCEAQAAAAoghAEAAAAKIIQBAAAACiCEAQAAAAoghAEAAAAKIIQBAAAACiCEAQAAAAoghAEAAAAKIIQBAAAACiCEAQAAAAoghAEAAAAKIIQBAAAACiCEAQAAAAoghAEAAAAKIIQBAAAACiCEAQAAAAoghAEAAAAKIIQBAAAACiCEAQAAAAoghAEAAAAKIIQBAAAACiCEAQAAAAoghAEAAAAKIIQBAAAACiCEAQAAAAoghAEAAAAKIIQBAAAACiCEAQAAAAoghAEAAAAKIIQBAAAACiCEAQAAAAoghAEAAAAKIIQBAAAACiCEAQAAAAoghAEAAAAKIIQBAAAACiCEAQAAAAoghAEAAAAKIIQBAAAACiCEAQAAAAoghAEAAAAKIIQBAAAACiCEAQAAAAoghAEAAAAKIIQBAAAACiCEAQAAAAoghAEAAAAKIIQBAAAACiCEAQAAAAoghAEAAAAKIIQBAAAACiCEAQAAAAoghAEAAAAKIIQBAAAACiCEAQAAAAoghAEAAAAKIIQBAAAACiCEAQAAAAoghAEAAAAKIIQBAAAACiCEAQAAAAoghAEAAAAKIIQBAAAACiCEAQAAAAoghAEAAAAKIIQBAAAACiCEAQAAAAoghAEAAAAKIIQBAAAACiCEAQAAAAoghAEAAAAKIIQBAAAACiCEAQAAAAoghAEAAAAKIIQBAAAACiCEAQAAAAoghAEAAAAKIIQBAAAACiCEAQAAAAoghAEAAAAKIIQBAAAACiCEAQAAAAoghAEAAAAKIIQBAAAACiCEAQAAAAoghAEAAAAKIIQBAAAACiCEAQAAAAoghAEAAAAKIIQBAAAACiCEAQAAAAoghAEAAAAKIIQBAAAACiCEAQAAAAoghAEAAAAKIIQBAAAACiCEAQAAAAoghAEAAAAKIIQBAAAACiCEAQAAAAoghAEAAAAKIIQBAAAACiCEAQAAAAoghAEAAAAKIIQBAAAACiCEAQAAAAoghAEAAAAKIIQBAAAACiCEAQAAAAoghAEAAAAKIIQBAAAACiCEAQAAAAoghAEAAAAKIIQBAAAACiCEAQAAAAoghAEAAAAKIIQBAAAACiCEAQAAAAoghAEAAAAKIIQBAAAACiCEAQAAAAoghAEAAAAKIIQBAAAACiCEAQAAAAoghAEAAAAKIIQBAAAACiCEAQAAAAoghAEAAAAKIIQBAAAACiCEAQAAAAoghAEAAAAKIIQBAAAACiCEAQAAAAoghAEAAAAKIIQBAAAACiCEAQAAAAoghAEAAAAKIIQBAAAACiCEAQAAAAoghAEAAAAKIIQBAAAACiCEAQAAAAoghAEAAAAKIIQBAAAACiCEAQAAAAoghAEAAAAKIIQBAAAACiCEAQAAAAoghAEAAAAKIIQBAAAACiCEAQAAAAoghAEAAAAKIIQBAAAACiCEAQAAAAoghAEAAAAKIIQBAAAACiCEAQAAAAoghAEAAAAKIIQBAAAACiCEAQAAAAoghAEAAAAKIIQBAAAACiCEAQAAAAoghAEAAAAKIIQBAAAACiCEAQAAAAoghAEAAAAKIIQBAAAACiCEAQAAAAoghAEAAAAKIIQBAAAACiCEAQAAAAoghAEAAAAKIIQBAAAACiCEAQAAAAoghAEAAAAKIIQBAAAACiCEAQAAAAoghAEAAAAKIIQBAAAACiCEAQAAAAoghAEAAAAKIIQBAAAACiCEAQAAAAoghAEAAAAKIIQBAAAACiCEAQAAAAoghAEAAAAKIIQBAAAACiCEAQAAAAoghAEAAAAKIIQBAAAACiCEAQAAAAoghAEAAAAKIIQBAAAACiCEAQAAAAoghAEAAAAKIIQBAAAACiCEAQAAAAoghAEAAAAKIIQBAAAACiCEAQAAAAoghAEAAAAKIIQBAAAACiCEAQAAAAoghAEAAAAKIIQBAAAACiCEAQAAAAoghAEAAAAKIIQBAAAACiCEAQAAAAoghAEAAAAKIIQBAAAACiCEAQAAAAoghAEAAAAKIIQBAAAACiCEAQAAAAoghAEAAAAKIIQBAAAACiCEAQAAAAoghAEAAAAKIIQBAAAACiCEAQAAAAoghAEAAAAKIIQBAAAACiCEAQAAAAoghAEAAAAKIIQBAAAACiCEAQAAAAoghAEAAAAKIIQBAAAACiCEAQAAAAoghAEAAAAKIIQBAAAACiCEAQAAAAoghAEAAAAKIIQBAAAACiCEAQAAAAoghAEAAAAKIIQBAAAACiCEAQAAAAoghAEAAAAKIIQBAAAACiCEAQAAAAoghAEAAAAKIIQBAAAACiCEAQAAAAoghAEAAAAKIIQBAAAACiCEAQAAAAoghAEAAAAKIIQBAAAACiCEAQAAAAoghAEAAAAKIIQBAAAACiCEAQAAAAoghAEAAAAKIIQBAAAACiCEAQAAAAoghAEAAAAKIIQBAAAACiCEAQAAAAoghAEAAAAKIIQBAAAACiCEAQAAAAoghAEAAAAKIIQBAAAACiCEAQAAAAoghAEAAAAKIIQBAAAACiCEAQAAAAoghAEAAAAKIIQBAAAACiCEAQAAAAoghAEAAAAKIIQBAAAACiCEAQAAAAoghAEAAAAKIIQBAAAACiCEAQAAAAoghAEAAAAKIIQBAAAACiCEAQAAAAoghAEAAAAKIIQBAAAACiCEAQAAAAoghAEAAAAKIIQBAAAACiCEAQAAAAoghAEAAAAKIIQBAAAACiCEAQAAAAoghAEAAAAKIIQBAAAACiCEAQAAAAoghAEAAAAKIIQBAAAACiCEAQAAAAoghAEAAAAKIIQBAAAACiCEAQAAAAoghAEAAAAKIIQBAAAACiCEAQAAAAoghAEAAAAKIIQBAAAACiCEAQAAAAoghAEAAAAKIIQBAAAACiCEAQAAAAoghAEAAAAKIIQBAAAACiCEAQAAAAoghAEAAAAKIIQBAAAACiCEAQAAAAoghAEAAAAKIIQBAAAACiCEAQAAAAoghAEAAAAKIIQBAAAACiCEAQAAAAoghAEAAAAKIIQBAAAACiCEAQAAAAoghAEAAAAKIIQBAAAACiCEAQAAAAoghAEAAAAKIIQBAAAACiCEAQAAAAoghAEAAAAKIIQBAAAACiCEAQAAAAoghAEAAAAKIIQBAAAACiCEAQAAAAoghAEAAAAKIIQBAAAACiCEAQAAAAoghAEAAAAKIIQBAAAACiCEAQAAAAoghAEAAAAKIIQBAAAACiCEAQAAAAoghAEAAAAKIIQBAAAACiCEAQAAAAoghAEAAAAKIIQBAAAACiCEAQAAAAoghAEAAAAKIIQBAAAACiCEAQAAAAoghAEAAAAKIIQBAAAACiCEAQAAAAoghAEAAAAKIIQBAAAACiCEAQAAAAoghAEAAAAKIIQBAAAACiCEAQAAAAoghAEAAAAKIIQBAAAACiCEAQAAAAoghAEAAAAKIIQBAAAACiCEAQAAAAoghAEAAAAKIIQBAAAACiCEAQAAAAoghAEAAAAKIIQBAAAACiCEAQAAAAoghAEAAAAKIIQBAAAACiCEAQAAAAoghAEAAAAKIIQBAAAACiCEAQAAAAoghAEAAAAKIIQBAAAACiCEAQAAAAoghAEAAAAKIIQBAAAACiCEAQAAAAoQEr/H/P0J9+vaHPhAAAAAElFTkSuQmCC'),('pbkdf2_sha256$1000000$KuvGcTNB6mE7wkTPH0MBEY$09IfenHKLmY6mkBRNN8FHvsk0/vTHEI/7duJimMAy8E=',NULL,0,'td1','','','dt@gmail.com',0,1,'2026-04-03 02:14:04.199902',15,'Lê Đức Tài','NhaTuyenDung',1,NULL,'','',1,'data:image/jpeg;base64,/9j/4AAQSkZJRgABAQAAAQABAAD/4gHYSUNDX1BST0ZJTEUAAQEAAAHIbGNtcwIQAABtbnRyUkdCIFhZWiAH4gADABQACQAOAB1hY3NwTVNGVAAAAABzYXdzY3RybAAAAAAAAAAAAAAAAAAA9tYAAQAAAADTLWhhbmSdkQA9QICwPUB0LIGepSKOAAAAAAAAAAAAAAAAAAAAAAAAAAAAAAAAAAAAAAAAAAlkZXNjAAAA8AAAABxjcHJ0AAABDAAAAAx3dHB0AAABGAAAABRyWFlaAAABLAAAABRnWFlaAAABQAAAABRiWFlaAAABVAAAABRyVFJDAAABaAAAAGBnVFJDAAABaAAAAGBiVFJDAAABaAAAAGBkZXNjAAAAAAAAAAV1UkdCAAAAAAAAAAAAAAAAdGV4dAAAAABDQzAAWFlaIAAAAAAAAPNUAAEAAAABFslYWVogAAAAAAAAb6AAADjyAAADj1hZWiAAAAAAAABilgAAt4kAABjaWFlaIAAAAAAAACSgAAAPhQAAtsRjdXJ2AAAAAAAAACoAAAB8APgBnAJ1A4MEyQZOCBIKGAxiDvQRzxT2GGocLiBDJKwpai5+M+s5sz/WRldNNlR2XBdkHWyGdVZ+jYgskjacq6eMstu+mcrH12Xkd/H5////2wBDAAEBAQEBAQEBAQEBAQEBAQEBAQEBAQEBAQEBAQEBAQEBAQEBAQEBAQEBAQEBAQEBAQEBAQEBAQEBAQEBAQEBAQH/2wBDAQEBAQEBAQEBAQEBAQEBAQEBAQEBAQEBAQEBAQEBAQEBAQEBAQEBAQEBAQEBAQEBAQEBAQEBAQEBAQEBAQEBAQH/wAARCAGiAewDASIAAhEBAxEB/8QAHwAAAQUBAQEBAQEAAAAAAAAAAAECAwQFBgcICQoL/8QAtRAAAgEDAwIEAwUFBAQAAAF9AQIDAAQRBRIhMUEGE1FhByJxFDKBkaEII0KxwRVS0fAkM2JyggkKFhcYGRolJicoKSo0NTY3ODk6Q0RFRkdISUpTVFVWV1hZWmNkZWZnaGlqc3R1dnd4eXqDhIWGh4iJipKTlJWWl5iZmqKjpKWmp6ipqrKztLW2t7i5usLDxMXGx8jJytLT1NXW19jZ2uHi4+Tl5ufo6erx8vP09fb3+Pn6/8QAHwEAAwEBAQEBAQEBAQAAAAAAAAECAwQFBgcICQoL/8QAtREAAgECBAQDBAcFBAQAAQJ3AAECAxEEBSExBhJBUQdhcRMiMoEIFEKRobHBCSMzUvAVYnLRChYkNOEl8RcYGRomJygpKjU2Nzg5OkNERUZHSElKU1RVVldYWVpjZGVmZ2hpanN0dXZ3eHl6goOEhYaHiImKkpOUlZaXmJmaoqOkpaanqKmqsrO0tba3uLm6wsPExcbHyMnK0tPU1dbX2Nna4uPk5ebn6Onq8vP09fb3+Pn6/9oADAMBAAIRAxEAPwD9/f8Ag2r/AOURn7Pf/Yx/Fz/1bXiWv3rr8Ev+DaH/AJRF/s9e/iP4vf8Aq2PE1fvrXRX+Jr+9+S/4JzfV15fh/wDIlerFFFc50hRRRQAUUUUAFFFFABRRRQdAUUUUHOFFFFABRRRQAUUUUAfMnxM8A+Ktd8RWeqw3mLS01Af2eMjPOev6/kfSvcPCun6pY6XaWeq3gvDjrgZx1xnrjv8A/XPPR0V0HOWKKKK5zoCiiigAooooAKK5u/8AEel2M3+mnHb1H1weuPT6ZJrJuPiZ4QgH7+/A7/dB9e+R+XvXOB3VFeYzfGHwCOusDoegx2+p/HH4d6wp/jt8PIP9ffX49PkJ/wDZxj/69c4HtdFfPt5+0T4BtphADf3VnjnUEQBMn2yG/wDHhwOmKX/hpH4ZY/favqNqfRtKcj35O6ucD6BqvXzncftM/DiHAsrvUL0+4z+h/Dr+Hvk/8NMeFJ8T6TZajd2YH/EwOoDG3thfQY7dOOmOKj6qu6/H/MD6io8j3/X/AOtXzxY/tMfDqeX7PO2oWR9b9cfzLf8A6vyrY/4aF+Eot/Pm8YabaWmMc8fyzj8B1+lWB7fUE3Q/Qfzr50sf2p/gRfXF5BY/Ejw7eCz/AOQj/wATfv8ATjn0OOx610dj+0L8HLgedB478OkEH/mL59//AKwz9Mda1+qruvx/zOg9iuOh+p/mKZXlT/G34dSizFn4m0y+N4eP7N1RdVwB2wpwf0+nr0Fj4/8ACt9xB4k0707fhzjn+frR9VXdfj/mbq9tdztasVzH/CR6J/0GdO/75FbkE8FxB58H+f8AP+fazF1297v1/wD2h9fPviPXLGC+8gfz/H15/wA969+vZ4LGDz5/1/X37/z4OK+EfGXjGf8A4SPV/wDP9f8AH+gjC7P0/VnNidb28/8A249U/t2w/wBr8/8A69EGrQT9v/1/j6D/AOtXhEHiqf16/h26/mMe3frW5BrnX8fT2/x/znnrOc9p+2e//jtTf2tB6foP/ia8lg1zpz6f15wf0P4mr0Guf5/H/Prn8OOj6z5/j/8AbHR9Z8/x/wDtj1qC+/z+XX/PpnnFeneFJ/Pg9/8APXuOvp6mvmWDXOv49/p7/wAq9i+HOqm+vvI68Y/E/wBB78VznOe7wQgd+pP/ANf+X/6up8x8UkQ+KfDR6btQyPoef69/y6CvTa8W8U3s03jDw0B0/tAAD0HQD8Mf/qrkxWy9P1R0Yb7Py/8AbTltVnuIPipeeR/1CPw/r/8AWpPiZb+d4+8NTen0/M8fT2FfPXxT134m2P7TOjWWhWefDRGj/wBokHggjjoPTOP8MV9G/E3/AJHLw39T/wChLXP9VT2a/H/M9Dz/AK1NTVtCg/4W14c1TGbw6aR/aA7j0545xg847YFd/wCItVhgsbueyI3AYJ9/YZ9+f6VzvinyYPGPg+cjpp59/ofY4x+dcr4V1bSvFWq+MNDgvP8ATNH8Rd+Pf+R7duvPA6Vlz0d+z+0/0/X5mH1h+fbr/wDJF7wr4qvtVvrzSpx/zDvrge359R+Ixiua1bS7HVfhPq1tPyLTxA7E4yQVKAD8Q2fwzVSCCfQ/jhZ6V/y53nh0/wCPPfp/kV1NiPP8EeMIMf8AMRIyfU4/Tr/niupaJLsbPy8vuvr+B6V4WgFl4d0eCHtp4x9SM4Prk4BPp+dfmz8WP+R51j/fT+Rr9K/DH/IC0f8A7B6/yWvzM+LH/I86x/vp/I1zV94+j/M9Gh9pabp32bve33aL/hz57/4NqP8AlEX+zx/2Mfxe/wDVseJ6/e2vwS/4NqP+URf7PH/Yx/F7/wBWx4nr95a9muvfb/vW+9f8A+fLFFFFc4BRRRQAUUUUAFFFFABRRRQAUUUUAFFFFABRRRQAUUUUAFFFFABRRRQAUUUUAFFFFc2I2+X6SArTWNlOD51qD+H+B6/QVTn0qx6/Yx/nj8sf/X5xW7VemBzkGlWE2f8AQ/zI/H/P168Ve/sHSu1kf0/xqvf65pWiAz315jI9u4+vOffHT2r56+I37UPw58AfbPt3iTTv9DPP6fkPeucD3G9vdDsP3E/9nWnft/IAfgefb3+Sfjv+0Z8Ofg7BeT3w069vLPTf+Qd2/L/Ht0NfBfxx/btuPEd9rEHgfWNNs9Hs9O/4mP8AxN+nX/P+cV/Mt+1R+354x8VeMdYsbHWNRvLIf8S46j+OPy46VOGw3/D9f669v0D93PH/APwVXm/4/wCDw34ds7MjPP8A0CB/jXgGuf8ABWWDVYP3Fl9jsz/zDv8APpxn/wCua/mY1z9qjxHPmxnvP9DPAP5/1HHr6da8d8R/FvXL79/Y3n+h8Y9PXn2/z06dP1Zdl93/ANr5r7zoP6RfiN/wVJnvrH9xZf8AMO/s706d+/rx618W/Eb/AIKdzz+FbPSoB/zDv7O9D+hH41+I0/xb1WCC8885+2e36c+/X8a8O1XxxN55/wBMHvwev9frQsOk09NPT/5ENz7v8cftieP5xef8I5efY/tnQ/nj+deEQftp/GnSp/3HjDUc44/D/Pf0zXyTqvirzx169fbP+f8APNec32uT/wD6+MD1/wA/kOg9FaJLsdX1b+8//Jf8/NfefrZ4A/4KoftC+B76zng8Sf8AHn/nnp/h7dq/Vf4A/wDBwP4q8OQfYfiN4b07WLP/AJCOo6jn/PXt068V/JF/atx6D8//AK1XLHXJ4P8Al8/z25/nn0Fc5yn+gZ4V/wCDg39nq9vvB0E/+hfbD/xMf8jGCOeQfbtkfuP8Cf2/PgD8YoNHg8OeMNOJ1jTtI/w/l369Oor/ACQYPEfkT/8AH51z1/z06ew9zX1v8D/2tvH/AMHdVs9V0PxJqP8Aof8AyDtO/tf/APV0/Q+pFedicNZ+ffrp93r2/XnxPW3na3/b2x/rwar4q8OT6HeeRrGnXnXPb0/n6D6ivzn8Y33/ABVWsfh/M/r+vXvmv42vgt/wWy+OFjqvhv8A4SrxJ9j0f/kHf8hbjv7/AOcYr9lvhJ/wVl/Z5+OGuWfhyy1jxneeMMc/8SjQP+Quec/8jJ7fyqcMmr3XT9QP1zgvvw/L17e/pjvn3rVg1X/A5H4ZP9fwPtXknhzxHY6rBZzwXn/H5/zDun4Z+v8AXNdV9ouPb/P/AAKus5z0aDVfr/8Ar/mf/rjtU8Gudfx7/T3/AJV5n9um9f5f4VP9uHv+tB0fVvL8P/tT03+3f85/+vXsPwd8R/8AFY+Rj/mHdPz4/wA/nXyhPq319fp3/AD9Afeux+DviPyPH+j+f/n8P8449c0HOfq7B3/H+ledeI/I/tzR5/8AqI/55+n+e1em15j4q/5Cln/2ED/NaWI2+X6M6Dyrxtod7/wtKx1W36bRj8sfjnI9+1eW/tGfE2fwP8RvB8HH2O898f5PT8K7/wAb+KvP+LVnodlz9j/sjP8APj2/p9K8B/aF+Emq+MfjT4P13VrwXvhuz07SPr/bHQH6fn15Hpy4br6fqdB79reqTeKfFPg/VLDizs9P0k492JZuvuWPXHPWuq8K+Dp/DnjHxJfQf8eesaj/AGjqOf8AoL9Omc+3X8O9c5faVBofiPwhpUH/AB53n9kfljA6fh3r6Smgg86756jPT1/z6H+len9aS+1b5/8A2xz/AFbXbXfbt/26eZ6t4V8/x/o/jGD/AJdNO/s7+WPz44x9aw/Cv/IuePILjj/iZf5+mfz59q9lryjQ/wDkFePJ/wDH34+h+n/1y67/ANf00B6L4Wx/YlnMc59Py/yf09K/OX422ZtfiLrkPHytH/7P161+jPhP/kXdI+i/+z1+fHx6/wCSjal/162v85q86vvH0f5noa/1/Xc+Tv8Ag2r/AOURn7Pf/Yx/Fz/1bXiWv3jr8HP+Dav/AJRGfs9/9jH8XP8A1bXiWv3jr2a/xS/xfozxyxVerFV65wCiiig5wooooAKKKKACiiigAooooAKKKKACiiigAooooAKKKKDfD7fL9Iliiq9WKqUeW2t7nSFcPqvirSdDg+0X152/z+nv2713FfHfxivvIn8nj2/z2z/j+HJiL207f5geqT/GLw5/yw1jgdPpn8v8+teU+Of2wvCng++NhF4b8ReJQRg3/h/+wSvrnnxHk/ngema+fdK1yCCC8/009Pp7/wCeR265r85v2ofHEGh+OLOe/wDEeo/6Zj/kHY7/AOc89fwxWAH6Z67/AMFENK0ux+22Xwr+Il5eEYOnDSdCB/76HiXPp0x/j5nP/wAFSLAw3dlP8K/EXhu9AJH/AAkR9evHQ/Qg/hXyF4HsdUg8Of8ACf8AiPWNRs9H/s7/AIl2najxq/8AUccc/wD66/Kj9tL9oWfxHY3mleB/EgsrzRtO/wCJj/nuaLPt/X9NAfoz8fv+Cmmq6V/oP/Exs/8AiY9c9Ovf169vXtnP4fftQ/twarP44/0G81H7H/Z2MexPH/1/0r4Y1z9qHXNVsfsM95/plmfx9B6cjH+e/wAheJPHE/iO++3X31/zxjJH88Z4Fb4bDPz/AM/0289tulun6u/P8f8A5E+r5/2qPHEF9rF9Y6x/yGP+YcenXj8up9/rXyF448VT6rf3l9PeD/TPTvx6fX16frXK33iPyPxI/Pn/AD6+tcBquuefx/n/AA55645/Kvaw2G/H/hvJ7/O789eZYazT5dvL/wC1NWfVfPn6cf54/H36fyvCfyLHOOvTt/TjjvmvK/t37/8ADr/nnH6VPca5+4/z6nnI6fpn9K9P6quy/r/t7yX3BidLpdL27/aJ/EmqwQH9x/j9cD+f+JrxbVpzP64785/z9fx5zXR65fefB7fTr7/56+vauHnn/wA+n88Yz/k9PNxOG/4fp/XXv+nOZXnT+35LVG46H6n+Yqeef/Pr/LOcf5HWrXN9Xfn+P/yJ03fd/wBf8MvuM+rFFFc31by/D/7U3GW/UfQfyNas995H5+v6Y/rjtWLTeJ/Tp+AH+fxBrnr9Pl+p1fVv7z/8l/z81952Njqt9Pmee8/z0xx/nk9a9i8AfEbVfB2uWeuaVefY7yz/AOJjp3P9fp+mcmvnqCeeAj/Pr+Pf39/aeCf9/wCf+XXv3/T6fhW8dl6L8jlP69P2NP8Ags74H0rStH8K/Gn/AI/MHTv+EjH+P51+/wD8JP2jPhz8aYDP4O8SeHbwf9A7+1/8fr6jHXFf5lFvfT/aPPgvPsef19x/k/TtX2J+yF+1f4+/ZX+I2j+OND1jUbz7H/a3/Ev1HV+P+Jx/n3615yxOqVktbdf8jr+rX6v8P8z/AEguP9f+n6/l+v8AKsSe+8j8/X9Mf1x2r8af2O/+Cufw5+OP2LQ/GN5/wjescfXv7f0Ga/V+41yDVYLO+0O8+2Wd5n/iYn8+nf8AyM4r0U7pPurnIdTPf9P8+v8Anj3x3rc+Fd//AMV/o/8A2Ef8/j+teZfbv3GOOuf8nrn9c/nWr4AvvI8caP1/5CP9fx5zn8f1YH7xWM/nwcn/ACc8+3+etfNvx38VX2lar4b0nQwLvWLvURxxx07eg7e/TNe7+Dr7z9Ks/T0/Tj/Pocehqvg7w5f6raa5fWY+2WfTjI9R9QOe549O/N9XXl/X/bpzn5+Qa5PpXxi+w+Kj/wATi8/sj+zj9P59ff8Ax+ofjSP+RPnx/wAxHt+PXg/17fjwHxp8G6VffEbR/EZ0cfbbQ6R/xMf/AKw7+p/l0ruPjF+/g8H/AM/oPw9efb3Fc90uqVv6/VHQteh2viGKE3Hw7veyOF/Aoj88cjLHHtxXpE//AB8XX0WuB8R/804/6/1/9MT13J/4+L3/AD2NeHmOJ1Wt9V1fddr219Ng3HV5D4d/f2PjyD9fp/h6+v4Y9aP/AB8nv7fjXlfg/wDfX3jux9/TjkEfqcfyrpwuJbtdt9dfl6eXXtbsdTw2l7vp22b33PRvC377QtIPop+nGT7cfh+nX5E+MehQXPji9l/vWtt3x0MtfWvg840m0gz2Oc98fQ/09a+ZPi9DP/wmt5z/AMu1t6+snvXqGi+Jrpa6X5v779f+B+cv/Btb/wAoi/2ev+xj+Lv/AKtjxNX7y1+DX/Btb/yiL/Z6/wCxj+Lv/q2PE1fvLXsV/il/i/RnzIUUUVzgFFFFABRRRQAUUUUAFFFFABRRRQAUUUUAFFFFABRRRQAUUUUHQEHf8f6VYqvR5/t+n/16ALFfPXxT+Gd74jgvJ7c9eQfY9/6d8Z619C1XuP8Aj0uv91quD3+X5pfqdB+C3xN1WfwdfXh1W8+x/Y/8Pr/kcDBriNK1XQ/HNjeeI/FWj6dZ+G/Denc+IvEWkZ7Z7/4emK+rvjh8JIPHHjHz76z1L+yLz+1/7RPb+eD9fWvwP/4KP/te6V4cg/4U74V/4k/hvw3/AMS7UfXV+uPqevIqAOb/AGvv+CiOh319eaVpX+hiz/4l2nadpx/D8M/TjoK/D/xV8XL7xVqusX3/AB5/bCfpx+XX3rzjxHrn9uX17ffbDec/j+fTOOv/ANauIv5/s8Hnnnr9fx4xx+VdOH3+f6xD6z5/j/8AbHnOuX08F9env9T+B/D3Ge9cdPfT/wCfx/l79z9Kn8R337/8uuP8/T26d65vz/b9P/r1udOGxP8Al62/H8PTyW+nPtx9Pz6dPfp7dq5y+nx7dPb/AB/Dv+Nbc3Q/Qfzrm77r+B/kawTtb1vb+vQRz3n+R/L69+ntn+v0pecff8hVe+n8j8x3/p+f19K5T+1v3+OOvXt9Pp7frXprEWSV9lbb/wC1A6S87/8AAa4y+6/gf5Gr899/n8+n+fXHOa52ef8Az6/yznH+R15cTifn5f1rvp3u/v5yCef/AD/n/wCsMDsBzR+0H1H5j/Ci46n6H+QqlXKBP5x9/wAhUHn+36f/AF6m/wCWP/Av61RoAsef7fp/9ejz/b9P/r1Xg/1P/fX8zRXPietvP/246bvu/wCv+GX3F6C4879c8f5/r3q9bdv8/wB6suDv+P8AStS27f5/vUYbp8v/AG0MRv8AP/5IvQT/AOfT+eMZ/wAjpegn/qOf8/iQPqO4rKt+g+o/malo+q+X4f8A2pzfWvP8f/tj1bwP4x1Xw5qv2/Srz7Hef5989f07iv3H/Y0/4Kh/HDwrPo/hzxl4w/tjwFxp2nad/ZGg/wDEo/HqPwr+euCf/PPr9f8AHr3zx2Pg7xVfaVqtnPOf9Ds+3+fYf561zYjb5f8AyQH+jd8HfGMHxU8OaPrljefbPtg5Hp/h7+3avftK8Harofirw3fT2f8AzETx/j9P8+/84P8AwS9/bLgn/wCEb8Har/aN59j44z+OM9x9a/qu+GXj7Stcg/5h15/Xn/PJ498VgdB+lvgCcz6HZzwE4/z7+3HXrXVa5P5Fj5+fof8AOPf8K8B+EniOCC+/sr/lzvM/n/8Ar+vcfT37VT59j5/Tp/nsfQdPWgDyv4mwQQf2PP8Aj/MeuT9e/pWH8Tf38Hhs/h/np+vv7V1PxZh3DSO+CV9uD74H9e9ct44HnwaP6f2djp/+rj1zXhYlu616/ov8l9x14ZJt3XX9Dsdc/f2PgP1/tHSP88H29u/Fd/P/AMfC/U1wt6f+JH4QGOmpaPz65U13Qckj5evv9Pb3H515j8/L8tPwN/YLRvRa+d7Pf4v6uQef+/s/8jj9B756c9TmvK/Cp8jxx4wg640788c/z/x9x3E9x5E9nxx/aJx/noPf2rh/Dn/JVPEkH/UO/L+Xv78/n1Zds/6+yjlPTfCH/IIs/pXh/wAStJkufE8sqcq1nbDqOxl9/evaPB82bAg8Djt9Px5/zjmuF8bLv1stg82lv09jIPQ19MFC9pdu/n+Z+QH/AAbXTbv+CSX7Pfv4i+Lo/P4s+JR/InHT8OK/eKvwP/4Ntf8AlEj+z3/2MXxe/wDVs+Ja/d37QfUfmP8ACvoMRhleS7Nfilbv69/0+fNXzl/zn/Cpqy4J+/8AP8h2+vJ/wNXvOX/Of8K5/q76Jv0/4KQE1FQwTjoen+fr6/5HSaucAooooAKKKKACiiigAooooAKKKKACiiigAooqxQBXoon7fh/WqX2gep/M/wCFAF2iofOX/Of8Kg+0D1P5n/Cg6CfmA9+v4k/5/Aiq+q3vkaXd3HpkAc9+v06D8Se1WJ5/8+v8s5x/kdfJPi34xt/Cng7WNVmvP+PPTzz05PPOOp+vXvQB+P3/AAUm/bSg/Z68OaxY6VZ/8VJead/xLs/j/wDr+tfwkfHf4xa54/8AFWsarrmsfbLy81Hrn/PfuT261+oP/BV79qifxx4q8SQQXpvPseo+h9+Pz/LHU1/Ot4j8Y319qv2iD/J/X/8AXxQdG59UaVqsE8H+cY/H1Jo1y+8+x6k5z78f5/zwDXyTB4x1X/lh044689R6D0/Qe1e+2N9P/Ydn539ee3+ffpRhsT/X4dfnsu+mzBZZf7X9P5nnOu/64/h/IVBD0H0P86n13/XH8P5ClsbGb/Pp26+1dP1h+f4//JHThst/Dp+n6/LtYrzdD9B/OuWvO/8AwGu4n0qc57/5Bx/QfT8uUvtKvvfoe3seevXv9fzrmOr+zfX7o/5ea+88y1bv/wAC/pXETf68/Qf+g16bfaHP649vf9eP6dK5z+xLj+8P8/hXT9Yfn+P/AMkCy31/Dy8vNfecpSzwf559fp/j17546P8AsK5/yD/hWVfWM/69f6f09PwpfWG/P8fP+b0YsRhtLfJf169v+G5z7N7f5/76ql5J9/zFbc8H+fT+eMZ/yOlH7N7f5/76rnOb6u/P8f8A5Ep1nz9vw/rXRwWIn/HPt+H+RRPpPkfQ54H+fz/pigPq78/x/wDkTEg7/j/Sq9av2Gb2/Wj7DN7frQFn2/rT/NfeUoO/4/0q7b9R9B/I1esdKnn/AEI/qf04/pXYweB74Qef/njsPx9f58EOr6q3/N+H9dUcdb9B9R/M1NN0P0H866ufwtfWP7+f8M//AK/fNcrPb+T+mOf8/wBO1C121OXE5b/X6fr037XKP+k/5zR/pP8AnNSVT/0n/OaMThr2f9d+nyWr7a7o5vq3l+H/ANqfZn7IXx91z4LfE7w3fTj/AEP+0f8AiY4/z1/zmv7lf2QviaPGOh+G/GOlXn+h3nv+f1+v+T/nhaV5/Prz19fb+n41/W//AMEk/iN44uPDln4c1y01D7JZ6d/aI1Hv2x/n9Mc1zfV15fh/8iB/Z18JIJ557O+/wP8AjyfevsPifSvI9gOO3frmvif9lDxHY6r4cs7G+/5DFn06fh09P0z6dfu2L/j3/Ff61y4rZen6o6KNlq1ezWnzieZ/FMY0mymHQajj8v69f8Dzjh/Ef/ID0ef/AKh349/5njp9cV2/xV/5F20/7CA/mK4HXJ/+JHo/f8u/tx/n8q+cxOJ/Gzt+K8/1/Xrw279f0OxE/n+HPDc4x/yEePbqcdPTivRrj/j3/H/4qvI5x/xSvg+eD/lz1H/9fPb+WPzr1y4/49/x/wDiq5sPv8/1ianGX3+us/8AsJD+RrkbCfyPi3eQc/6Zp3r/AJ/l2966rW/+XT/sJD+lcbP/AMlb0fn/AI/NO5I7/wD1v88d+nLdn/X2UXienr+iPS/B/Onn/r//AKCuX8VWF1caoJUtGKm1hGcjnBk/xx/nFdD4O/5jH/YQrsn+8fw/kK97pb1/G3+RyUK+7s1ptr5PuvLfXY/AH/g26mFv/wAEk/2e/wDsYvi5/wCra8SZP0/zmv3k8/2/T/69fgr/AMG3P/KJv9nr/sYvi5/6tvxLX7tef7fp/wDXr6vFbr1/RHz5fgn/AM8en1/w6dsc2POPv+Qqh5/t+n/16r+f7fp/9euQDdgn/wA/5/8ArHI7Ec3oJ/8AP+f/AK4we4PHOef7fp/9er9jffXqPX1H6/rn3rnA6Gisv+1If8g/40f2pD/kH/GgDUoql9uHv+tH24e/60AXaKy/7W9v/Hf/AK9T/aB6n8z/AIUAXaKpfaB6n8z/AIUfaB6n8z/hQBdoql9uHv8ArUH26H1/n/hQBcp3nL/nP+Fc5Pffj+Xr39/XPfHtSfbvdf8AP4UAdJ5y/wCc/wCFHnL/AJz/AIVzf273X/P4VSnvvw/P07+3rntj2oA6q46H6n+YrDnvvx/L17+/rnvj2rKnvp/8PwHH9en881R+0+/+f++aAOi+3e6/5/Cj7d7r/n8K5b7QfUfmP8KgnvvI5/XH+GOv/wCv0oOg6qe+/qf68/1J9ie1fiN/wVC/ahn8HfDnWNK0r/j8H/EuA6n2Ht/Wv1J+JvjiDwr4V1jXJ8Wdno+nDUfQe/6fXr9DX8e3/BS340/8Jx4V1jxxpXiT/iT2f9r/APEu/wA45x0xQB/OR8cPGM/jHVtYvpz/AMfmonp36dOTz+WK+O779/OfI/r/AExnoffj259F1zxH9unvPxz0+n6fQe9eWefBBjHHPf8A+t+Y/n0oxPW3n/7cdGF+z8v/AG0vaHYzz6taQdvr/np6frivrbwb8MvEfiP7HBpJ+2fX/D/Jrxb4V/YZ9V/f/wCe/wCnTt+NftX+zZ8Kv7csby//AOPP/qJfX9ePr3zXn3tre3mfSZYr8q7tI+Cp/wBnrxHP/r7Pp7/h/Tv61hz/AAW1XQ5x9u/+t06d/wBPf0r9iNc+H/8AYU//AD+H6Y7jr2/pmvFvEfhS3n/yff0J/rXl/wBpf3vxPrI5H8L9Ht/wD8y9V8HfYZxB/kdvfnJPtXK33hbsfrx+f+Nfd2ueCP3/AJ4/+uf5kj/PvXDz+B/88/5P9foK5/7S/vfiemssS+z+Hp/kvuPh+fwd9f8A6/8AX+oPtmqP/CHe36//AF6+vdV8K/2UebMfX9c/4/h9Rzf9lQ/8+Y/If4ULMcfp2069PuH/AGYv5F939dl9x8zf8Id7fr/9evJNc8HTwX2TZ9vQcf049Oe1fen9lD/nzH5H/CuW1XwrBN+/Fn/L1/xz2row+Zt6/h92mn36r9UeZick69P672XT+rI+GJ/B05/5c+v9f/1CoIPB0/8Az59P6f8A6/8AIr7T/wCEQt/+fM0f8Ihb/wDPma9D60v7v4/11X3nnf2F/Vv+AfIMHgef/nz/AM+/pxjPpx3NTT+B57jn7F+f49Oex9P519b/APCO/wCzR/wjv+zT+tLsvx/yBZFqr7ddP+AfJMHgCfn/AEMf5/z7Y9s83YPhzff579vTqff0zzxj6p/4Rv8A6cv1/wDr1q2PhX/pz7evt/h3/HpR/aVv6a/U3/std1/VvPyX3I+bNK+GU/8Ay37fh7dc5ya9isfA/wDoH/Hn9P8A9XI/L+XNeqQaHi4/48+nH+fy/wA9a9w0rwdb/YbPzz+P5+n9euCK87EZ319P+Bsvy/zOrDZZfpe3S23l+T9UvI+EfFXgfz7H/jz/AM+38/rzzjj5J8R+HNU0qf8Af2fPPpn2/T9elftlceDrEQcWfH+HH6459a+O/ip8K/P1Xz7Hmzs9O1f/AD+OOPy60YbM79V00b9NNPk9u3mhZjkmi81/wOm/9ddvzS8+4/un86fXeeI7G40qe9gg4s/849v/ANf58P8AZvb/AD/31XtrEp221t/W58DmOHeDvbXTz307+Tutv8ux8D+RPfWdvP7+/wBen+P6DI/r0/4Jl+MdK1XQ/sMA/wBM/s7P+eR+dfx++HIPI1Wzx3/H39f6V+4H7D/irXPDmuf2VBeajZ/bPDvv/L8v5dK6TxT+8b9lC/gn8RWf2G8+2f8AEu/A/T9f1r9ZIeg+h/nX8kP7DHxp8Y+HPHGj6VPeajeWesal/wAS7P8A+r+WPwr+uWDv+P8ASvMxWy9P1RvhnZJ9kn/6SedfEaDz9D+g7fTjkfX/AOvzXjviOeceDtH/AO4v+nf1H8vfmvb/AB7/AMgC7/4D/SvHtV/5E6z+v+FfO4rdev6I9FO9mutmafhyf7d4CuyP+f8A0r8OUx0+mPSvXbf/AI8fw/8Aia8r8Kwf8W51jp0zjGf8PXv19jXpulfv9Ds/+wd39v8A9f8A9fvRhd36/ozddfX9EctrnU/9hE/yFYOrDyfin4QmOcHTcEdzxz2x9Mf4VY8Rz/v/ALP3546c8fn3x/8ArqDXf+R/8HwE/wCfQ4/P/Iroy7Zen6GmK1t6/odV4HnHn6xB6ajn8iMdP613lcH4O/4//Ev/AGEv/ZTXeV6pyH893/BuDP5H/BJr9nsH/oYvi5+vxa8SH15546elfur9p9/8/wDfNfhH/wAG5E//ABqa/Z7P/UxfFzOP+yteJO4x09gfxr9yPP8Ab9P/AK9fV4rdev6I+fNT7T7/AOf++aPtPv8A5/75rL8/2/T/AOvVfz/b9P8A69cgG59p9/8AP/fNTwT/AOf8/wD1xg9weOc8/wBv0/8Ar1PBP/nj0+v+HTtjnnA3PtA9T+Z/wo+0D1P5n/CqP2g+o/Mf4UfaD6j8x/hQBq+cv+c/4VDPff5/Pp/n1xxmsrzj7/kKoTz/AOHH+fxAP1PYUAbkF/1/z6df659s9qv/AG4e/wCtcbBPP+X9On8+e/fOav8An+36f/XoA6P7cPf9aPtw9/1rnPP9v0/+vR5/t+n/ANegDop779fb1/8A1dOlZX2g+o/Mf4VRnn/zx6fX/Hr3zxQ8/wBv0/8Ar0Aav24+36VB9u91/wA/hWJPP/n/AD/9YYHYDmD7T7/5/wC+aAOp+3H2/Slnvv09vT/9fTrXK/aff/P/AHzR9p9/8/8AfNOz7P8Ar/h194G5Pff1P9ef6k+xPaq/n+36f/XrnvOPv+Qo84+/5CkBt+cv+c/4VlfaD6j8x/hWV5/t+n/16o+cv+c/4UHQfBX/AAU01XVoPgR/Yfhy9+x6x4w/4p3Tsf8AUY9f88V/JP8AtNeFZ/Dnw51n4V6r/ofjCz07+0dR/tH8+vf/APV68/1a/tC6t/wsb9pr4P8AgD7H9s8N/Df/AIuJ407Z/sj/AIn36f5Ar8k/gt8AdD/bZ+I37YHxb1z/AEyz/wCEz1fw74M04d/7IIA/z17880AfxU+I4PsOq3lj+X9OMfTp/jXOQWP2i+8iA46c/wAu3Ir7S/bZ+C198FvjT4w8K6rZ/Y7yz1H/AMpH9eM9fyrzL4LfDKfxj4js4P8Aj8/zwPw/M+mK5sRt8v0kejh9/n+sT6F/Zl+BE/iPVbPyLP7ZeD8On+H6fpX9EXwy+HNj4V8OWcEFn9jzz+Q9v17/AKVxH7Nn7Mtj4VsbLVfsf+meuPw6/wD1ulfZd9pUGlaH+f8An29PbtXm4rZen6o+uyPDaq/fW99r38vNevbU+M/H9j+//E/09Ofr39e1fOWuWH0/T/P+TnvX038Rf+P4fQ/1r501T/Xfl/I18licT/X4dPk9V203Z+gLRL0R5VfaV9R9enP9ef6+1crPocH+ev0x+nf8e3o190/E/wAzWHPB/nj0+n+HTtjnnPRPFvGOhfaLH17f57+vr6+1ec/8I7/s19J31j9u/rz/AJHT64z+Nc5/ZPt+n/166PrX978f/thfV15fh/8AInh//CO/7Nan/CKweT1PT9c9Pp7V65/YX+cf/Wq9BocHqevH8v15H4fmfWv734//AGwfV15fh/8AInh//CHQ/wDPkv5Gk/4Q639T+VfQ39hn2/76P/xVQf2J/nfWCzR9E/6t5eS+45fqq7r8f8z50/4Q4+p/I0f8IcfU/ka+hP7Et/7x/wA/hR/Ylv8A3j/n8K2WZY3TTt+n+X4+t3/Zr7/+lf5HgP8Awhw9R+Qq9ZeDoO/8/fpjj8TzXuP9ij/O3/Gj+y/938//AK1ediMzfp/XTbql94vqq7r8f8zyqDwrB5/r/wDrP9OfxzXf2NjBBB5H6nH+f1+vPXc/s/3/AFqeCD/P+f8A6wwOwHPN9YeM62t1u1r2av8Al5WudOGwyvr669bfP9fTW1sP7Da+/wCtcrqvg6xvp/P+x+/9e3+HtXo32ceh/I/40fZx6H8j/jXThG779v8A0r/gL7jmxWy9P1R+P3x++GUGiare/YfpjP68/h6j0r47+w/Z5/I/z3/z24ziv2W+PGh2M858/Rvtl5eD/kIn0/n/AJ/Efl7qvhyCDXLyDrx/n8Py9Rivvst+z8j8vzvDb+W/4eu/z+7QyvAHhWfxH4js7GA9f5dOOO3+fSv3A/Z6+C3ir7do+uaHo2o3l5adf7O0gfz7dQeO/Svyo+FelQQeKtH88574x+p6en+c1/Xb+yTrnhyD4ZeA/CtjZ51iz078Ov1Pv/KvpcPv8/1ifN/V35/j/wDInu/7JPw51Wx8VeD576z+x3n9pfp+GPTH8/Sv63oO/wCP9K/Cv4EeAPP1zw3ffY8f/qH/AOrr/iP3Psf9T+I/kK8TMf8A25/oI5Tx7/yALv8A4D/SvFp5/wDijuw49v8A6/T/AOtya938VQC40S8/Xjv0z39vQcV8+X3/ACJ34n+tfJYjf5/rI68Nu/X9Da8AT+f4A8SQd/qB6fn054+leweG/wDkCWf0P8q8X+En7/wd4jt+f8/n+A4+nNe1eFP+QFZ/T/GurC7v1/RkLR387nlfjj9xqtnz0/r1xzk//XqDXP3/AMQPAc/9P8/T/PJ8QP8Aj/H/AGDx/WqWuTmDVPAc/b+0ePpz1+nH/wCull2z/r7KOrEbR+X/AKSjvvCuLe+8SY/6GL2xx69OfpxXodcH4d/5CviSDj/kYumfT1+n4/495XrHNQ2l6r8j+dL/AINyJ/8AjVD+z3x/zMXxc/8AVteJPcf5H4n9x/OX/Of8K/Cn/g3I/wCUUH7PX/YxfFz/ANWz4ir9zK+zxW69f0R88aHn+36f/XorPqP7T7/5/wC+a5ANSrFYf2n3/wA/980faff/AD/3zQBuef7fp/8AXo8/2/T/AOvWH9p9/wDP/fNH2n3/AM/980Aas8/+efX6/wCHTtjmDzl/zn/Csr7QfUfmP8KPtB9R+Y/wroA1Ieg+h/nU9YkE/wDn/P8A9Y5HYjm99oHqfzP+FYYjf5//ACRvh9vl+kQnn/z/AJ/+sMDsByfaB6n8z/hVH7QfUfmP8Kh84+/5CubDdL+X/tp0l37T7/5/75o+0+/+f++aw/P9v0/+vR5/t+n/ANeug881ftB9R+Y/wqHzj7/kKy/tw9/1qtPffr7ev/6unSugDW8/2/T/AOvVfz/b9P8A69Yf9oe36VB9oPqPzH+FdFl2X9f8MvuA2/P9v0/+vVjz/b9P/r1zn2g+o/Mf4VP/AGh7fpWWJW1l1/RL/JAalZc88H+fy/z16c54qD7cfb9K4fxjrkHhzStY1yf/AI89H07V9R4Iz+H+ea8w6D4D8D33/Ccftl/GzxVBZ/Y9H8H/AA71fwZ/2F9X/sEHOvDP/UyfnXzL/wAEhb6exg/az8AT/wDHno/7RGrj+zv+gR/xIfDfH9e+O1exfsveP9K8Ofs9fFT9ozxj/odlrHiP4i+ItR/tH/mLjwj/AMJJoOg+w/4ST/hG+nHFeSf8EjND1y/8AfGz4/a5o/8Awjf/AAvj4zav4z07w7/0CNIGg+G9C+g/5FvI/D2oA/ms/wCC4Hg77D+174kng/48/wDiUaiM9evHHpz7DrnFeO/sI/DnxH4j8Y2c9j/aNnZ9/wAvx7/X9OPvz/gtX4H/ALV/aFvNV/5/NO0j9OP8kelH/BO7Q9K0r+x57ez/ANMxnt/L+f8A9Y1z1+ny/U9HD7/P9Yn7gaH4V/sPw5Zwc/8AIO5/X8+fb2+vnPj8CCxxB1Hb+v4d/wAuM19CzwC4gs+3b/6/bt/h6V4R8RoPIsf5cfhn34Pvn9K8vMOny/Q+3yv4/v8AzR8BfEf/AI/z/wAC/rXz3ff64/57CvoT4j/8f5/4F/Wvnu+/1x/z2FfAYrZen6o+/jsvRfkc5PB/nn1+n+PXvnjDng/z/n/6xyOxHPR1Qm6H6D+dWJYlNpWWrt1/yOe8j3/X/wCtR5Hv+v8A9atT7N7f5/76o+ze3+f++q5MT09P1R6Sd0n3VzL8j3/X/wCtU0EH+fT+eMZ/yel77N7f5/76qeCD/P8An/6wwOwHJhr2d77fr/lb8AIPs3t/n/vqj7N7f5/76q5RXWBjeSff8xR5J9/zFaNR/Zvb/P8A31QdBlTwf549Pp/h07Y5g8j3/X/61atx1P0P8hVKuTFbL0/VHOV/I9/1/wDrVXn7fh/WtDyPf9f/AK1V5+34f1rLbbQ5sRt8v8zPpYeg+h/nUM8/+f8AP/1hgdgOaP2g+o/Mf4VthcTqujul5vb/AIHXtre98DgPibpVxfWP+g3mfTvxz/kduT9B+XvjHSvsOuXnn/1/zjP+Ffqvrk/+fp7YPp9f5n4R+MXhz7Pql5qsFn/hj/Ocj8egr73LMRomu1rr0T1/4C/yPiM6w9tls+3o7q6/X/M8d8K/uNWs58e/15x9Oc+/p7V/UX/wTgg/tWfwf59n/wAw7P68/Ufr0+lfy9+G/wDkK2cAGOPxI/Tr/nHFf1sfsB2/hyDwP4P1XSrzTru8s9O0j+0e/wBf8/l7fS4bp8v/AG0+RzDRWXRK3fY/ph8D+HNK0r+x7ixszZ+nPpj9Tjn34r7e0Y+bp1q/90H/AD/iPrXyz4AgOq+FdHvv16cfn2/r78/TXhz/AI8Pw/8AZRXm5j/7c/0PMLuqQ/aLC7h6DGce3+elfOmqweR4cvIP0/H19j9K+kpuh+g/nXz3rkH/ABI9Y/z+GOv17ep4r5LEb/P9ZHXhd36/oyj8Hf8AkB6xAPz9Ovtz7frXsPg7/kB/9xD+orxf4ET+fBrEH9R174P+Few+D5/+JZq0H/PnqDc4HQj0GPQdfpTw3xff+n5mkunnKK++SR5144Hn336frwOn9MYrD8RziD/hD5wOf7S0f8+f89+K3PGJ8ifHf36f0/DsfyrlfGM//Ej0ecD/AI9NR68/y6n+n6V04bd+v6HsJJpXV9F+h63oX/Iyav8AU/yFem/uf9n9a8y0P/kN3v0/qK9DrU+fa82rdtPvP5vP+Dc7/lFB8B/+xh+Lv/q2vEdfuf8Aaff/AD/3zX4U/wDBut/yih/Z7/7GL4t/+rb8SV+3Xn+36f8A16/Q8VuvX9EeAav2g+o/Mf4VD5x9/wAhWH9uHv8ArUvn+36f/XrkA0KKz/P9v0/+vSzz/wCefX6/4dO2OQC/5/t+n/16PP8Ab9P/AK9ZPnL/AJz/AIUecv8AnP8AhQBenn/w4/z+IB+p7Cq/n+36f/Xql9oHqfzP+FQfaff/AD/3zXQBuef7fp/9ej7Z7/8AjtYf2n3/AM/981S84+/5Cuc3+sR8vw/+SOh8/wBv0/8Ar1D5y/5z/hWJ5x9/yFHnH3/IUB9YXl+H/wAkan2gep/M/wCFQf2h7fpWX5/t+n/16r+f7fp/9egwL08/+fT+eMZ/yelGef8Aw4/z+IB+p7Csr7QPU/mf8KPtA9T+Z/wroAu+f7fp/wDXqHzl/wA5/wAKo/aff/P/AHzUH2g+o/Mf4Vf1p9n+H+QF77Rce3+f+BVPBP8A59P54xn/ACOmV9oPqPzH+FH2g+o/Mf4UfWfJ/wDkv+QHR+f7fp/9evAf2jPEc+lfA74wX8HP2P4d+Lvz/sHr/kflXtMBnn//AFf4/wCf5V8W/t3ar/ZX7NnxIgF4LP8AtjTh4d9f+Qv/AMSDj3/yOa8w6D8fvjv/AMJjq3wl/Yn/AGCvDl59j8YfGz/is/iJ3/4t1/b39vf+o329PzH7/wDg7wPofgDwd4P8AeHLP7Ho/g/w7pHh3Tv5D6+v+Ar8af8AgnP8K/GOq/tDePP2jPjv/oesWfgzSPh38KtP1ED+19I0jwhoPhvQv7fz/Ov3G8AHQ/i1fXlj4O8SeHdYvLLnUdO07Vyf7Ix7dfpgHPTr0AP5hP8AgtJoelXvj/wHBpWf7Yu+dR/yfX0rJ/ZC8Az+HLGzuJ/+gd3/AM+3bn+R+2f+CwPwkn0P4jfBOxvrzw5eXmsaj/zDuNXx9cfjWV4O8OWOh6VZwf8AUOwOe+fy/wDrn1rmxG3y/SR7WXbP+vso+k/Dk326Dr/XP/6vx645rx34xfuIPp+fPPuK9H8HX0EA/f5P+e3/AOvnvzXn3xx1zSvI8+D+fbFeJiev9fyn1uWbv0f5n5z/ABG/4/j9T/7NXz5qn/so/rXvvj++gnn8/jIz/P8Ap9OteAarP+/9fw/nkj/PWvk8RhtV11T/AC/r7r9n9thXdPW+n6mH5/t+n/16PP8Ab9P/AK9FQ+Sv+c/41ulZJdlYsbRRRXm4rZen6o78Pt8v0iFFO5gPfr+JP+fwIptWdIUVXornOcsVXqT/AEn/ADmpYeg+h/nXQHt12/r7/NfeUvs3t/n/AL6qD7OfQfkP8a06Kj6qu6/H/M6DM+zn0H5D/GoJ4P8APr/LOcf5PXSqpPPB16/5x+R9/b2FH1Vd1+P+ZzYhq2/T/P8AzX3nK30E/wDXuPc+v4f5Nc5P9og5/wDr/qen6dea7+eeD8v6df58du+cV5lqt9/L3xx7+nPTpTWFs09N0/teX+a+8wuu/wDX9NEHkfbv6f8A6/5Y6/XmvnP4t6H58Hp+PH49h+I/oa9wgvp4Jz+P9PT/AD3rlfH8Hn6VeT/04PQd8Yx/nrX1mXaRS7K34WPmcx/9tf6Hw/8ACvxjofgf4jaPquuWX9sWf9o/p9R+gH1PFfq94O+O9v8AAHVdH8cfAHxJ9s8N+JPEX9oeM/h3qOP6+vc/yzX40+KvDd9P9svrLj7HqP8Ann/OT04zXAaV4rvrG48j7Z/nn8//ANQr6XC4ltrz09G/w/Dv6v4DFbr1/RH+oD+wH+358D/2p/hXZ6H4V8SabZ+MNH1H+ztR8Pakf+Jv9O39eua/VDQ72CDSrOf/AJ/fr9M/4fyxX+Tz+yv+2X8Rv2bfiNo/jHwdef8AHnqB1HUdO/P26/lznrX91X/BOf8A4Ky+Dv2tvAGj6H4jvNO8NeMNHOkf2lp2nf5/T3/CjE4a/wA7P0v/AF37X7PzD9/+biDt+nc/iP8AAn0FeOeMbEWOk6xCOhA59uOfxzXpvh6++3afaT+oI/Mf5/H1rC8eWX2jQrweg/A+w6en+e3yWJw3/D9P669/06cNK0rPrez80rW/E8J/Z46eJPof5ivW/h1P59l4i/7CJH44z/8ArwPzrx74Hz+RqusQfh29fz/H616J8Jp/On8X2WMgalj8MEcdM4rmw2kvn+dkay210ScW36ST/QxfH/7j7GPx/wD1fTn37mvP/Fn/ACKtn/2ET/Nq9N+LUPk2NnP6Ej8u/Hr+Gea8l8Rz+f4H88f9Qj/PH5de/wCA318/62PRTTSa2Z7vpc+NbtP+nvTdII9OB+J9D6Z/CvUa8S0O48++0efn/kXdIH+cfTj/AAr3C3mHlDI/n7fWug48VfSyvrtt0R/NZ/wbuf8AKKD9nr/sYvi7/wCrZ8S1+2U8/wDn1/lnOP8AI6/hx/wbuz/8aof2e/8AsYvi5/6trxJ1x3Ht09+a/bWv0PFbr1/RHyhYq15y/wCc/wCFYtS/aD6j8x/hXIBq+cv+c/4VBPP/AJ/z/wDWGB2A5o/aD6j8x/hR9oPqPzH+FAFuisfz/b9P/r0ef7fp/wDXp/WH5/j/APJAaFFY/n+36f8A16PP9v0/+vSA2Kz6r+f7fp/9eqPnL/nP+FAGtVeft+H9ao+cv+c/4Uecv+c/4UATVD5y/wCc/wCFUftPv/n/AL5qD7QfUfmP8KAJ7nv/AJ/u1HVeigCxVeq/n+36f/Xqv5/t+n/16ANCpbfqPoP5Gsrz/b9P/r1egPn8cfz/AKdfw9sUAav2gcQQdPx6j8OfT8K/Jr/gtX4jHwr/AGO73xiB/wATj/hM/COn6cf+494b9a/aTw54c/5bz9Pz6/06fX3zX80v/Bz7441yD4H/AAf+HOh6ObzRzqP/AAkWo+Iv+gR/ZHP+GfTFP6u/P8f/AJE6D+c/wr+0n8d9csfip8TfEfxI8aXn2PUdI8O+HdO07xdr2kaRo/1/X6H0NfqD/wAEDtc+Lnj/APbg0efVPHnjM+A73TtX8Rajpo1fXs6xjkf27kge3XHqa/nz+HPxNsbH4EeJNKF39s/tjUf7Q/8Arf4+gzX9A/8AwRG+OGh/Cvw58YPipqvhvTryy+G/wZ/4l2o/9BfV/wDipPx/z69D6u/P8f8A5EWH1Xy/+RPWv+CqH7aWlfGn/gq98Kvgt4HvNOvPB/wr03V/7S1HTtIz/a+r+g1769+D9e301B4qEEH+Tjv79R9cV/L3rnxp1zxV+0148/aTg8N6dZ3ln4z/AOQd/wAwj/icfj+h57dMmv3H8HfE2DxV4cs9VnvP+P3Tv7R4/wA/UY9+lebiNvl+kj3MLu/X9GfcGlfEaxgg/fnjH5f/AFvy4x7Z+O/jH8frEfbPPvP+PP8A+se+ff8AL3rgfH/xUg0TQ7y4gvO/+fy+n9K/Jn4m/EbVdVvryee86/Xt/j3/APrVwHtYW6v00/U+sNc/aTt59V8ie8/0M+v8/wD9WPzFV/8AhY2lar+/+2Z+o/yc8/5NflrfeMZ89un1/wAfx/LNUrH4q39j/qBj/P8Antj+vFicMt0l0/r8O3TXoz08uzLG7NtWe3lp8+tj9c9K8R2M/wDqLznOen9P8cfWtX7fD/z+/wA//ia/ODwd8cL7yPI//V7Hv7/5zXtOlfGKxvvsfn9f8P6/n615/wBVfd/h/mfR4bE9+v3b9/66a2ul9bfaIfT9TR9p9/8AP/fNeOweKvP5+2fnz/hn25H68djY6r5/54/n+XX6n0rw8Thnfq/0vZf5de3o/pMNidvP+vT8PTVq/f8AnL/nP+FNrFgn/wA+v8s5x/k9b32n3/z/AN80fV15fh/8idN13/r+miSiqn2g+o/Mf4Un26H1/n/hTAv/AGgep/M/4VPBP/n0/njGf8jph/uf9r9a5y+8VaVpX+vvMev5fr/j+FdCXZfccuJxKT6K2nRdv+B02tfy7+ef/Pr/ACznH+R1w7/VYIP3/wCP19P8/X614tffFTSv+WF5/nH6eucfyxXD658TYL6DyILz8vXv2/yB9M9P1d+f4/8AyJ539otbtnuE/jEf5+v05/rnPavP9W8cQCfg98fT9T+uK8Jn8Y/uP+P3Hr25/wA8Y9q8rvvHH7/i8/l1/wA+3X3rpw2W/f8Ar57vr+B4mJzL+v6v/S8j6on8cQfln9Of5E//AK+K46+8Y/v/AG9Ooxn17e/514RY+I55/wDl85yO3T2/xqC+1wwf8vme3X9PzPrz0r0fqq7L+v8At7yX3Bh8V1v5797er3su+npb6Tg8R2Pkefkeh/Ht/n/GsrXPGVjBpV55/wCXOR0P+fbNfPUHjE+R/j/nnj34GRRf659usbzn6fX259+tebZro19/l/wPwOjE4lPtbb1X+Xz+drX851XxVYwX2seR/wAed5p2P/r++O/+NfK99P8A6deT4/p/+rODXpvir/XH8f5V45N0P0H86+ly7d/19pHwOZYj/h3/AF6br9EX4Nc8jHH8v68/579/uD9h/wCI2uaH8afDcGh+JPEWj/bNR66fq/rxnt6fzr855/8AXf8AfP8AIV9J/soarb6V8YvDc895/wAxH9M9fbj/AOvXtHzf1rz/AB/+2P8ASl/YT/an8Y6Xb2fhv4jXn2zR8H/iY+me/wBB17/yr9efEOtafrXhW9vrC7F3Ztjkcf8A1+P6AelfzCfsy65/xR3hsQcfbPTr+fPSv3j+DuuXE/g688OfbPtn2Lv/AJGPzxxz9PncywzS67W/L1/NdDow2Ii2m7XV/Xv2v+H4bdF8Hf8AkZL36H+Qrvvg9/yG/GP/AGET/KvO/gtPBca5rHT9P0x6fjgD8/TfhLB5GqeMZ5++o4Htx07+vHUfyr5rD7/P9Ym71TXdPbV/Ik+M/wDyA7b/AHv6ivH9U/5EDV/+4P8A0r2j4sjzdJI9zn/64HsM/T0rxG9/f+B/EkHX/kEHHr2xj+o/Hsa9PD2bfVaLb+7/AMA9WldU4J78qv1PVPDmP+Kbn5x/wj2kccYz/PH+favdoP8AVL/n0rwLw5P+40fH/Qu6Rn/OPQev5HFe86dIbmyt5um5BwfYn/P1zXQsM3sv6/8AAjgm7R16tI/mU/4N3v8AlFF+z5/2MPxc/wDVteI6/b2vxF/4N1v+UUP7Pf8A2MXxb/8AVt+JK/bqvt8VuvX9EfNFeq/n+36f/XqxWfXIBY8/2/T/AOvSTz/549Pr/j1754oef7fp/wDXon7fh/WgA8/2/T/69Hn+36f/AF6z6KALXnL/AJz/AIVB9oHqfzP+FMqvQBb+0D1P5n/CoPtPv/n/AL5qOq9AFz7T7/5/75qCef8Az/n/AOucnuTxFVegCfzj7/kKoUef7fp/9eqPnL/nP+FAF6iqPnL/AJz/AIUecv8AnP8AhQBerK+0D1P5n/Cj7QPU/mf8KqV0AW/tA9T+Z/wruPCtj/al9Zwfh689u2fb8+/FeeV6V4HngsL6zn/z/ntj+vS8Nu/X9APadcvoNDsRYz/8fn9m+nr+vPXtgdPf+TX/AILZeP8A/hK/AHjCDxVafbLLR9O/4lwx61/S18afFUH2H7d9s/0w56e3T/E89fTv/HD/AMFsvGMF98ObyxgvAPtn8/pn6VqdB/Lnoc8Fl8K7z/p81HV/p2/z0x9etf1Gf8ExP2evFUH7CPxrvtcs9Os/+FkeHR/whn/E30H/AIm+kdfY+nH4Yr+VjSp/P8AWdhxn+0dX/wAn/wDV/LNf1Cf8Er/2mr7Sv2LfGHhzxH/Z/wBj8N+ItX8Gaaf+oP8A2D4b1709PEnv6mrxNtLd/wD21E5d/vrvt57atfp+B8aeAPg7PPY+MND1Wz/5iPb29a3ND+Kn/COaqPCvNn/Tr09P88UaV8Yv7DvvHmqz5+xnUT/gB16f/q9a+SZ/GM/jL4m/2rY4/wBMzn9e3HXn9a8TFfa+f/tx9NhPi/7eX5H018RviNPfWN5B65+v+f17e9fD/iPVZ76fj1/PGeP649P1+k/H9jPBY3nn/T6844/zwcfj8vTwf559fp/j175488+jjsvRfkcBq0H+fXP165/AH278b5Hv+v8A9avTr6DPv09/8Pw7/jXOz2P+fz6f59ccZrnMDjft19Y/6jPv09OP89B+Bro9J8Y30H+vP19+D/8AW/TvVG+0r6j69Of68/19q5XyJ4JznHB6f5/rnHqKDdYlLZr8P/kj628K/E2D7D/pF5/pnP8AX8fSvprw54qnEHn295yfy5/z356ZPr+W0E88E/H+OPrXuHgD4tnSp7PStV6jGP8AH3qP7Ob6NnSsztbR/wBfLy7/ADP0ssfFUHkfh6+/X+ldJBrkH/P57f5H6n8D9Pjv/hY1jBnN5/nPT8/8810dj44t5oPP+2fl6d/X/I/GvNxOW37/AJ/1svPX0Pbw2Z7a/K++2mvou+6PpqfXIPI4vOvcdev+QPX2rnP7bh/5/W/X/Gvnq+8f2/8AqPtff/Pt+GfauH1X4m+R/wAe/wDn27/4+9c39mrv/wCk/wCR6X9tK1n2s/h/yue/eOPiNPodjixvPX8/89c/1OfmzVfipfX3E5/z3/w/ocVx3iTxx/asH/H4Mf8A1/w/+vwa8Ivr6f19vw9enp+FdOGw3fRLWz9fT06dtLav5zE4pvW97/hez/RdO3z9pvfGMH/LD8D0/wA9v5cdK46+8Yz/AOfT8/T/APX3rznz7j+9/KoJ5/8AP+f/AKwwOwHPThsN389H8v627W7nmYnFdU+23XZ+nbp29V33/CYz58j2/wDr9PTvjOMc9ay4P38/n+nfnnv9PX69a5WCD/P+f/rDA7Ac9VY9fwH8hXYeb9Z8l+P+R0djPPAPr+oOMjH4evGOtE99P+PI/Dgfy9PbHeiD9/jHHrj36f5/lmr39lef1/zx+f8AXrnvUfWfJfj/AJHR9a8l/wCTf5HD/wBqzzz/AGeD/Af57/y610f/ABNbGDz+3cj8f09PbP4eVmDVdK1w+fzZf2iOP/r5+n+c16ZPqsH2HyB/9fOen+f8aqy7L+v+GX3F3ff+v6S+48s1yfz8557/AM8fT6fnXmM/b8P616Prk4g/D6D9fp+uPx84n7fh/WvQw+3y/SJ81it16/ojj5/9d/3z/IV2Pwk1WfSvHGjX1uOLLUf59OvT8fzrjp+34f1rsfg7pP8Aavj/AEeCAevsfrj/APX6Yr0Tw8Rt8v0kf3Hf8E/PFX9ueAPDc8+P+YR39P8APt2/D98fhJqs0E95BB/0Dv8AP178/lX81f8AwTgn/srw5o9hP0s/7I/x4x7f4ZFf0cfCSeD/AISP/uHf/W7en5/hxXPma/2ONl/V0c2Xf76+34bo9w/Z6nnHjjWIJ+/4/wBP8jp7/RPwz/5C3jvH/QT/APZTn9K+b/2ep/8Ai42sdf8AmL//AF/XHHPpn0NfSXwzJGt+MSP+ggK+AWHldbrz10/8lPqJPRve1nv5p/5C/FSD/iR+d/nqP85P+FeEQZn8OeJDz/yDsf57DH5e/evoP4v/APIrN/vP/Svm/T/+Rc8Sf9i7/QV6WGVm/VP743GndJ23/Q9v0MwT6H4bn7/2d+P+fb279/Y9KlhgsLeMfwp9O5/pivAPCuP+EV8Hz8/8g725P+Qf8PX3rSF3afbnP8PPfv8AWvWTa2FJJx97a/n09D+Yb/g3dn/41Q/s9/8AYxfFz8f+LteJfzz74z7Hr+3Hn+36f/Xr8Qf+Dd3/AJRQ/s+f9jF8Xf8A1bfiSv2x+0D1P5n/AAr2MVfXfrb/AMm/4B8yT+cv+c/4VR+0+/8An/vmp/tA9T+Z/wAKqUgJPtPv/n/vmoPtB9R+Y/wqKmzz/wCfT+eMZ/yegBP9oPqPzH+FH2g+o/Mf4VS8/wBv0/8Ar0ef7fp/9egCxSecff8AIVB5/t+n/wBeq/n+36f/AF66ALFV/P8Ab9P/AK9Hn+36f/Xqv5/t+n/16ALHn+36f/Xoqv5/t+n/ANeigClcdD9T/MUyiq9dAFuCf/P+f/rjB7g8H2gep/M/4Vl+cff8hR5x9/yFAF2efv8Ay/I9vpyP8TVLzj7/AJCknn/z6fzxjP8Ak9MmucDX84+/5Cup0PVfIn/yc8Y9MH/6/Fef1YgvoLG+s7ef/l8/H8//AK/HTPSuvC7v1/Rgcr8d9c8iCz/6e+w69u/9fav4v/8Agsf/AMJV4j0q8n0qz+2aPo+on/hI+mP1/wDr8DpX9cv7UWuQQaV5EF4R/wAS76/l2/x+tfzg/tQ+AP8AhKv2V/jxfar/AKbq95/bGo6d0x/nv39Kg6D+RKC++w/Y4Bx/npjn+vP5V9GeB/jh4j+H+h/2Vpf/AB53mo/2j1/z+X/1q8Bng8iCzgn/AOXP2Hbk5/n/APWrV/cfYe3X8M/45/Suc9HD2urW3/8Akf8AgH1D8QPjh4i0qC0ngs/+Rk07+0f1/PH6e3r6N+zYJ/Efj+zgn/5e+O/5/wCT/SvmX4qQfaPA/wAN/EcH/QO/s49B+f8AnqB9a+vf2CreC++KmjnVbTtpH9nc/h3/AD/zzz4r7Xz/APbj0sNu/X9D7E+LfhWfSoOf8+nbHJz7V8hT2HT/AD6/5498d6/bL4/fCvz/AA358Fnx/j+eB/XrzX5ia54AnyJ4P8/Tt2z+XrXnn0mH2+X6RPmwaVPP1/w/z0//AF5rVg8D308B9Rnt+v19P/r5r2Kx8Hfv+/0PT8D/APX6evf2LQ/CsEEB8/8AEde/69/0HHFc4fV15fh/8ifD+q+B72xg8/2+h/L+eP8AGvOZvDnn/Tv/AJ719+eOPDcEGlfuPT3/AM/T2r5Q1ax+w3B4/wDr57f5zQH1deX4f/Inkv8Awjk/r+h/xrw3xwZ9KvufbP8Anr0z6dx25+xYLHz/AE7d/wA/8445r5e+OFj9h/f9Pb6fhz9Pw+uv1m/Rfj/kc+Jw2vn36/pr1/rXjtD8V30H/L70+p9f5D0r3DSvibPBB5HPv9P8475/CvnPwPB/as/kH159Pyx/k4zXfz2N9BP/AJ/P/wCvxiuvf8zC77/1/SR3+reP5zP/AMfn584+n/665yfxjPPn/TMj8vwyfw/XAGa8q1yCeA/v+36/4fTjv7Vzvhu+nnvryCcc4/Q9Pb659uKX1ePl+H/yJyLEYxtLzXX08vL8X3Pd4NVnnGevt2//AFfy7+3Y6FpX26D9/wDp1/8A1f545rD0PShPBZn/APX7++Px9uvFejWNj5H+f1Pv/P8AkfV4+X4f/Inpq9lfeyv9xBP4cgI/cf8A1+npjJ/zniqM/hWeD/Ufl/8AW7j+vfivcPCuhwX3+v8A8+h+n9Ofp7F4b8DwX0//AB5/1P8AjnH881gR9W81/wCTf5nxNB4cvv8AP5/5/Xtm9faTPpX149z/AJ/LjFfoj/wrKx8j/jz/AJfy67a8j+IHw5gt/wB/BZ/5/L05Pv8AhXOPDYb6501W99Lf1rbotle586eHIftH17D/AD/nP6dxfeHP9B8+Dr/P1/n/AJJot9D8ib/R+np2+nr/AC+nWvadDsTfaH5P9f8AJoOn6uvL+v8At0/Pz4gfbtC/fz2f+h8+nf8Az/P6Vx1jrk8/15/H6fp+mO9ffnxU8D6Vqvg7WIJ7L/TP+Yd78cex+n6Yr89fDmlf8Tz7DOfzH+fbI69+mK1wuz9P1ZgUdcuJ5z/h1H+fXnrxXK/aff8Az/3zXsXj/SoNKsbOf/n89+T/APrJ/P6GvEa9PC/Z+X/tp81id16/ojKvun4n+Zr2f9mzSv7V8f2fX0/Dj8z16V4RfdPxP8zX17+xNY/bvipo+R/n/wDXXQeZicN/X49PktX213R/Vr+wxfQaHB5E/H/II/z35557/niv3V8OarPPBZz2F4R0/wA/57CvxN+AOh/YYLKeD/P9ee/+cfr18MvPnsbOCf6H3/P0/l+VPEJXtbS+3zZ559pfs9Xxg8f2fn/8vnPXH+T3z3P519k/DP8A5Dfjv/sJ/wCNfDHwP/5KLo/4fyFff3gGDyNc8YDt/aOOvH+eK+bxOG+T38/6+XfS9r+hh8RdWd7afp38uy+WzM/40f8AIrH/AHh/SvmCxuD/AGVrEH/UOORz/n1//XX1P8Yf+RWb/e/+Jr410Oczz6xBz/yDu3t/Lt78e9edh938v/SD2f8AmBXq/wD20928Lf8AIm+D/wDPdq+g9F/5Blr/ALlfO3hX7P8A8Id4P9f+Jv8ATP8AnFfRWjf8g63/AN0/zr3C6f8AukP8T/Q/l9/4N4/+UUP7Pf8A2MXxd/8AVt+Ja/bL7T7/AOf++a/EX/g3q/5RT/s9/wDYxfFv/wBW34lr9rfOPv8AkK9nMltp0X33ifJl37T7/wCf++ap1X8/2/T/AOvVeef/AA4/z+IB+p7CubDdPl/7aBf84+/5CoKr+f7fp/8AXogn/qOf8/iQPqO4oAPI9/1/+tRVjz/b9P8A69Z9H1bsvw/+1Asef7fp/wDXo8/2/T/69UfOX/Of8KPOX/Of8K6AJqh85f8AOf8ACjzl/wA5/wAKo/aff/P/AHzQBe85f85/wqCef/P+f/rDA7Ac0ftB9R+Y/wAKgnn/AM+n88Yz/k9ACf7QfUfmP8Kpef7fp/8AXqvVfz/b9P8A69AGh5/t+n/16PP9v0/+vWPRQBoVXn7fh/WofOX/ADn/AAqjfX3ke+f85/l24/mG+G1SXdL/ANtJ554NKg8++vP9Ds88Z/z3r8Yvip/wUY8OeOP2tvAfwW+EniT7Zo9n4z/4R3xnqP8AyCP+JuNB+uR7duT17/Sf/BRH9prSvgD+y9498R/2xp1n4k/s3+ztO0/Uf8nj+nFfw8fsd/tGeKtK/bg+FfjiDWP9M1j4q/2jqP8A0CPx554rrwrV3r1/QMRh/qeq9dPS9vWz17n92P7UN9PP4c8+C8/48/zPGc//AKunpX5J/Eaf7d4OvNDnx9j1jwZ4u+v/ACAfEnGO57/h9a/Tv9q/XINV8K/brH/mMf8AEx6/9BbPfp6ivzg1Xw5/wkeuaPYz8Wf9mk/5/wDr/wBK1PNw2J+T28/6+fbW97/xjeMbH7D4j1ixPH2PUtX+n+ef5e5rJ/5dv8+le4/tUeFf+EO+P3xU8OQf8ufjP/07/ie35Z714BP5/kcfr+GP8+ua88+kyzZ+r/I+2fH/AMJPEdj+yh4P+I0/9nf2PpGo6v8A2j/3F+3rnr+VdV+xb4jn0r40/BOxgs/tn/CSf2Rp3r/zHhk/54/r9Xz+HL7xj/wTn1ixsLP7XeWf/Ex7dv8AD6e/A6fJP7JOhT2PxU+D+q/9C34i/s7Uf8OeB7dsDqRXPiftfP8A9uPQjuvVfmf07fEbSv7V0O8se/f+eev4+30r4Kn8KWOh6V9hvrP1/TH15/8Ar81+jHjGf7PY8fz9uuM+v1r84Pi3rk/n3kHPT19z3+vqO1eJicT/AJen9evfW9kvpcL8Mf8ACvyifK+u+RY6r+4/zz+Hpj9fWp4PGVvYw/v/AMx/LOP5Z7e9crff8fX4H+Rrjp/9d/3z/IUfWl2X4/5HpHb674x/tWHyO/fv07/5x+Ir508R2Pnz/uMcdv8A9fUCvTYLH8Pz9O3t6Y7Z96PsPXz/AE9v/wBQ7e+TVXXdf1/w6+8f1d+f4/8AyJ5JYweRBxx6fy/r2x2NfNnxin8+x9+w/H26/XHtX2XrdjBBBxge3+J/rx6c9vi74t/8e959aLruvv8A67r7zmxSeunf/wBuPP8A4V6V5+q88579sdfz/n+h+toPg7qt9mbP8/bP9Rn/AA44D4A+FZ76/wBHngs8/l/X8+Pw74/TuDSrGCCzz/n19+31+ua5PrPn/X/gJzfV15fh/wDIn5Q/E34V6rodj58/X/Ht+nA/XmvlfQ/IgvryCf2Gen4Acfpmv2W+MXg7+1dDvJ/85P8AnqMdulfkn4x0P+yvEfkf8eeD9T2/Xj/6/FdKxPZL5c3+Rha2lreR9J+FYPPsbM9PXn/Pt7V3FjBcent/9b1/p7Y4rznwPOLCxs4McEZ5/wDr8D/P1Hv2h/6d9fT2z09eP5V0fWl2X4/5AT+HL6eC+ssf56devf3A4z719Q+DtVsYJ/Pnx3/p/PpyK+erGx8j/P6n3/n/AC6Oxvp7ef8AznP9MV531i/9f/anoH2Z/wAJLpP+f/1V5/4qng1b9xb/AKmvJLHXJ/8APOR6/wCfyPQ9HBff0P8AM/5I9yO9dd13/rT/ADX3nThsN/Xb9fx728+Vn8OT+f8A5Pfj/Pf64Nd/4VsfsPX/AD6ds8+/41esen4j+Yrcg8j8c9+vU9fbrn2xXPdd1/X/AA6+8Rznjiy0qex/fn7Z/kYPPXjsP/1/Af8Awrme+8V3d9pVn15z719weOJ5/wDUQdvxx0HH9cn1rh/Cuh/v/P68/wBfx/z3qPrPn/X/AICc/wBV8vw/+1PmX4/eHLfSvCuj28HPTPfntjI+tfDF9+4/zzn+XOf/ANff9Jv2mrEweG7O4+np/T+o6fnX5s6rPn8s9P5+x/8A1AV7eW4m/wA9v+B/wbb99TxMThvk9/P+vl30va/D31xP9e/p7nueOv8Ajiv0K/4J+WPn+P7O+6j09/w7A/h3HNfAZ/fz/Z/Xj8v8D1+vQ1+x/wDwTS8D2OqwefNZ/wCmc8H/ACP54r0TxcVuvX9Ef0YfA/8A0/7H5HfOPbGf88fhjIr9bPhJYz6r9jgg/l9Oe/Y/57/jT8ORfeHILOCD/j85GPX/AOv9ex4r9ev2XdcuNVg0eCb/AKCOkf8Ap+P4fy7+tPEuzbff9ZHmH2z8ObGfw58W9G0qfi8/lz6A/p1r788OfuNc8SDt/nHPJ4Ofx7V8Tar/AKD8ftHnH/L5+f8AnHX/AOtz9y2H/H9d/X/CvknmWrXNfp6nSsO+l/l/+ycv8U/+RbvPqP518T+Fv+Rru/8AsHf1r7Y+Kv8AyKl59P6GvhHwdff8Vj5Hv0/THP4/rjFGG6f1/MbntXw//wCRUs/+xz1j+Qr6y0T/AJBlr/uV8mfDmDz9D8j/AJ8/Gerjp0xx/nmvrHTP+PG3/wBwV3w3fp+qPTSvhKa7y/8AbUfy5f8ABvn/AMop/wBnv/sZPi5/6tvxLX7Oef7fp/8AXr8Y/wDg35/cf8EqP2e/T+0fi59Dn4teJPqe31+lfst+5/2f1r6jFdPX9EfJ/V15fh/8iTVBN0P0H86SovtA9T+Z/wAK8zDfZ+X/ALaH1deX4f8AyIfaB6n8z/hU0PQfQ/zqL/Rv84pPP8jr/kdf8/y4roMC7VK46H6n+YqD7T7/AOf++ag+0H1H5j/CgC3RWbPP/n0/njGf8novnH3/ACFP6w/P8f8A5IDRqp9oPqPzH+FQ+cff8hVDz/b9P/r0gLFFV/P9v0/+vVegA8/2/T/69Up5/wDP+f8A6wwOwHM/nL/nP+FZtAFuCf8Az/n/AOuMHuDwfaB6n8z/AIVR+0H1H5j/AAo+0H1H5j/CgCeefv8Ay/I9vpyP8TXOT6ryYO34H+v09z9a3P8AX/54x+hGCP8A9ea+Uf2qPib/AMKP+Dvj34m/8vnhvTv15+vT3/rXPievz/8AbjfDYn+u34W09PTu/wCQP/gur+0Z/wALH/aF/wCFV2N5/wAU54P41Ht/xN+fx/x6c1+aX7CPgD/hY37V/wAH9D+x/bLO88Z/8TH+0fXSOeOef6d8V4R8d/idqvxU+Jvjzx/rn/IY8Y+ItX1HHf8A+v8Ap+Zr7u/4JUeOfA/wr/a2+G/jHx//AGdZ6Po+n6vqP9o6j1/tc/pnPqB+uaeE3h6x/OJ04rE30a9fy6fJ7dtOp/Yv8cPI0rwro+h/bPtn2PGnev8AyCPr/n26V89eG9D/ALVns5/sf/HnqPp6+v8AnP5V7FY+I9K/aF8R3vjHQ9Y07xJo/wDaP/Eu1DTv+QRk9f6+v5V6bB4csdJ/Lj+nP+P+NfTR2XovyPm8P59dfv5j+L//AIKoeAD4A/av8eeR/wAefiT+yNR9v+QB/kduvHevz00r9xPZz4/+v2/Hr7++eBX7uf8ABfH4cjSvGPwr+Itjn/ic+Hf7O1EY/wCo94k/X9O9fgBod9cdPr+vXp7f/W7V4OI3+f6s+2y382l96R/R9+xp/wAVj+zzrHhXXLz7Z/bGnavp3br7YPP/AOrHv8I+APCuq/CT4xXnhu+/5c/Gf/CRZ5P8xx+FfQv/AATZ8f2M+lXng6f/AI/P+Qjx0Pfr+nYnNfUP7Rnwdg8Y65Z+N7Gz+x6xZ49D0/Lua8TFYn6mmm733d7u/n+Fu3n1+ljlz0evR/a/yPtnXPGNvrng6z1X/n804c/Q9ecnjHXpnrxX52/Ea+8+e87f5+n0z9MZrdsfHGuQaHZ6V9s/0OzH06H8cZ4+teSa5PPP9snnH+c5/wA/1r5z60+z/A+iw2FskulrX8vw9f618rvun4n+Zrlv+W3/AAH+ldTfQfX/ADznp/nrjHFcr5H7/tjr26evXr75z7V0YXd+v6Mr6q+7/D/M1oeo+p/lR5J9/wAxVDz/AG/T/wCvVfz/AG/T/wCvU3fd/f8A12X3Gpy/iqbyLG8x6f5/Xr6/z+T/ABJpX9uX32Gf/Of5D8/pX1D4j8jyLz8OvX3/AA9fxr56n8+DVf3Hf/Pb8eOPqaV33f8AX/DL7jLErVLztb5I+xPgD8OYNDsbMZ/yfYH9OtfYn9hweR+uM8Y9f8j8K8I+Dv8Aas+lWc8/X16cf15/PPNfV9jofnwHnP8An/P49e2McRibW6LS3RLtvbrovP8AH0cuy2++t+n4rf8AT0vueLa54c8+xvIPsf8AofT6Y9s/jX5J/H74c6pY+I/t32M/Y/p9OR27f56V+7t9YwW8H+f/AK+MZr4s+LfhX/hI/wBwbPFn/aPr9ce3t69/r6OGxN1r66/K2/y69rdjzcyy23mnZ6dNu3bo/LyPzL8HT/v/ACJz9eevH9eK+xPB0EH2H+v8u+P14z9K+Zb7wrPofiPj0/r7dPpz/Ovozwdff6D+nt/gevH6VqebhsN3+78ev6PvrsjuPs49D+R/xrLm6n6j+VXfP8/+X079PfH9frSm6n6j+VB6Bd0/v+P9a7Cxn+n+eMdf89M55rj9P7/j/WujsZx78fX8+nX36+3avPu+7/r/AIZfcB39jPn36+/+H49/xrV+0D1P5n/Cucsbjt+PH/1h+PX3x0FdBXPd93/X/DL7gOf1v9/B/nt/+v8A/XzR4VsZvPH+c/57Zx781ent/O/THP8An+vavRtKsYLex9Ov+fz69R271f1l9n+H+Rf1V93+H+Z8vftNaVBP4I//AFfz4/X6Y5r8k9VgHn9/yP8Aj/Kv1z/aMnsJ/CnHP1x/nHv/APXr8mvEf2fz7zr/AJ6f0x+FfR5Lt/XZnh5la/zX3WjYo+FdK/tXXLODGccf56f/AF6/oi/4JbfDKx/sOzvpx/pn9naR+R79Tj6entX8+Xgef7DqtnP/AJ9c9/T+g7V/WV/wTL8HfYfAGj31xZ/6Zead+PqfyI619L9W83+H+Z8TicT/AF2/X8O1/P78n8DwWM+IP1/D8/5ema+2f2bP+JVqvkf9RLSOcf8AUf8A859s+lcB/Yfnwe/8vb+n+Fe/fAHwp/p327n/AJCGkdP+w8fz7fpXmZn9n+uxzYbp8v8A20+/PH+bH4t+A5+gvNR0gfp+Hfv34r7mm/c3oP4H0/z2/livjz4qWP8AxXHwruO/9o6R/n/PPrkV9iTz/wCf8/8A1zk9yePhz19brtZ/fpb9TgPip/yKl7/2DR/OvgPw5PnxxZ/Tr1/r0+g6dK+9fiZB53g7WOpzp2rkY/T8/wDPt+d3hyf/AIqPR5z31H1zjH1+v+HavUw3T+v5jBaW8rfgfRnwd1bz7HWLH/nz8Rav/wDX6dPy9+pr670yXdY25/2PTP8AUY+mK+KPgt+4g8SQf8+fiI/5/D/9fTj630u+/wBBt8f3O+PX3/z+Neodf1hNW6f1/dP5iP8AggPMIP8Aglf+zf6f2j8XDz0/5K14k/z+XWv2P+0H1H5j/CvxG/4IR65Y2P8AwS9/Z7sZ7wfbLPUfi4dR07r0+LXiPr7Gv10/4Sqy/wCfz9DXsZli43auk+qurr17fhv21POw2W45q9m1000b9eur3XY9F+0H1H5j/CqXn+36f/Xrjf8AhI4J+v8A9b/P/wBfPej+1fP6f54/P69+mO1easTgbLVXsr69dO0u9vwDE5bjnsn37vp/Xz9bdh9u91/z+FH273X/AD+Fch5x9/yFN+3Te3608Nitd79N9u359tnpur+Z/ZuN7v7n5f8AB/Dvp2fn+36f/Xo8/wBv0/8Ar1xsF9P/AIdfw/Un8qn8+4/un869G67r+v8Ah1941h8crXenp0RuTz/559fr/h07Y5g85f8AOf8ACqtFc+Ja1s+9rf8Ab3/A/Aws+z+7+u6+8tQT/wCfT+eMZ/yOkE8/+f8AP/1hgdgOYPs3t/n/AL6qDyLj+8fyrpw+/wA/8jb6uvL8P/kS9BP/AJ/z/wDXGD3B4PtA9T+Z/wAKyuIPTp+BH+fxJqHz/b9P/r0jl+rea/H/ADNSefv/AC/I9vpyP8TVLzj7/kKyZ55/z/r1/lx375zVH7QPU/mf8KC7Ps/6/wCHX3m75/t+n/16PP8Ab9P/AK9c39p9/wDP/fNH9oe36UEfVvNfj/mbn27yPx79PbP4/hj8a/Af/gv/APHCDwP8B/B/gCx8Sf2PeePPEX/Ex07TuP7W0j3/AJ9+ee1fudPffp7en/6+nWv4/f8Ag5F1Wef4m/Cuxn/487PTtX1HTu34cfn/AE9OfE9fn/7cWfzg+I/Ivr7z7fj/APV/ke/5V6p8OfBt94y1zw34c0r/AEzWNY/4l2ncZ/M+9eH6V+/4/wAf89P04x2r6a+EfjGD4c+Mfhv4x+x/bB4b8Z6RqP6/TqP1xxzmnhbrl6bf+2m+I2t1tt8n/mj+0D/gmJ+xp8cP2ZPgtrH/AAszWPBl5o/iT/iY6dp3h3V9e/tfSP8AsPY8N8f/AKh7V9e65/qT9D/IVu+B/j9ofj/wB4P8SeHLzTryz1jw7pH9o/2dgf8AMB9AB7f071wHiO+g1We8gsbz3x6c/wCfp9a9v6xb+v8A7U8laNO3W/6n5Q/8FefDll4x/Ze+231np15eeGv+Yjz6dv8AOefpX8d+h/8APD68evr0z+WCPzxX92P7Qtj4c8f/AAr8SfDLxHZm8PiTTtX/AM//AF/Wv4hviN4Hvvhl8RvGHg6/s/sf9j6j/wAS7/sEfTjr6+/IrM9/C4m1vK2u3l1t5vTz8mfc/wDwT18Yf2F8cNH0qcf6HrGnfp+nf+X5/wBA3iOCC+0O89e3+Gemf881/KH8FvHH/CAeP/DfiOA4+x6jznk8H36ce3HSv6YfDnjiDxH4V0fVIP8Al7079O39Mj1PSvlcyw33fh66X7+R+kZJibpddrX/AOHv2X4dkeO6rpXkT3mPfHP1/wDrZ78V5lrlh/n/AD+v45717vrlxBPOO/8A+of16/XntXnOuQf5+nvk+n0/kfnFhmmnd6en+Z9QrdPwPAb6wz/k+vv3/XNc5/ZPv/49/wDWr1uex/D8vXv7+ue+Pasv7DD7/pR9Zt0f4f5AtWl3PKp7H9ff1/8A1detUZ7H+o/pz/UH2B7V63PYwf5/H+Xv2P0rK/srz+v+ePz/AK9c96g7Vhk0nda+v+Z4B4jsf3Hbn0/A/wD6/oM+tcfofgf+1dVs/TGeP6/rjFfTWueFf3H7jP4+pyOmP8OPyro/A/geCC+8/wCx/Yz/AIc//Wz1/Gug87E4a7VutlZfPp/wO9+57F8OfCv2HSrODuPX/P4fh2zz7hYzwQfuPw4wR2z1/rn8aw9Kn+wweR7dc98/qe9asHkTzj8vw/z6dPwr5bMHqv8AH+F4vb1/E9vLcOsJu73V9+9uvy8uxBffv/b1/H1x0/rntXh/ir9xPeQT2f556/5Hfv0yK94n7fh/WvMfGNj5/wDn9cf19fyr0MLibJLyX+XX5vRd9NmGJw1/NP8AX8Px7X8/hjxx4Osb6f8AcWf2Pr9P84/nnHeuOsND/sqDyPX147dvr+H1r6a1zSu/0GCf/rfn+NeVz6V/n9eR/Pn0Ne79Yv8A1/8Aanzn1by/r/wI4+Dv+P8ASjz/AG/T/wCvW3PpU/H4f1/z/nm9B4cnn55/DrjHHb+tdm5zfVX3f4f5mHY9fwH8hXR2fb/gVXoPDk/P+f68dPw/HjVg0ryPrzzgHBz7f4V550/VvL+v/AixY9PxH8xXYWP+p/EfyFYdjYY/yfX27/rmuih6D6H+dBzfVX3f4f5m7YaV5/T0/wD1dP17VtziCCD/AD+XX9DVKCf7P9evH+en5Vh+I9c+w6VeT/l/9b8f89KwwyeM/rp0a/K2/wCRqfFvx38Vwf2HeQT/APQR6/jn0xj8eP5/mlrl9BPP5/8Aj268/X6/yr6M+LfjG+1X7ZYz5z/aX+ffHHp6E18oX0+Pbp7f4/h3/Gvrstw1vlt/wP8Ag3276HyuY/8Atz/Q9w+BHhz/AITjxxo+h/8AP5qPb/PofTqc1/at+yh4V0rwd4O8NwWP/Hn/AGcOvp+ef6mv5IP2EfA8/iP4qWdvjUf9D/4mP9e3T6dxnGK/sQ+EljBpXhzR4IO2m9en4/XPPGR6ivpMLu/X9GfAYjb5fpI+y9Dn8/PP+c/4f19OPsv4H2MEEBx/0EdI7f8AUe/z/QGvi74c6Hfa5qtnBBZ/6H14/wA9unH6V+sng7wBpPhzw5ZzwWf+m/8AEoGo/X/P5fy83M+npp98Tpwv2fl/7aemfFqDz/GHwrn9TpP/AKEcY6/1PevobVf9R5/+f89+ntx38k+Juh3E/wDwh+rD/lz1LSO/T246cfl1r1vXf9Sfw/mK/P3u+mrPXWy66I5XxV/p3g7xIM/8w7V+uef6c96/MvSp/I1bR5zj/kI8j/Pt9Ofyr9Ob7/kTfEX/AGL2s/8AoLV+XGPIvrPOONRxjt/9f8K9PDdP6/mML7+Tt+Cf6n0N8CM32q+PIOP9C1H+0fT+lfVNtP8AZ4hFk/KT06f1r5B/ZzvvI8Y/Eix7f2dpHt279/z9fWvquvUA/gn/AOCbPxj/AOEH/ZJ+G9j/AGx/ZH23UfF2ojp/0HvEnX6+n8q+9f8Ahpk/9DlqP5n/ABr8OP2O7HXNV/Zm+G89jZ/bDZ/8Jd2/6j3iX8P8+1e/fYtc/wCfPUPzH/xNfifFeeY3B51ma5r2ton5q1tfX8fU/qLgvhrA43hjKsXZXej0V2rq3S70ttf5K9/2B8OftQzwTi4g8YdP+gjj8+4/l6+mPTdD/ao1ye4Pn+MOf5e/457f0r8Mf7V1uxPNnqPv7nn3x7fn061BB448R2OP9D1H+fT6/wCeo96+Q/1tx3S/3/8ABPpnwFkkk9rvy66fr/WrP6U9D/aThn/4/tY/L07c5/z7138Hx30qf/mMduvP9c/5+lfzIQfGnxHBxBeaif8APOfw/D866Ow/aM8VWP8Ay+aj3/8A184H5/8A169vLuLc60u9PVbaW6/1pp28TEeG+B6LfyXW3/BWvof07aV8W7Gc/wDIY072/wD1e/U4/A4rsbH4jQXH+ovdO9B/+s/Xsa/mX0r9q++g/wBfef5P0Gfw6nn3r2Lw5+3B/ZX2Tz7zp+H5/mf1x2x9JhuLcdpfXbb5efZ7W797HyeZeF+CVrPf/gLXv26bH9EUGuQT9NYx0xj/AD+f/wCqp/7cg/6DI/Nv8a/HfSv22fDnkf8AH5007/Pf27D8OldVY/tpeFf+W95+X9B6/T69DX0mG4twdtbpu3n6r71vvql01+RxPhvjLf7IlbT818+23l2P1Xg1yD/oMf5/X29efpxe/t3/AKjP6V+V0H7ZfhX/AJ/Ov6f/AKscexOK1v8AhsXwZ/z+H/P417a4twWnfvr5efmvvR87/qRmH8r+/wDruvvP07/tv/p9/wA/nUH9q2/ofz/+tX5lwftl+Dv+gx9enf8Arx+P4E1N/wANmeFf+gxp36/40f624Ly/H/PzQf6kZh/K/vf9dV95+k39q2/ofz/+tUP2619/1r82b79tLwrB/wAxjTuR3/T+XfpnrVD/AIbb8Lf9Bn9P/rUf624Ly/H/AD8194v9SMf/ACf1p5en4eR+mv26w9//AB2oJ9VseP8APr1/r9B+H5swftp+HZ4D/wATjTvY6jz/AJ/z3qDxH+1R4On0O8uP+Ek06zvP7OH9nf8AE35H5A9/8iuhcW4Lyf367efmvvF/qDjVva2l9On3n35q3iOxg/1F5/8Aq/Pp/wDX5Ar+SD/g4inn1zVfhXff8+f9rj/PT19Oo/Cv2d+Enxx8R/EWxs76ez+2Wd4cf2j9fr7cfrX5z/8ABXP4O6Hrnw5s9c8R+JP7Y1g/8THw7pp/5hH6fz47c17mW51gsZa6ttbpfvutf6+fmZjw19S6Xa0ez/q/37H8l3hWCef9P/rZ/wA8V7TpV95H/wBcf56/oP0850qCCC+vIYOfsY/X/HHOeK6OCf8Az6fzxjP+R09LE4lW0t026beXp07dN/k/qz+vfh+Wu1u34a2P0t/Z6/bu+JvwPg+w6VefbdHGm/2dp2nfr/Ij24AzX3P+yF/wUY8ceKf2qPhX4H8cf8VJ4b8S/wBr/wDCRf8Agh8Sa9+HP5d+lfz8w308Hv8A/Xz355/zivvX/gm/BBqv7VHhu+n/AOYR4d8Xaj+eg+JOv6+p56VzYbE/1+HX57LvpswxOG/r7u3yWr7a9D9gfGP7XulfFTxx4l0rw5Z/Y7Pw34j1fTc9P+Y9/j2r8fv+Cj/w6nsdW0f4m2NnqP8Apn/IR1HHPT/J9favjSfxx4x8HfEbx5PofiTUbOz/AOFieLtR/wDK94k7YHP/AOv3r03Vf2jPGXirQ7zQ/Ed59s0e8x/xLdRPX9foOPyNen9afZ/h/keetGn2PjSx1yef+X/6/wDPHTFfuP8Asd/GK98R+B7Pw3qusad/oX1P16Z+n+efxU1WxsYJ/wDQf9DPp9Pr/nnPtX0L+z18RYPB2uWdvOf9D/tHpjp3/wA/Toa5cTh/rib+ej+5XfS+nkfe8N5jZWte2iuuumuunbo72P25nvv33/H5/ToP1/pVHz/O5z05x1/Xvj/OcV4toeq/b4LPF725/wA9Mf5Pt39jffXqPX1H6/rn3r5LEq1120/9JPtsNu/X9Gbk8EP+fbj8Ov4emTVGexg/z+P/AOsZ989qPtPv/n/vmoJ5/wDP+f8A65ye5PHhnaUZ7H8Py9e/v65749qyoP8Aj4X/AD2FXvP9v0/+vWX/AMvP+fWug6D2LSrCx8gT/wD1/T/PHXrXRQ2MEHv/APXz254/zmuH8K33n/p1/r09R64rsPP9v0/+vQdBrQT/AOfX+Wc4/wAnruWM+Pbr7f4/j2/CuI+3D3/WrsGq/wCf04P8uPUV431deX9f9um+H2+X6RO48/2/T/69cd4jng8jr/kf5B59cDB5qD+24IM//r9+en+fpmvK/GPjH/ngP9D4A5z+XGf84r0sNhv67fr+Pe3myjqvkTz8/TrnsPof1J7YrzK+g/f/AOcevrj37+vtWrY+KrG//wBH/wA/1H4frROPP54/n/Xr+PvmtznMqCD/ADz6/T/Dp2xz2NjBb+nt/wDW9P6+2eK5WtzSp/I+mf069+p/Tj8av60+z/D/ACOT6tbqvx/zOj8mD3/Nqw54P3/Pf/D26+nb6nrV6C+/H8/Tt7emO2feoPOX/Of8K5cTie2+lvL9e3Te3zMTsvT9UQQQf5/z/wDWGB2A5vf6j2x/n2HQfTFUftA9T+Z/wqhPff5/Pp/n1xzmuZYm/X8f/tjI3/tw9/1rwb44eMf+Ec8N3nn+3b/9R7Y6/wCNemTz6r/y42f2wen+fz4r5Y+OHwk+Lfji+N9B4aP9j/2d7f5/Hmvay3Ddtf6vrv8ApqvQ8jE4my1289v066d7/j+e3irxH/as95P/AM/n0/z164/wrzGxgnvr7yIPb8e3oTz+v8vVPEfgDxHpV/eaVfaPqNnef8hHHX1//VivW/2c/wBmXxj448R6PPBZalZ2eM6jqPTn9PavrsL9n5f+2nxWY4lO2t+356fh0/RH6k/sB+DrHw5Y2eq/Y/8ATbzTuNR4/Af5/kef3c+Feq32q/Y9Kg/00D8cYP8An6+3Svl/9kn4ETwQaPpU+j6defY/+Jd04/sjv64zj+fua/pE+C3wI+AOh6rZ6rpXgPTrO8x/0F9e75x/zMvvX0mHaVrv+vePiMVsvT9UdH+yv4A8jwP9uvrMfbLPr/jj3+v9K+4L6CfSvCvn/wDYI9f89h6dO5rzL4Az6VfeKtY8KwWf/Eo/tEY6Zzzx3/P8a+i/inZWVloXk2YxZ/2lpOecj25wPbOB7dsV83mf2f67Hp4X7Py/9tOx1U+f4PH00nj/AL5xjr7/AMsCrGqz/wDEj9f5/wBD/nHHWkuP+RKH/YM0r+S1S1z/AJAdnBjj8vqfqPp9Pf4vEfFH/EvyR3reXr+iM1z5/gLxUPXQNYH/AJClP9P/AK3avys1Wf8Af3nr7n/H8/rzweK/UnSp/wDijvEkA4xp2rn/AD+GeffHavyh1ycQarrEH/UR46Z/r6flX0OWbL0X5oF183+iX6Hu/wCznff8XU8eQf8AUu6Qef8A63bPP1r7Pr8//gRP5Hxi1jJ4vPDv+ffsD+H0Ffba33A6fp/n8uKvHL3lp9p/dZDP88D/AIJ+arPY/sy+D/I/6CPi4e3/ACHvEg579OvPbNfYk/iOf/P+f5fUd6+Jv2Cof+MbPB3/AGEfF2MH/qPeJP8APP096+xPsI9/1r+XeNMT/wALWafh57eXz39Gf2R4cL/jCuFdNebXvurX/wCCE+ref9Bnkf5/P+ua5yexgn62fJ+v8v8APt7dHBoXn+vtnnj9BV6DQ5/89v8A9XP5ivj1iFZbbf11R9weZT+HNK/58+vb/P0yPx9qIPhzY6rPz/oZx/8Aq/8A1/ljrXrcHhyf+ft6f55/qK1YPCv/ANbP54P9R9K6sNmW9/TX77/kvuA+ZfFXwW8RwT/8SP8As27s+D/+v9efXr1FeHz+B/GOkz/v9H1HPvn/AD6D8Pwr9EfsP2H+vuP5/wCTn0qjPP8A5/z/APXOT3J49PLs7t87fd6aPbb/ADOTE4a/5+vVf1bvpezfwlY33iOx/wBfZ6j+Hrx3/wA81Qn8Y65/qOv/ANbHY/4e/rX2lfaVYz/6+z6f0yMDn0H+c1w998K/Dl/P5/2P9PrnHHGT6/X2Ps/2k+7/AK/4dfeed9W8v6/8CPkKfxj4j7XnT6fh+Z4/D2rDn8f+Kuf+Jx2P9P0x+P419eX3wk8K2MHnz2f2P+Y6enT8K4ifwB4B6/Y/T9OOPzHtXUs6Wl/K+z/4P6nJiMIuy062+7u9/nf8Pmb/AIWN4p/6C/8An86rz/E7xjx/pnP4+/X8D/L1r6S/4Qj4c/8APn/L/CqU/hXwBBjNnz6846H1z/I+3v04bO8Fp+P4fPr6/jfm+q/3fw/+1Pnr/hY3jG//AOXztx9D6/zH+RWh/wAJT45/5/P1r1+ex8KwcQWf+mfXjP8A9b/Hmvr79l74EeB/H8+sar4/vNO0fwfo+nf2jqPH/IXz6/8A1vrXtLMsE7WS121XW39f8PpzWiuiX3H5+eHNV8f+KtVs/Dmk3n/E41j/AIl2nenr9PoBX0n4j+C3hX4c6JeT/EbxL4z/AOEkGnY04adpH/Eo/tf/ADz3/Mc/W1j4j/Ym+Ffir9xo/iL7ZZ6j/wAS7UR/nH59fTpXzn+0L+2lffHGx1j4O/Dnw3p32OzwPDundP7X+n1r08tw312z12utv0/B+h8VnWY4zokrdFbaystu33ad7n1R8HfA/jjwN+zno/j+++JHh3R7O807/indO/5C+rZ5r5X+P2leI/i38Obz/hKtY03/AE3nT/p19T/n9e4svjhrnwk+BHg/wB/wjf2P7Hp3/FRf2j+X5+n1xxxX5peMfiN4/wDFWuXn/CO2epXln/1Dv8/r19816axONwNl0Vtlsrrp5JeR+f4m2Nvpve/a/TTfp2Z+cHj/AOHP/CsdVvLGD/TPtmo+/Pvj/IPtXnNv0H1H8zX6ofCPwP4O+I3iO8/4W5Z6dZ2ej6lk6dqPPp3/AE//AF8/L37V/gDwB4A8Y2cHgGz07+x/7O66dg5A9T+P519tluZfXeW++nXfvv3uvvVrHxWZZd9Sfrtv1tp0enW3lrpr8ywQQf59Px9M+3pxxn9Lf+CaQsfDmuftIfEC+0f7Z/wgfwI+Iuo6dqXT/mA/px/nivy988eR9oz39P8APGPwx+Vfp3+w/PcaV+yv+2x4/gvP9D/4V3/whn1/tf8A4Rv074/D+v0eF+z8v/bT5vEb/P8AWR+W0Gq/259s1bP/ACGNR1fUc8f8xfXvoM/5HBonn/z/AJ/+ucnuTxh2E/kQeR6fUYx7d/y/kavmCef/AOv/AC/TP/6+eg84rzz/AOHH+fxAP1PYUaVBfQTjyP8A9X0z+H+Fatj4V1aef9/x6/jjj+p9M19C6H4Vg8D6V/wleuWf2yy6/wBnf59Afx/Wg9rLdPlb8Io9++Dvj/7FodnB4jvP9M6n/OB+p6V9baVqsE8HnwdP8nt+hr8W7j4m33irxxZz6H/xKMaidO/s7/PX/JOOK/WyDz4NK0fVeLM3mnD+0dO6n8uc4/OvnMyw3z0/yfn5dVpZ+Z99luZWSW+3y2+XS2p6N/aHt+lXvt3n/X9Oo/T+uc1wEM32j6dj/n/P9NWDv+P9K+aPcWJvs99v65To/tA9T+Z/wqCCfv8Az/Idvryf8DXOT33kT/5OOeO3/wCr9K1YJ/8APr/LOcf5PXoOzc6OC+nsc/p7fh/n+dYd98RvsPr+H0657/z9aT/l2/z6VwOq+HJ76f8Acf4dOOvPOPSg6DuLHx/Pff5/Dj149f8AGujg8R/9Pn+ff8sfh+NeZQeHPI+x/wCHXH5/y71Y+wzen8v8a5zoPRdV1X9x+4vPwwP1A56j8q8c8VarceT5H04B/wD15/XtXVz/ALjn/wDX+mO39eorzrXLGe+nEE/06Y/z/nGK6DnPONK1WaC+4+o/z9P5e9fQuh3/AJ9j+/H+fxPc8557V5j/AMIdBAPPgzj19+39Ofb3rudKsZ7H0H+fQ4A7dvWrxNtLd/8A21AdHP2/D+tHn+Tznrzjp+vbP+cZqjPP/n1/lnOP8jrkz33+fz6f59cc5rl+rvz/AB/+RI+s+S/H/I6T7Z7/APjtH2z3/wDHa5T7cfb9Kg+3e6/5/Ckc+K2Xp+qOknvv19vX/wDV06VR8/z/AOX079PfH9frys995/P64/wz0/8A1+lef+I/HH/CK/v/AP8AX/8ArPX8s4p4bC+V/ltf8d7dd9ul/Kuluz7Z+GelTz31nPPZ/wDHn9OO/wBf8nsa/RLwr4O0qfQ7ODXNH+x/bP8AOcdP0/nX4Y/Dn9uix8AT3k/9j/bLy86f2j+vtz/L8a+vfA//AAVC8D30HkeK7T+x/wAPX+hA/nX1uW4bv/wH5626euh8ZmWJv5eX3adH+D3R9h+Mf2c/hX4j1X+1dV8N4vf7O/s7v09P/r+/FZfhX4SeDvBuq3g8O2f2P7H/AMS7+fb618P+P/8Agpp4VsYPI8O2Z1j8/wBP8/menzlY/wDBUnVdDvryfXPCH9sfbf8AkI/2dnrzzxz+P19K+kw1r9N9Pu/zt+B839Xk97/j/wDIn9Qv7NmlfYb7z4P5/wCPpx+HTNfpr4VvtV0qD7d9s/X/AA9+3Ffyd/s9f8FevgRpVxZweI9H1GzvP+wvn/JxnH8+5/R/wd/wWy/ZXvrHSNK1zWP+Eb/4mP8AyEv7X/8Ar+/f61seb9XXl+H/AMif0Kfsha5qs/xU8YWE/b/iY84/z/nrX3D8YtVnsfA15qs//Lnn/Dp/+qvwi/Yt/wCCk/7GniP4t6x5Hx4+Hfhv/mHf8VF4u0HSP7X/AOwD/PNfsR8afjF8K9V+Dusf2V488Gax/bH/ABLfDv8AZ2r/APIX1f6dsf55rgxFm+6v+rOnDdPl/wC2npvgf4mzeI/DlpB/1DvX8Of8/XHFd/fTm4g4/D6f5/lXxd8D7HXLfStGnvrPUbOzvP8AiXdPp7ev88V9T/EbXIPAGh/br68+x/8AEuP6cf8A1vTrXyWY5bs1razt+PT7tfS+yPQNWxn8jw54kg5407V/b8v/ANWefpX5Q+Mv+Qpq/wD2Ev619zfB3406H8RvCvjzXLG9068s9H1H/hHf+Jd1/D9Pr29vhLxjP/p2scf8xH0+nvXThFZWXRJfiB1Xwk13yPjFZ+v/AAjox7f5PHOBn0r9DdMt/tNpHL/eJHp0x2r8rPA995Hxi8N9vtmne3f8ex+n4da/Wzwp/wAgS0+h/ktenX6fL9ToP85j9gr9x+zZ4P7D+0dX5/7j3iTPp+uO/PevtKCf+o5/z+JA+o7ivjv9h+eCD9nrwf8A9hHxd6/9B7+f/wCr2r6w/tSH/IP+NfylxZh750uztfz9dvxXz6H9l8A2/wBWcq2sl92kPu6/idHD1H1P8quwT9/5/kO315P+Brlv7Wt/Uf5/Gm/25D6j8xXzn9mf3v6+8+i+s+S/H/I7iC+8j/X/AP18dB/PH6kVDfeI4LeD9xxj+g9s8/Xg5rjv7ct/+fL9T/hS/wDCRwQf6izz/wDq/P8ALmub6uvL8P8A5Es1P+Ekg/5b/wBo/p0/kep/l3pft+k/8/n/AI9WFP4qn/58z/j/AJP5Y9DWF/wkX/Tm35f/AF69LDYZJdP8un/A38l0TDsvt+k/8/n/AI9RBfWOP3Hpx6f5xXG/8JF/05t+X/16hn8Vdf8AQ/UfyHb8j+nrR7CX978f/kfJfccf1e39f/bGrqs8E/7if6/TPf8Az07HFeV6rBBBf+3of8/j+tXr7xXjjr35/P8Al19643VfEVv55/0P/Pt7UfV35/j/APInZbp2/QsTwf5/z/8AWOR2I5xPsUHr/KsmfxHPPxB64/8A19+Rj09KwzquueefP/n/AJOP8c+grpw2Ffb59Onp5Pvr5q/Hif6/8lPTfDngC+8R6rZ2MFn/AMfmon19O3r/ACzX1d4V+Enjjxj4jvPhl8OLsWdno/8AZH/CReIv+YRpHp07/j7Vy37IXgfXPibfeJfI1gWWsaP/AMi7p3/QX74/UfyzU998RfjF+zLP8VJ4LP8A0zxJ/wAS7UtR4/z3PU17eGvrvt+v/DHwGc4fGaNNaWd01tp221Xl5aaHwj/wUK+AM/wyv7O+0r4kf8JheWeo/wDEx/s78P5H8fYAV8hfsrz6VrniOz8R65rH9j3mkaj/AMS7J/8A1Z6n/wDWcn1v4m+P/GPj+e8n/wCEa1G8+2H/AImPXqOo6Ht+Br5ln0P+ytKvBpX+h3l57f5P+egr9SyX/cvkv/ST4DMsysu72v2/r/M/S39pr9ovwr4qsf8AhFdDs/sf2P8A4l39o/8AQX9uc5/l9O3y98K/iNP4ct7yCDn7Zzk+n+fw4rlbH9nrVR4Hs/G+q+Mftn2zTv7R/s4//rPT8fxqjY/DrxVPof8Aa2laPqN5af8AQRx9fy/XnrXtLDfXOlmvy22v6W3/ACPksNmdutr9b/j+S+fax39jfaV4q8f3lvqt59j+2f8AExPrx6/5P8q8I/aa8HeHfP8A+KcvPtmNO55B69Pw9s/rXHeI/wDhI4L7z/8Al86n/wDV0/yTxXK+HJ9c1XxH5Gq/8eY/HH9SOPX9MV6WW4Vrp/S1+X3r8meJmeJ+u9d/w/P/AIP5fNn7+wgvP7btP7H65zzj9M9f/rZ61+jHwPsb7wd/wTL/AGkNc+x4/wCEk+Imkadp3r/zLfX/AB/n1rnPip8K/B3iPSrOCw4vP7Ox9OmOn6/XBq98fr7Svhx+zL8K/AHhW9/0PWNR/tHxn/Zx/wCJRq+rk9/y9e3SvrcL9n5f+2nxJ8I+HPA+q332P/RP88nPb0/H3r1TVfB2h+BrGznF59s1i8P/AIKP6/z4xxRP4q8jSj9h/wBD9ff3GPr+NeET+I557/z5+3b8fUf/AF+5roD6t2X4f/an1D4V/sK4gPn3n2y89scfn9f68ZrL+LfiqC+8Of2VY/ofT2Hb8/wrwey8R/YYP3HP9Ov8sE/h0qjPqs98f3/689/89ug71z4nrbz/APbj08LZN9Nf0D4H+HPP8f2c85/0P+0f8j+fvyee5/c7xV4bg0rwdo9xb/yPJH+e3/16/GL4Zz+R4qs8fT/P+fftx+8fjjyP+FVeGs/8fn9nf568dM14/wDX+R9FhfLtpb1Pl6Cf9/n/AD/X8vX35PYWN9+4zx9Px/LH9fevJfP/AH/fHTv19OnT2zj3rudJ7f8AAf618xiN/n+sj6bDbv1/QTVZx5/f8z/h/Kus0n/j3X6f4Vw+q/8AHwPof6V1+hf8eH/Ah/SkeqdHb9R9B/I1PPB2/l+Z7/Tgf4iqUPUfU/yqWe+/z+fT/PrjnNB0Czwf5/z/APWOR2I5ozwf549Pp/h07Y5m+3Qe3/j1WIP3/H5cf4Y/znrXQdBleR7/AK//AFqo/Yf3/wCPX/POf1rpqrecff8AIVh9Yfn+P/yQFCeCD/Pp+Hrj39OecV6sT9vw/rVejD35te63/wC3QMvVZ/6Dj+Rx/L8z0rm/P9v0/wDr1f1yf2/z+Y/z6duV+0H1H5j/AArc8vE4nt5ar5/1v3v2NXzl/wA5/wAKyZ77/P59P8+uOc1T8/2/T/69eceKvFX9lfbBjj/Prxz+Xbimt16q/wB5zYnEp9rfn+P69d7NXo+OPHFlpVjewfbP9M/H2/z+VfIXirxlPfT4+2H/AD/LFYfjj4jT65fXkEFn9jB6+vU9fXH4/j28kn1aecn/AD/9fj/DPv8AW4XC6LTon66f8Dv002VvksyzL5t6adP+GeyOqnvv3/n56/1/zx17+1UP7Vn8/rxnH/1vp+P4VzH24e/60zz/AG/T/wCvXpHyX1iXd/j/APJHSf2t7f8Ajv8A9eoJpvtH17n/AD/n+nOTz/59f5Zzj/I6kE/+fT+eMZ/yOgH1h+f4/wDyR0djBBBP5+eh+nXr9P8ADHrRPP8Av/T/AD+P6/lxzi/bh7/rVbzl/wA5/wAK6BG59un/AOWF5qNn7adx+P0r3Dwd+0L8cPA+h2eh+HPip4zs7Oz1H+0dO/4m/wDa/wDZH5Y9eQfrx3+efP8Ab9P/AK9P+3D3/WvPOc/o8/Yt/wCDhX9qH9nPQ/B/hzxxead480fR9R/4mOo6j/yGP7IHr/nAr+tD4N/8Fjf2QP21/CllbaB47Wx8dL4cxqHhu/1YADVhzwBgAZ7ADn0r/Lw8/wBv0/8Ar11eh+I9V8O/v9KvNRs7z/qHn8P/AK/1/MgfWfP8f/tj/Ud/YQn0rVdC/aEg0u8z/wAVn/aP9nfT/hGz+X+fesrxjffYb7WYJ+f+Jj/Ufp+nH1Nfwq/sI/8ABWX9pr9lfxx58/xI8ReJPhve/wBkf8JF4M8Rav8A8Sj/AIlHH6V/YF8Mf20fgf8AtX+ALPxx4A1jTv8AhJLz/kYtO/tgf8SfV/8A9X9Rj18y31N20bbt5f8AD/1vv6eGtrtv+n/DH0Z4c1WD/hZvgPVff+f9cj1r9dvDWuQf2PacD7p68envX4leHNbsZ9W8Hmf/AI/P7R1j/P8ATqcV+tHhqf8A4k9p0HynqR7euf8AP506zu4+hqf5/wB+y9BB8K/hJo/w/wDFXiTTrzWNH1HWP+Jjp2r9tX172/r/APWr3D/hOdE/5/D+Q/xr84NKnnFjZ+f+v/1/y6dDwOlem+HPFXhzSoDB4j0f7Z9Ppn8x7dvSvwHiPhxvida3Tu291tHq/P0/E/qbgrO7cMq+lum3Z9dVp5LyZ9wQeKtDn/5fOePbrjqRj9a3f+Ej8Lf9BjT/AMv/AK1fFn/Cf+AP+WGj9P5//qHasn/hK/h//wA+Q/IVzrh3yf4eX9fN+VvaXEW3y/Tz9fx8j7auPFXhWDn+2dO9v89eePzrCvvHHhyDj7Z/+v0Hvxzyfr6fF9x4q8D/APLGz/P/AD+FZN94q8OfZ/8AQbP0/wCQkff/AB9vXp23XCe23Tp6f3l3X3vzD/WP+vu8/X8fI+zP+Fj+Hf8An8/Q/wCNZM/xU8K/8/n/AOof5zz+nAPxb/wlVl/z5af+v+NQf8JTD/z6D9Ka4TXpt0t/L/e9P6ucv+t0vP8Aq3+X9XZ9lz/Fvw5/ywH2z/8AWf8APfAqD/hanhyfrZ+/Hbt7/wCcj1r4mn8Sfv8Aj9PyHt9On9RBB4q8jv8AU8d/r9f/AK/NdC4eWl7Pa/nt/n/V1cXFstN+n6f8D7/PX69vviNoh/8ArevWuOn8caHPOPf/AD6D6fWvmW+8Rzzzn7OfbB/Pv+PpWHP4jn/l7ev+eP6muuPDWzt20/G2/wCg/wDWJ93+H9f8N6H1h/wmGiep/SvaPgf4Hg+MXjGz0OC8+x2fP9o6j/0CT+P+HX9fzn8N65f65rlnodj/AKZeXmoj+zv8nBr9c/gR+y98cPhne2fiPXNH+x6xrA0jUf8AhHcf8wj/AKj3X/8AXmtv7E/rXy/yX3HmPizR3W+n3n1RB8OZ/gDBear4HvNRs7Pj+0vEXiL/AIlH9TzXjn7UP7V/gfVfgt/ZWh3mnWfiWz/5COpf9Bfj1/D/AOuDXln7TXxw8VfE34xaP8HfFWsad4bs9Y1HSfDuP8Ov+fevl79pr9l7wP4A+2eHLHx79svLP/kI6iMfQf5z7HFVhsks9luv0vfv1/DfQ+LzLiW915+f4ba9tdw/Zs+LfgfVZ9YsNcs/th1gfp2xk/z/AENeH/tbX3hXwrpX2/w5Z/Yxedeev9B78f8A1vkL4ZaV4xg8Y6xY+Fc3g0fj+foD1/kcelT+KvEeuar4qs4PFV59s0ez1HGoadqP+R7dO/X3+ty3C2to9Nvwslb5bo/NsyzO+u9/w6+v3fnY3J/jh4qg0qysZ9H1H7HZ6bn3/wAn1/HryPvX4c/GLSp/hzZ2N9/of8v545/HH4V+c/xG+NMMH2ODw5o+nf2PZ9T/AEx6enTpXi198adVvv3H/HmDn/I/z6mvtstw3dff+etuy79PI+T+tPz/AA/y8kfbPxG8R+FYNc+3WN5iz469uv4j8K+a9c+KljY33/Ers8Zz/wDX/wA/l7eBar4/vr7/AF/b/PT37fr0riJ76efI/wDr/nwen9PevS+q+X4f/ah9afZ/h/kfQmrfGnVePc/z/L0/+ue174q+Kp9c8K/De3vrz7ZZ3mnHUe2fw/z7V8z1754xng/sPwfYz2X/AB5+Hfy7fj+HPvXT9Xfn+P8A8ichw99f/uf3H6/X/wDX19zXn99P9P8APGOv+emc81fvr7/lhz/h3z0x+tc5P2/D+tI5zVgn/wA/5/8ArHI7Ec6sP+o/z/dNcrBP/Uc/5/EgfUdxV6C+/wCe+c/z46+uK5zoOq0PVYLHVrOef/oI49PXgf8A1/Wv340nVYPEfwr8Nz/bPtv/ABLe+fX257D9eK/nW8+Dz8cZ/wA8+n4V+wP7JHjH+3PhJeaVPef6ZZ6j/Z38+vsM88+1ebmK8vtP7tPwPpckxN/Pbz2em9+33vtqV9VnMF8Tz/n/ACfr047+j6H5E/v+OP8APTPT681w/jmCeC+vOP8ADv6+/wDLvXOeHPEc8F95E+OMHnP+fftXzJ9Xse4X0EP9eT+PQ/qfxNXrHEEHb8vX+vHf9ao+f58HH+ew/wA9uRV2HoPof51znZ9Yt/X/ANqUtc1y30r0PTt/n/OeprzKfx/BP0vMemeP58+mPyrh/i34q+w395YwH0/yP14NeAwarPfHyP59B6dM/wD6/wAK9PDYb5Lf+v8Ahu2lr35vrTXR/h/kfV8HjiCfn7Z+Weg/z2r03SvEdv8AYTznPTqc/h7e+ePxr47sbG//ANf7Y/w/T6/nXcWPiqfSoPs/v/n/AA4HPSn9VfZ/1/295r7zow2Zfhb/AIbX083r6n0n/wAJJYf5WqM/iOD/AD9P0H8vTBr56/4Tgeo/M1Rn8Yn/AD9Ppx/TGe9Ssld0/T+a/wCdjp/tL+9+J7vP4qwT5HT+f+P+NEHiOefv29PpnseOtfNk/jieCfj6f/WIHHP+e4rc0rx/BPP5Pv247c/5zTxGFtay7bJ9LW7/AC/ys15v9pLt/wCk/wCZ7hfX3n+wGO3IPqff+fHFYlV/t32iDz/1/wA5/wAn8qM99+vt6/8A6unSjDYb7v6/4HTtpbfmxOJ0/rS/9du3q555/wBxj/P4Z/lzz6GvnL4j30H+mc5/P+n4/wCcV7VPffp7en/6+nWvi344arcQTiDvee/64+lelhsNrrrre2+1n/l07aX1Xi4nE/8ADdf8v00+75s1Wf8A068+vTn+nH69OPeqP2gep/M/4UyivolokuyR8wR/aff/AD/3zR9p9/8AP/fNSUUzxwoop/2ceh/I/wCNADKqfaD6j8x/hV77OPQ/kf8AGmUHRhuny/8AbTN86f8Azn/Cp7fqPoP5GrdR23b/AD/eoAnt+g+o/maLjofqf5ipoeg+h/nVagDR8jz4PI7c8n/P9Pr619Nfs5/H7xV+zn4x0fxH4VvNRNnZ6j/aOo6cOurcen6cn9K+ZYJ/88+v1/x6988T+f7fp/8AXrnxOG/r8eny69td0NOzv/Xc/u4/Ye/bD8AftX6V4E1WD/im/Hmj+Iv7O1HwZ/yF/wA/X/Ac4r+n3wp/yBLT6H+S1/lVf8E/P2k5/wBmz9pr4P8AjHXNY/sfwH/wmfhH/hYn9o9vCP8Abx/t/v2/E9TX+k18E/22v2cfid8OtE8YeDfit4d1fQdSWT7NfYP7xo9m8dewdT+NeZ9W81+P+Z6SxLSSs9Fbp/kfwK2X+ps/x/mtZWq/8fA+h/pWnpX+os/+A/8AoJrM1v8A4+F+n+Nfk2J1xt3q/P0if0Plv+5NL7l6Lp6/iZP2g+o/Mf4VS8/2/T/69TTwf59f5Zzj/J6w+R7/AK//AFq0s+z/AK/4dfed113X9f8ADr7w8/2/T/69N+3e6/5/CneR7/r/APWqvPB/jx/n8AT9D2NPXz/Hy/4H4eQXXdf1/wAOvvIvtw9/1o+3D3/Wq3kXH93+VHkr/nP+NLXz/r/hl9xzhPP/AJ9f5Zzj/I60f9J/zmr3kr/nP+NEH/Hwv+ewqPq0vP735f3vT8PI61iF0t/Vv7vp+Bl+Tf8A+dv+NdTofhXVfEd9Z2Olf8fl4P8AP5/1HqMTmCCf9xB/x+d/p6Zr1vwP4H8Y6HfWeqz6PqNlZ/5xn6fp6Yr28twze932vd322+9b36ddDy8yzNYNNKzumvnbv80fox8Mv2LPgf8AAHwr4P8AjF8VPiR/xXl5/wAVFp3h3wZ/xNv7IH+f5fhWr44/4KBweHPA95oUGj6j/bHiTUf+Qj4i4/4lHr65/meleH/DL9oWx+FfiPxJ4q8VaNp3iT7H/wAS7w7p2o+/+e+Bj2NfGn7UP7XsHxNvv9B0fTv9DHfjp/T+f05r2sNlv3/09d3s/wALn5zic7u2un9Pz76ff1RR+MV9P448feG/i3Y6wNH/AOEa1H+0e3X9Pr68V5X8R/2hdV8Rz3n9q6x9su7z2xk8+x/X/CvknxH8RtV1X/R57zUf9Dwf7O/L/PH/ANevMp9Wnn7f/q/D0P8A9evSWTbXXb+tv1+Z83icU+7d/O/6v8+m90re4a58d9dsdK/srQ/+JPeXn/IR1HTvX8z7/wCc14ffeKtVvp/Pvrzt/L8v5ev0rCm6H6D+dQ3HQ/U/zFe3hstS1sl8lb0/Ly172Pm8Tif0Xp+umnTt86N9qt9cf5+vOPx78daw55/88+v1/wAOnbHJN/rz9B/6DUHkr/nP+NeilbY84POX/Of8KvQT/wBRz/n8SB9R3FUfJX/Of8avQd/x/pQL6wvL8P8A5IsQd/x/pXtHiq+sb7StH8g/8eenf2dn+f6Hv+mTXi8Hf8f6V0VjBcTwef8A/X+vXHr/AJGKDp+s9n+P/wBscrP2/D+tYf2n3/z/AN810V7/AK8fh/6FWDXOdA/7QPU/mf8ACoPtPv8A5/75otu3+f71SUAP+0D1P5n/AAr3f4HeP5/AHirR9V+2Ys/7R/4mOnemfr/9f+teC1asZ/I6e+P5fj/k+tFk90dWFxP1Jq2t2rO+mvXv5frrr+2V/wCKvCvjiDz9DvPtnT1/z+leZX0H2GcT4PQ/T/6/+HX3+GPhX8TZ/A995/8Ay59/8/1zX19/wn/hvxHpVnPpXF4B7/jjp/P1968TE4brt19fw/T5Xtf7XC4pYxbrSyTv1svR9Ee7eDtVgng8jA/yO/t68AfrXqljb9/w4/8ArH8Ontnoa+QvCuufYb/1/wA/1+gr6u8OeI7G/g/cZ/z6n24/UV5R6mG3fr+h8XfGmxvoPEd7N0x/n8OnXuQK5z4ZaF9uvvPns/b0A5/LvwPevoz4xeFbjxHb+fY/8fn9o/59PTjHT16UfDnwd/ZUH7/+f9P8/SvVwuz9P1YYnp6/ojcg0ODyPI+x+nrz9cf/AFxxjvXOT+HLH/D/AD+f168AV7F/Z/v+tUZ9J8/8Pqfp/njv616Vl2X9f8MvuPMPD5/Clj2+n0yP6cn8feqP/CHQefn7H79OcfX+n617vB4bnnzj+uP8/wCe/GrB4Vn5/Ht9K6TnPlDxl4O+w6V9ugs/f059z+NeA2M88F9+/wD/ANeO3I+hPWv0m1XwdBPB5P1OPzJPH6H/APXXyF4/+HP2Gf7dY/r/AJ9/89a5sQlbbp29f8l9yA7Hw5fefpVn/U/5/lx0q9PP/nj0+v8Aj175447wdmx0ryP8Rn0/z39K5Xxx44g0qD9xefTJPf8ADPp+HX0rzfq3mvx/zOTFbL0/VF7xj4xsdDsbzz7wfbPU/wD1/wD62fTGa+GPGPiP+3L7zz+v8+Of/wBf4VR8R+K77Vb7z57zj8/y/wDr49e9cdPP3/l+R7fTkf4mvSw2G1/rX9Px728vFxW69f0Qfaff/P8A3zR9p9/8/wDfNSUV6J5hH9p9/wDP/fNSUUUHPietvP8A9uCn/aB6n8z/AIUyigB/2gep/M/4UyiigAooooAKKKKACrMPQfQ/zqtT/tA9T+Z/woAJ5/3Hr/n8P1/Lnj7O+D37bPjf4U+CbLwfYajNFbWlzc3KLFrGEzcCLJH/AH7H4Yr4qn/f/wD1u3p1x/nr7xrAAOf6/wCP86wxG/z/APkgP230T/kF2f0H8zWFfYnn9/z/AJ9+P6YNfvH+wj/wRw/4a2/Zl+G/xwsfiT/wjf8Awkn/AAl2nf2dj/oEa94k0HpnsDX1t/xDq3H/AEWwf+Cj/wCtXwGIyN3uk7XWuvfv8uny6H6jhuLo4K/vK3XX+vuVr9D+Vyiv6oz/AMG63af4wc8f5Hf1/Kucn/4Ns7Gefz/+F8aj069B/hj/AD3oWSY17L8H/XRfcH+u+B/nf3f8HyX3H8wf+jf5xSQfvzn8uf8ADH+c9a/p2/4hs4P+WHx41H/POOfx6/zqeD/g3P1Wx/5rZ9s6/TP+fx54yK6MNkeO2a3te69P8vTRdjpXG2B79uj8vP0+/wBLfzIfYf3Hn8emOf556Z49M1zk58jjj+X9Ov4e2K/p31X/AIN6/iBzBY/Ej8On/wBfv+metecf8Q63x3n/AOakeDP/ANWDngHPb/PNekuGXZOz2T1Xpvr5r7zq/wBdMB2/H/gn82f7/wA/vnP45/8Aia7jQ/B3iPxH9jg0PR/7YvB+GP6f59Bx+4HxV/4IOfFv4OaH/wAJV4x+JHgz+x+fy6f59+nFeH6H4V8K/s82Oj+f/Z154ks9O9B/nPGPT06iunDZGusX0T0/wt+miv6JbaHh4ni6+mEena/TRO+vay/pHh9j8Hfhl8D/AAP/AMJx8RrzTrzxIB/yDtOxq/8AY/8Anvj6V8MfFv8Aah1zXL79xefY7Ln/AD3PTH86n/aM+OGq+I9V1ieD/kD3nof8+3vzX5v+Ktc+3X37jnnqc+o+n+RXorLVg0tFrbTTfS3zXb/hj5zFcRuVk23fS1299f8AgHuPiP4t32q2P2ee89/yPoPz9O1eA6rrk9x7dPXv6g//AF65Weefr0/zj8x7+3sKw76f9x/nPp6Z9u/p711LCrpH7l/9qeH9Zk9bt9ev/wAkbn24e/61B/aHt+lcB9um9v1o+3Te360HMsRjtNNPXp/wx3H2g+o/Mf4VlTz/AOHH+fxAP1PYVlfaB6n8z/hUH2n3/wA/980HOT/aB6n8z/hV2s+n/aB6n8z/AIV0AXfP9v0/+vRB3/H+lUvtA9T+Z/wq7B3/AB/pQBoQd/x/pX3N+x34U1XxxP4w0qx8H6d4k+xjSNRxqP8AzBz6nqf8ivhGCf8AqOf8/iQPqO4r+gb/AIIHaV4c1z44fEjSvEY/5DHh3SP7O07UfX6fTv8AyoA/H74/fBbXPhX4qvLfVbMf8Tj/AImI6d+vT8v/AK2a+bJ7H9Pf0/8A19elf1zf8Fnv2UdD/wCEN0bx/odn9jvLP+1xqP8AZ2kf8xf9fXp61/JdPDNBP/jjp+g6fzHPag6DK8lf85/xrKuOp+h/kK25+34f1rnL7r+B/kaAHecff8hU32g+o/Mf4VlQd/x/pWhQBqQX3+fy6/59M8YrvvDnj+fSfx/Ln/PGK8dqx5/t+n/16LJ7o6sNing+r3S1e23rf8enz+yoPi3BOft3/P57f/ryRn0P+H0L8Ofi3pU89nB9s6ewH/6//wBXXivy2gnm/wA+/P49Px9cCux8K6pcQaro8H2z3PJ/p7//AKq8XE5b936eW66/gfWZbnV2l6LrZvS6+X9K237gTf8AE1sf3H/1vr6/p+QruND0qD7B+PXoeO36eteV/Dmf7d4cs+P+Yd9f0xjp1x3Fe4aH5MEPkf1/D2/yea5sNhvv/r/gdO2l9vqk7pPurif2X/vfn/8AWqH+yff/AMe/+tXRfuf9r9apTzQf57fl+mPXjnNdZ55RgsfI/rjn8+3B963ILH8fy9e3v6Y7596w4J/3/Hf/AA9+vr2+h6V1UE/+f8//AFjkdiOegDDvoD7c/T8uvT26e/evCPH9jAIOOnrx/njH+Ne73059uPp+fTp79PbtXi3jif8A/WPz6/4D6HtQc58oeKtcsvDlj/z59j/kf5H618MeOPFU+q337i87/wAhjtg+/b0r379oXVp4J7Oxg/8A1e/v1544PX3+O7j/AFw/H+Vc55mK2Xp+qI6KKr16GF+z8v8A20+dxPT1/wDbUaFFZ3nH3/IVN/r/APPGP0IwR/8ArzXQeYW6KKr0HOWKj+0+/wDn/vmo6r0AS/aD6j8x/hR9oPqPzH+FRVXroOgu/aD6j8x/hR9oPqPzH+FUqKAJ/OPv+Qo84+/5CoKKANiiq9WK5wCiiiucD/VK/wCCG3/KNn4Df9hL4u/+ra8SV+s1flB/wQx/5RqfAf8A7CPxb/8AVt+JK/W+vbw2FTwV7LS3bsnvq/xfTzt8VicU+79Lu39dO/659V62KZ9nPoPyH+NejhsKuyfXZdl5enTZLS+3L9Zl3l97/wDkvJfcZVWIO/4/0q79nPoPyH+NHkeR1/yen+f58V0fVV/d/H+uiGsVJW1lp5v/AOSIqrz6rBYwXd9fZs7Oz6+vGT/k9+enFTGDz+np/PH69PXtiv55P+C2X/BQrSvg58Krz4LeFfEmpaP481j/AKB35f8A1v8A61XZdl939dl9x6f9pO1uZv5vy/4H4eR4D/wVX/bZsfFXiq88D+FfEf8AxJ/DfT+zsdz3/wA/1r+Zf47/ABp/tXxHZz/2xqP+madq/wDaR/T6/oa4jwr8Ytc8R+ALy+1zWP7Y1jI/4mOo8cenPX/9Yr5d1zXJ76e8nvvXp+P1/XH/ANbw8Tv8/wBEehhsS9tU9vXRefkuvbW+/nOua5PPB5E95+fr2+v+FeO30/77/P8Aj+OB9fau41yYXH+f5cdwK86m6n6j+VeYdYtY99P+4+z/AOc+vv6+tLPP/nn1+v8Ah07Y5w55/wDP+f8A65ye5PAdBSooornAnh6j6n+VWaz6KANCrFZ0PUfU/wAqWugDQqzD0H0P86xquQT9/wCf5Dt9eT/gaANSDv8Aj/Sv1D/4JQ/H6++B/wC1D4Dn+x/bLPWPEX9naj3/AB/L+R6V+W0E/wDn0/njGf8AI6aularPpWq6PqtjeajZ3mj6j/aJ/s7/AOt65/nig6D/AErf2xPhlpXxN+Cw8+z0670fxJp39o9fx9q/zu/2hfA994H+KniTSp7MWdn/AGjnTeP5fz4/MV/cP4//AGjJ/FX7NnwHn+2f2ObP4M6R/aP/ABN/+Qvq/wDYPQZ/T8j6H+Lf9qjXT4q+I3iTVZ/9M/4mOf5+34+nsOKAPkift+H9a5y+6/gf5Gta+n+v+eMdf89M45rE8/2/T/69BzleDv8Aj/SrFEHf8f6UUCw+3y/yK9FWKPI9/wBf/rUHSV6vWM88Gq2f/YR+mefz/HjkVDB3/H+lXbHH9q2c+Py7+n+ef8efE9fn/wC3Hp5Y7avuvyR+1fwdn+0eB9Hn4/5B3+R+f+e1e4WN9+4H9ev4d/8A69eA/By+gm8HaP8A6H9j/wCJd7f5x/LJr2KCfv8Az/Idvryf8DXnn3uFxOivulb1t/Xb08uq/tT/AHfy/wDr1Rnvv6n+vP8AUn2J7Vhzz9/5fke305H+JrDnvp/x5H4cD+Xp7Y710AdjBfYn/l/Ln8v8Oa7Cxvvp0Hp6D9P0x7V5ZYz/AL/09+/58n9BXb2PX8B/IUAbk3Q/QfzrxDxxfeRB3/z68/j9a9pvp/s9jeT+3f044/DjGR1/TwHxjPBPB58/P6fnyfpj35rkxPT0/VAfmX8cL6efXP8ATvwzz68dc/8A1xXz1c9/8/3a9i+OF9BfeKh5H/Hn3+o6/wCfTPavEa9PDfZ+X/tp8VmWJ2666f8AA3/Ja/cFFV6sV0HiXb3YUnnH3/IUtV6DoLv2g+o/Mf4VFVeiug5woqeHqPqf5Uecff8AIUAQUVP5x9/yFQUAFFFFABRRRQBoVYqvVisMRv8AP/5IArPqxWfXMB/q7/8ABCqD/jWl8B8dvEXxc/D/AIu14kHf3+v4V+vfkwf5x/jX5B/8EKf+UaXwF/7GL4u/+ra8S1+un77/AGf0r6TD/wC6P5f+knwGI3+f6yJvI9/1/wDrUsEH+efX6f4dO2OS+8+30vz+Pw/yfz9vevzg8c/twWOk/GnR/hzodp/od5/xLtR1H/6+PX3/ACNejhtn6fqcx+j3ke/6/wD1qgm6H6D+dQ2N9BfWNnP2vNP/AM/59MjrUtdY47r1X5mZqs5sdK1i+nx/oenHHtnH1/z7c1/mGf8ABVD9qH/heH7UPxhn+2f6HZ+Iv7O07/P9Md6/0Zv22fibB8Hf2UPjZ44n/wCXPw5q+nacPrn155xx+POK/wAlD4q65fa74j1fVb4H7Zeaj/aPb8f8euBXnn0WFWkdOi/J/wCS/A3PCviO+gg+wwXn+h3vP9nf/X9utJrl/wDT9P8AP+TnvXlng6ef+1fr7en8+O38q7HXJvtE/wCf+fTuMjiuc7Tjr6ec/wCP9O/+eetcrPP/AJ49Pr/j17543L7/AFP4n+Rrjp5/8+v8s5x/kdfPOggnn/z/AJ/+sMDsBzmVLcdT9D/IVSg7/j/Suc6Aoo8/2/T/AOvR5/t+n/1688AqvVijyPf9f/rUHQV6KseR7/r/APWqvQAVegn/AM+v8s5x/k9aNWIO/wCP9K6DnNS27f5/vVJVS36j6D+Rq3QdH1bsvw/+1Pv/AMcft3eMfEfw58H+ALD+0bOz8H6dpGnfjpHb6Yr4t8R+Mb7xHP8Abp/68c9/6ZB+ua4Cef8Az6fzxjP+T0o+f7fp/wDXrnAvzdT9R/KqFFFBzhRRRQAVY8/2/T/69V6KDoLFS+f5FxZz+39cf4459Kp+dD7fkKTz/b9P/r10HTh9/n+sT9M/2c/iNBf6V/Yd9ef6ZZ/59eMj+RFfW+h65DP+4nzz7f5/DntmvxM8OeMb7Q76znt/+XP+v4fhj6/j9i/Dn4/T6rP9h1W0+x/Y/wDmI+vb34rzz6TDYn5Pbz/r59tb3v8ApB/y7f59K5SeD9/j/P8AX8/X34PmVj8VIJ/+XzTv19/88njpW5YeKoJ5/PnvPT/D/Pp14oPaw2KXl5f0/W+i67bM9GsYMe3X2/x/Hv8AjXVWfb/gVcPpXiOxn/49/pz6f/X46/4Vev8AxHY2MHnz9PcZ9+v+f1rnOi67r7/67r7zqtcvvIsf8P8AHH/6+K+O/i34j+w2N75F59efX/POffjpXVeP/i3Y/wBlefBefT2/DqO3+ea+EfHHj+fXJ/8Apz/yOOPz9/fNb/V15fh/8ieNicy/r+rf0/M8V8Y3wnvvP/AA+3v07VxPn+36f/XrU1Wfz58joPyz/n8un0w6Z8licT/l6X+V/wAO3zsUVXooOYsQd/x/pRRB3/H+lFegdAQd/wAf6UUQd/x/pRXQc5PD1H1P8qWiq9ABRVim/uf9r9aAIaKm/c/7X60fuf8Aa/WgCGiiigC7b9R9B/I1bqpb9R9B/I1brnAr1n1duOp+h/kKyvP9v0/+vXOB/oz/APBK/wD4KI/DL4A/sP8Awf8Ahl4js/8AicaPqPxF/tHt/wAhfx54k13r07+lfoV/w+B+C3/PnqP6V/IX8D5/+LV+G8j/AJiPi7/0/f4e359/TZ77yPz9f0x/XHaunDYnT+tf+H9PTpb8/P6rpv8Agrz8JNc0r+ytKs/9M9v88en59RX53eFvFU/xG+P2j+KoCP8AiceIv7R/z9OvcnuK/H34V65BqviP9x1s+/15/l7Z/HNf0Rf8E2fgtP4jvtH8cX1nnR7PP9Pw/H645r28Nif11+636de1uxzn7n+FYP8AilfDfX7YNO9Tz+XTr/Mdc1ucwHv1/En/AD+BFTwfuILOCA//AKxyPTp/Ln6wT33kfn6/pj+uO1dh04ff5/rE/JP/AILc6rfWP/BPX4w+RrGnWfH/AOvr9M9f8K/y6fEeufboLP8An/TH+P8AMV/pW/8ABwN4xvoP+CevxIsdK/5fP8ffj/8AV3ya/wAynVbfz76zg9/z6+n5/T0NB6WF3fr+jOw0Ox+wwfbvTr7H8h/P1zxU88/+fT+eMZ/yek/+ot7OD+XHb8PX0/Osq87/APAa48T1/r+U7TnNVn/znt6dufbr7iuOnn7/AMvyPb6cj/E1uT9vw/rXOXHU/Q/yFeLiL82l9+nq/wBfxPXw+3y/SJSqxVerFcp0mfRRRQc5YooooOgKrz9vw/rViq8/b8P610HNiNvl/wDJB5/t+n/16sQd/wAf6Vn1rw9R9T/Kg6cL9n5f+2lmrFV6sUHQc/P2/D+tV6sT9vw/rVevPPPLEHf8f6UUQd/x/pRXoAFFFFAsPt8v8ivRRRXnjCiiiug6CxB3/H+laular9h/T8f6dPb8awqKDp+sNbX/AB/+SPXLHx/qtjg/hj+vbr/nmvYvDnxi8ixs4L6845/x+nWvkGrHnzf5Uf4VznThsz83f/K2+z6fij7t0r4xQQc/bOf19OP6e9WPEfxi+3WJgt7z3/8Arj1AOOo96+CvPm/yo/wq79um9v1oOr+03/N+P9dl9x7HqvjE31j5Gc/5xxXlc+q+f0zj8hj8fQ/X371ledN7/kagroPEeJberd/X/wC281+BYn7fh/Wq9WKr0Ynrbz/9uNwooornAKKKKPQ5woooroAsQd/x/pRRB3/H+lFegAUUUUAFFFFABRRRQBoVYqvViucCpcdT9D/IVlVq3HU/Q/yFZVc4H9OvwO/5JX4b/wCwj4v/APT94jrudcmEFj5/b/PHXr/nFcP8CP8AknOjwdP+Jjq//p+/L/8AV1NeqeI9Dvr7Sru40qz1HWOn/Eu00dP856frXP6H5diNvl/mav7HfhWfx/4xvLHSv+XzxEf7R/T65PYfT2r+5X9mX4V6H8JPhVo+h2P/AEDsZP5/59c8Yr+Xv/glD+y98RoPFQ8VeI/B+o6Po95qP9o/8THPPT/P5V/VroeleR9j+0Xhs7Oz/wCgd254P+Ge/Ne5hPi/7eX5Bh9vl+kTsZ/EdjBj/l8vP8/5/Hr1rm/t0999R9QP/rfj6elQz2ME8/kQWZs+/wDaPXr+H+frXVWOlfX+Y6fhz/XNfRx2XovyPRPyT/4LLfCuDx/+wH8Yf+fzR9O/tHTuB/nofyz0r/L+EB+3C3/58+v6/Tgf59a/2Ev2mvAE/j/4EfEjwrBZ/bLzWPDurn+zh/X/APVkda/yLPH/AMMtc8A/FTx54V1yz+x6x4b8Ravp2o/Xjj3/AM5zWB7mG6f1/Mc5cdT9D/IVlXnf/gNF9+49/X8PXHX+mO9Yc8/f+X5Ht9OR/ia5z0fq1uq/H/Mw7zv/AMBrnLjqfof5Ctuft+H9axLjqfof5CvPOvYipvE/p0/AD/P4g1DU8PUfU/yrnOcPJPv+Yo8k+/5irNFc50GfRViq9c4BVeft+H9asVn0AFX4J/8APHp9f8OnbHNCrEHf8f6UAWPP9v0/+vU/nH3/ACFUKK6BfWF5fh/8kFFFFAwo8/2/T/69FV658T1t5/8AtwFjz/b9P/r1Xooowv2fl/7aAUUUV0HOFFFFc56AUUUUAFFFFABViDv+P9Kr0Vzhhul/L/20sUef7fp/9ejz/b9P/r0eR7/r/wDWroOiy7f1/SX3B5/t+n/16PP9v0/+vVeiug58T1t5/wDtxY8/2/T/AOvViq9WKAwv2fl/7aFFFFB0Feiiig88sQd/x/pRRB3/AB/pRXQdAUUUVhiN/n+sgCp4eo+p/lUFTw9R9T/KuYCb7OfQfkP8aPs59B+Q/wAafVigCp/qP88Y/UnJP/6sUfaD6j8x/hRcdT9D/IVSoAmnn/z6fzxjP+T0yfP9v0/+vWhP2/D+tZ9AH9wP/BPz/gn58Tvjx8FvB/j+x/s6z8H6xqOr/h/ZGvf149P8f6N/2a/+CcHwk8AaVZ32uWn2zWLP/oI9P8/nkYryT/gipfQWP/BPX4P+feZP9ofEX/1PPEvX/PftX6vQeI9Kg/5fCD6/5/z7+vThsNp+Pp/w3rvt5/m+Jw39fj0+S1fbXdGrfWOh2Oh2mlaJpGnaP9jPTT8YGBggYAPJ55zz04GBFY9PxH8xWfP4j0r/AJ/D/j2//V3wCeKpQa5pR/5fOvb6/wD6s/556v8Ac36/ntr5f1tufVutvuX/ANqd9YeR9o/x6Z//AFdPbFdJ+48/v09sbv5ZryqDxHY/8/vb8+Of1x+XbvP/AMJTZf8AP5+or2lik0tFt5/5HQdxrmZ7G8g/5/P0P+f89q/zL/8AgtX+znqvwI/bg+Kl9Pead/Y/jDUTqWnf2d6/j+B/L2r/AEmP7cgvvtnkXn/HnkjP/wBccc8/zr+Nr/g5v8K+HLG++FfiOD/hHf7Y1jTj/aP9m/8AIX7/AOe/51zfWfP+v/AT3MN0/r+Y/ja1zyLec/8A6uB24OePfrXHTzwfl/Tr/Pjt3zijxHfefP8AuO/68dP5+45/Hj/OPv8AkK5sTiflb+u/699bWv6htzz/AOfX+Wc4/wAjrlXHU/Q/yFQw9R9T/KtGuf60+z/D/IDO8k+/5ilrQrOm6n6j+Vcv1h+f4/8AyQFmisfz/b9P/r0ef7fp/wDXrmOg0Kr1n0UHOaFZ9FFB0BViDv8Aj/Sq9FGG6fL/ANtAsUVXoroOcsUVXooAsVXoooOgKKKKACiiig5wooooN8Pt8v0iFFFFc50hRRRQAUUUUAFWKr1YoOgKr1YooAr1oVXooAsUVXooAKKr0UHOaFFV4O/4/wBKsV0/WH5/j/8AJHT9Xfn+P/yIUUUVzHMFTw9R9T/KoKr+f7fp/wDXoA2KsVz/AJ/t+n/16PP9v0/+vQBsVW8k+/5iq3273X/P4VP9uPt+lACzwf59f5Zzj/J65Pke/wCv/wBatDz/AG/T/wCvUHnQ+35CgD/UB/4JMf8AKPz4C/8AYQ+Iv/qeeJK/SS3J45PQd/Y0UV6eF3fr+jPga3+9/wBeRDU1wTzyeh7+wooroxW69f0RIW5PHJ6Dv7GnUUVAF+z/ANRrP/YOFfx5f8HNEkn/AAn3wr/eP/yLn95vT60UVznuYbp/X8x/G7RRRWGI3+f6yPUJ4eo+p/lWjRRXMAVnTdT9R/KiigDIooooAKKKKACiiigAoooowv2fl/7aAUUUV0AFFFFABRRRQAUUUUAFFFFABRRRQb4fb5fpEKKKK5zpCiiigAooooAKsUUUHQFFFFABRRRQAUUUUAV6KKKDnLEHf8f6UUUUHQFFFFABRP2/D+tFFAFeiiig5zPooooAKKKKAP/Z'),('pbkdf2_sha256$1000000$bl2PjoE9MAM0B2693bH6Wa$RFIi2PTosI0sJxRamBVA5RRXDvHL0IYguLLHCLNa6AY=',NULL,0,'nb1','','','nb@gmail.com',0,1,'2026-04-03 02:21:15.030430',16,'nb1','GiangVien',1,NULL,NULL,NULL,1,NULL),('pbkdf2_sha256$1000000$EzaXLd35WXqi3M52PMHpUE$WxsWDXAOdo73uGjfg/Dg9b4+TvLhOU2N6LeTwoSSECI=',NULL,0,'hv2','','','khangksp@gmail.com',0,1,'2026-04-03 06:15:31.524644',17,'Nguyễn Quốc Duy Khang','HocVien',1,NULL,'','',1,'data:image/jpeg;base64,/9j/4AAQSkZJRgABAQEASABIAAD/2wBDAAMCAgMCAgMDAwMEAwMEBQgFBQQEBQoHBwYIDAoMDAsKCwsNDhIQDQ4RDgsLEBYQERMUFRUVDA8XGBYUGBIUFRT/2wBDAQMEBAUEBQkFBQkUDQsNFBQUFBQUFBQUFBQUFBQUFBQUFBQUFBQUFBQUFBQUFBQUFBQUFBQUFBQUFBQUFBQUFBT/wAARCAGnAacDAREAAhEBAxEB/8QAHQAAAAcBAQEAAAAAAAAAAAAAAAECAwQFBgcICf/EAD4QAAEEAQMDAwIDBgQFBAMBAAEAAgMRBAUGIRIxQQcTUSJhCBRxFTJCUoGRI2JyoRYkNLHBFzOCkiY1Q1P/xAAaAQADAQEBAQAAAAAAAAAAAAAAAgMBBAUG/8QAHxEBAQEBAAMBAQEBAQAAAAAAAAERAgMSITETQQQi/9oADAMBAAIRAxEAPwD6Xx0Qut6pR47IAkwBABWAKfQG394JanSz3CnRAe7kBTog+oRt6zwAFGwt+uZepeoxZMEhaQaFd1dSRjfTbQn6hqQnAPS112n5O7jkNEcLIh8AJmymcJn5d5LuB90Gs1Sb01FkmP7TSCUtpZFLtzTXTOsggJbFY12Pp7Yq5TNSBHXlMDsbgwE/KS0tiiiwHw69+ZqwSlEM7g1uLTJZpXkCh5KWmkcV3vrY3A9oZyOr/wAogrsPppglugQE/wAq2/U+umzbTOERLTzZRE2z2SpdfXJ/VOI5E4e3mzSWki99J9tvgx/zDwQHBYTqulupp6QnLJpL3ANq1sawvqHkMwoGknlxqkVfkzs/CMeH+YPZ4WL81om9kio6tTww4290+E04RRB+FmMsU+t5Qmexg8cJyYuNFxTDh0PItbHP3U1kZbDKD3r/AMKkT5/XAN2Yz8PXXSkUOu1sr1fHWgw2HU44HDsB4SV0VutHxjHC0EVwqI9VbNHTSEDoKEwQwE7cETwgYS790oViny/3ihSF6Z++EM6Wp7hBYiaoaxHITrhOrtrewP3Qbl3DQn9enxj/AChDVnHxxaES7CANMAQAVgCn0ABohLU6dU6IT09TvspCoG4s5uFpOQSQCG8FNhuZrg2dqL9XdJFZNkikVWx1X032+3SdBZI4fW4kk+U/JWoez3XhxPZMezFNr+rNxLYDRrwsNzWOl93UcgEgkWkY3Wi4AxcJpoWQmjU0WUxhOd0pbQiZGR00B8qWtTYOiSPqd3pal18cB9XdwSs1eTFjJ6SasJKtIq9uaBJlY8T3Au6iCiCvQu1Mb8hosLCKICeOexYdZc8IonJWrytxNOdITVJXLPrmGqzHXctkTB1fUO36paax1fQ8caZpcEQABDef1WI9RMaC4lx7DlOWXCYx7ziSeFkrXNN/9WsatFisNhrgDSKvz+Nrp2C3C0iCICi1otabig5ldkjpAMtNgpbWc2mwoOALXc+EYW9KBuK+XJJPIBSUt6a3B+mNrU+OfoedP+Xica4oo0cuDb/zRkZTjGLN+EtuPR8bTenMH5nTOp45BoWm5+r2t9jsEbAAqOfqlk0gkKa/jsgeo+v7BA9QBtO3BdSBgnu+kobFTmnps90KQeku6jf3QzpauPIQWGNTo4jkJ1wjWSP+OGt+4QaO4aFHWnxfogqz6PsggIBaYAgAnKCAMd0hCweoJKaDDgLJSYMc29T9bMGJLE13BFHlGL8zHM9lwyZuotIBcwu71flK2vQWnt9rBjjAoV2TFLdIImmz2CNO5zuLLkytY6GEkXSNDY6Po8bMJj3D6yLWhZBxiYWgcJAhT6pHj2XuDB9+FvsphpmqMyf/AG3B4+yNGFCN8jwa4tJrbUfcesRaNgmpAJDwBfKNLXEt54Z1NwywOuS7+VK0+t/6a6b+a0+MSxdJFdwm5S6dOdG2CAMb2quE6emoSWssikG1nt5aw0acYuuieEiOIHp5pLcjJM0osDkWhLp0U/vlvgILAdP0npAvxwgtQdYzHabiue3uQkEYnBhly9S/MvaTzfITReRuvcD4WD7BUEN9IpC0/AquyppQumEo1hv3GhvJ7rKDmHisdITQpJU+qsmNDJOAhC/iNr1N06Z3YBhP+yRvjv150yMkahqcrAeunkJeq9Pxuq7ExTj6a4FtWQn5N21I7KiQiLQBDjum6BSOQCoYQ7IAOFggICs1KMtjJrhAJ0VpLSa4QzVs/uEMM6jX5V/zSA4TrTCN9i+/CA7Zob+vTowPDQgvS3HAQmSgFN45QCulAH0Fb7J6HR9wj2GhQS1uEFwHASnQNUzxiY73E1QJtbinE1wve+uDU844wdZcaq0YvmNZ6a6F+TYC5lnvZCXE66XNOIY67GkpcZ/VNY6IXgHlLp1JouA/OzxKW2Lu0aG9bE6ONrQKFKpBvqNpc7gfJSNZfccGPqURY2UB19wVmKae0LQW4GG13XY72SjBqbre5NP29pzsjIma1rR2JSWk1yTP3Pj7m1AvjmL2XYF8KVpk7StR0o5ggme0lp7OKK2OoaNqGlwwAQvjYK8JuUuk5mq4Mr+n8wwn/UFUlmJ7nYpgJ9xtV8oRvVjmm8Th5UzGRzAkHsD90izc7Ox8aHTYwwjqoIc3a7eaPAQyFMaBbiK88oLWT1zVmZ2X7DTfSUis5WmmYbGY7baAa7pofcTDEKoKjYAjAQbRiMJmCeAGFAU+VIetoB8raF5gD6Afskrm7qREC6ceRaRLfik9RdSbp2hyNunSDpCRvj/XBdA090WuGrcHuvlJa9Txu5aVjflcRjQKsLo8Zu6npyAgAm6AI5BJFKhh+OEAA4NZZQVDypBPGW19kAvS4vagI+6Cal1ygyPqH/TlDXCtxSdPqAB24CA7RtyQOwRXwEF6XiRMkC0AqMUFvsC0ewH1LdKSXI0EufQK1uGQ7qQfGT31qbMfDe0PAcQRSzXR4+XD8DBl1HdcT3Alhd38LV+o9FaJpsWFjNNgU3n+yWOSxE1fUYY3lnWL/VS6bzGTz8pjnElwItLrWg2zquJjw2S0Gkmks0/mb9wsd5aXCwn0vqzO6/UqGTT3Q4huV3HCU0jHafmavnua4B55tAta2PXdQg018JDg8Dz3tDY88+pebu3cWpHBgbKYurxdd1kPraemOw9bxcMfmYn9fT/EPNJei6xG5Nvbri3bKcaKQMs9rpSn43Whw8XeMGLyyUGk3H6xFxMbeozOsmagfurFxoNQ3juPTcP2pXyA/dAzWVwdd192cZ3+5ICbF8qesx1nZW9tXg6RIwhnHdGjHVMP1FxmQj3mgPr/AHRrl68aZg73xNTjmb1BlA1ymlLzxjKaTMzJ12QlwI6u6MdDoDelrAGkdkwBpJJPhOC6tDNE76QmGos2QeRfdA0xFi+8+yPKVtq2gj6GgIQ6TcdgZbzxxaRy9OV+p2r/AJwujviPsELeJn/T/Tf2jOch4/cPdSseh43VIW2APhW4+H7P1xauTRUEDSugIKSWoBB7Jz6HFfZANzuAjPNINVfHIHXRtBKscQD2gAhmnqIKBqPqX/sFDeXn7dMhb6hj4oIO7VtRxOIznwgmNEee6RItAGzslwFIygL+6PoJNX3R9BqUjpNFMaRX52oxYWK973hpA8oXkeed/wC+JZdZMAeSCe32SyurnnFxtJ8JY3IeQJBR5VIexvpt0Ph089D/AAsjmsc2ztwavm559qJz2WeQpdEkW+JhaxqDGgY0lHzShaOml0vbmZHCRMHM48pLSz6ps7aEmVm11mr+VTRq70f0phM7J5XkjvRTEtb3TNuYmnN4jHSB3pCNrD7rzzj6wWY8XWwmj0hCnNWm39JwsgCeXGaJzzy3lIa1pGzRacwkxhjfmqS0lqJHjYGTkmcRNd1c3SSfjVk3FxHsIMLKrt0hNx+sMQYGH7xBgaG/PSrN6rJ7y2jpupPuHp90d2hA56QNB9PIHNLTELH2U8bq3OzDjtLIoftwEYNVeX6fZU7urloJSkvUrMb90vN2NgwzwOc/3TRATQuq/b+tZYMc5DgTRKtjXTNI3DLkhjSST8JQ2eO64muJ5pbrKkAfZGp2o+XIIQOri0zNQXODnDnv2QNTMKOUPPUw18pGXpYgUORSCX6XkzCLGcboVyUIftef/UDP9/VxDiu90OdTq8coX4+N5sHThgYLQ4U5wsrMdnNa4MLb+E8+HtLVk9E3ugaBJCBocoGgWgp2ykOFdkKRX6nIWQGu9dkGqn0uaSWQgjyglaTGaWMAIooTw+b4QMQ9VsQFB+Xn7dI6vUEHvwEKO1bS/wCgZ+iRmtMRaEBcX9kApUgBMASAh58INDT+AfssqnNc+9QM5sbB9VUFOurlw3U9JOra23JbyAUjo5bfRdAlDAeQEja0E2Efy3RyaFKmuOfGk2roDfyBkLATfkJResaGDP8A2U0h7AG/osifU03la2zLaQwDn4SdM5mEYGmid/WQQpUav4IeimDikRLqoO5dW/ZmA/miRVq5Gb0bCOoME7m9Vm7KA1GJhCNzXAV9kN/w1u1oOmE9j9kF4/UHQGf8mzm/uhdchtoBUwDI3E8cIYyGFhGTWJH9RIvsUIdVtdPiMPNUaQknscSeQEAWQ6ozwEM5Yje2ms1zHZFKAek3RQ6YqcPZ8TIWhjRVeFmnxY6foJxJg4A90aWxqIZD0tHbilpU6F1kIT6Vu5H9ELK4NrKTk3pkP5wREeE3KfkaUuEbQKHakxMIl+sCkGjPb21M6Zoz6NOeCAk6bHG9taW/N1l0rgX26+eUcq117TcUwBoqhSDSrgttoTn02QQhokwGO6cCQAWwCd3RTq/PYDGb+Fh1Vp/0ZFgcWgNJHyAUJ9FM5NILEXWRWMUN5efdxkHfpP2CFXaNpuH5JvP8IQWtInTHZQBjsslA00oAnhYDbjaDQxI6mEntXdJVOY416n6rG6WRjHAmq4KnXdzz8ZLbcZfj9ThZtYpHRNKeGwNFAGkjatcXAOU6gD3TIY1GE5ml4PtkgVymS65Z/WtR/OAxx8k+Qk/0lqRt/R3PaC+/nlJUrWsx8duO0DtSSpdUWp50en4bsixx4RE9YrcOZLruG17Wki/Cqo0u2MX8vokQIpwCAt4boWhv+K7dgrSnILx+oWgMvBjQsuKoIaiatkeziOPbhBFVoTDJKZCD3Q5+61kApBD4NIBnNkLYHH4CDcxgtwZ0vUBGCTfYIdPK32+574Wl4N15SHXXQD4QWjDBfHhbqaRDxyjU+lNr84le2Mcm0tE+LDQ4/wAvCL4T81LpZSPJ5HIWskORPvgjhBevjF+qZEuFC1nNX2S2t5ZrYGKDk8jm/KIrXTn44ABA5pMJQa0gUU5tJdxwhQ2e6YAO6cCQAWwEu7E/ZFOpNTyTZA/RYc3psJkcDRQGgYKbSE+hs4cgsRdbIGI60N5cG1TFbPvYuPe0Ku17aw2xYbD4rhLpelyRStiYlgKagDQBUSgqPLKxhLSefhCvMRNTyYsfTch73hlNJBP6JbVuObrzvqbX6tqz3udcfV38HlQr0uJkX+IMDBhYwPHV8LWdRZ6dNNkajDHG0mMkCx8JCOl4mPFi9N0OOShLpUa7ne7liOI22q4QyfD2i6MyR/uSBDn6afGxfZroFBCHVJzsuCGMhzwH12SIMDrOpZOqZP5HG6n2ewQRs9uaB+X01seUz6/gp1PZcxY7YWBjR9IQPYsR0eyC1Tby+nSXkIPyjbco6dGfshSRdNj6qFIZesU+7JI8fBpzgCfCGaVtaBsmKxw+EJ9VpCzpQTSQCXcoCPqMscUBMjgBXdbDcRkdMGLn50gc4EA8JK619BEyHhg4HwsOfBpKU7HzaZIp0rYo3EmuEFZgmXK1KwCW33RWVr4mBsAA4KblGlR9iEU1JknZjRkk1wlTsYnWZXaw6UAdQBpqSxTC9o6TNhzF746F/CbmD8bOR5oUFRhF2twxDubTHhDkx4Id07BIAJ4BkAxkntSXoMzlkS5JaDfKxVcYGOIogfNICY3tzwhMod0MQdbc1uMSSg3LiGax43cZa+gnug9dq0AH9nRm+OkIZ0tV02JiPZSoJWA4PCAImnJCq7Ni9yXq7IdXEYzf+oCDS5IAaLxRFqdrv8fMcnxD7bSDyOUldWYbZje/mMPUe48rC465tPTBHFG+hYHdK5+lvq05j4tMRG0rTxkydRFlCXXxp4MURAAcBDmt0WXrkOnNIc4WAhC/WPydRZqmeXNcSHGuFmJr/bugflNRZlVfHcowjWSNL3WOFoBoptFAANpDLVBvcVo0n6hB+ah7Vf1abAK8IW1pQ726KE+mM3uDl9NE8fCGSrvZTCzEDT3pCXVaWVnTRQlKZdxyhWVnN1Sh+N0A0tjo5jNaJhmCRz7PKSuhq8M/QsMl2EpS22eAmIg6hZBaSgtMaePbeOL57oqVX0bg5oITQthYNIrVbqzDJEeaFJWYz2G32sih8rbFLGsxiPZB4HHhNzE6UXLY0OpUkOS48UlENnumPBJ2AgAngRNUzW4eI8E8kJemsvpbzk5hN+VizYRt6YwEJWloKVGDdlAVG5f+mPKDcud5mlF0rZwL570g9dI21xpkQvsEus6Wi7UwU+gKgilGp0hDzfKieXULMmEbST4CHZ4+dck3/qXv5JYDYHCV6XjjERuo0eEtXqVhEHJZ+qn2Sx1rQsv2sVn6BHDnqdLEdQfwP1W1z24u9L08YkYNJ4h10a1fWotOge8uFgLE65lqWsT61kvEZNE1whOtXtDbcj2sfIDdg8oQ/wAdHaxkETWNHYBCM/QDifCFNCygaNps0gl+s7v6/wBjP58oNz8RNm/Vp0RQu0mXTYSSgjLZUJzJukC6KGVptEw/ysIBFcIRtWUjrNIJDEhphQvGQ3JKS8DwSh1cw1itAgaQOULYucMfQFmM6SEYWHmEMa4/C1NksrVJJ9TMQurpDGoxMQCJpPBq1mFTImAXSMIc6VoVuqP6Yj/VAUOIC+e6uilirS456YhfwnwuD67NBNhh9f3RgEXWmBKACcAgAPCaNtZveDy3oAPhJ0aIW0ow+az4Witm4AVSCku/dtDYONxo8ILf1kt36g+MFo7IVRhG1+giQj6kNaDa7+vT2hIXpcLuTBT6AIpRd7pTpBOIa0g91E/MUesuEePI4u4AQ9HxuC7m1H3tYc1pJFqdr1OIgZEggp7jxSXT9RK0OKXU8thxwXCx2S9o9V2HRtNmix2NlbRod0cOPrppsLFZjtvi1sc/VMarrUeFC76gDSa/E5zrnWq6hPq2QY2ElhPdBK0+09rRNa17xZ7m0J1u8LHGO6mimVSEP8SnC5LtCM/TtfZA0hwKBoh9J5Q3n6z298abN0wxQtJeUGqLtN7MXEZjSnpn7UUKL7Vg5uOaQVW6KxnuEyf3QWtMwAAEdkJUk8oLDcw62upDojE7nlbHIGk82h1c0rBY6XHbQvhC2rrFaWNAKzSdVIHZGkiLquczT8Uuea6uAtKoNIYzLzvc4Nm0BtQwhoHilmpUpoDPuUaUZIpaZW6i0PYQ3kkFAV+mYbmFxeK5WRVaAUKV5DYUnKHP2RgBLgBGALAC0EiRhNA/V8IBT5I8enSuDR8lNGVl905OPnvayCVrn1XBSdG5O7U0nJx3dTgOkrR38aWYe2bJ4QXn6RJkRNjBvgoPAGXDjY/uTENb8lBb+sTuBp1ZzpcUdcTe5CFRzOMWhBp4NVSGrvZ3/wCvCUvS+XamCASTaS0DumqVCDk5IabJKRXmMdvTWhDhvY08kFK9Hxxw7Lk9zNMh5N2pdO7mFzyDLiLSPCSHsb/0m0fpY6SgQHeUOLyR1bJYGsabApbK5ZcUOt6/+z4yAeVrNZOfU5NYdQJNlBbWn2ztkuAe9v8AUoc243eFgsxowAKoIQ6qbG0DstiPVK6KNlJ0SUfcJGDTAl1IbELMcDK0AXQ8poZlmRXuSzxRHAW8mavUwXRX8BHX0KbCFdQ+6DdNRCOnHH6IcvRFBBoShWOe7wI/Pjxyh2cLnRGg4bOPCFqs29khCgeQhij3tGZsGIDv1IRpnbOGWuYT3QnWzLSWgfZEIbe7pFkpacw7Jvylik5NuHUL8pjy4TGOCrQpdBUhxrSDAtMAIpAFdIAnEAcoNIq8pkrZSYwb+UGxkN55Wp+0QwuqvCWkxzCaPcTMwSw+4QDflJVOfjUaNvPcmGWsmDukUOQVsZfreafvAzwA5ZokeUUT4ujn42XhRujcCCR2WMs2Eb2yIMbbZcXAOriu/ZCPE+qb01kGoaPkAm+e5Tw/f6la7giHTHtHe060+RK2i3owKPZPqfS9VdKNpWaAd3UqCLtAQtSj/wAFxA5pDo5cg3nlF0r2E0Ej0fHGFOOHyE/Kn09DmHW4gY0kLn01jbbD1U4WO9o+Uri6mr/Vt2TMAIdws1zdcKLJy5dZqgSruW1rNq7YqMPe3nvyglroGDjiCMACqCHN1UwAjshDS2A3ytiPVLSdElBIoCYEv7cobDYiZI+6BTQzDalOcfc5A4FhaZrppDLgh32QFZgiy79UDqtPE3/l2D7IcvRFWhSEHhCscy3lkVqVX2KHVxWh0B/VhN5vgIV6WjXLMBXUPlGMQtXj/MxMbV0bRidStKxhC0GqRhbFt7g6QiImZgC1L1DK17iH191OOhJZRCYYU1tWrQgKkOCcg6KUCTACQAgIsshEgAKXVIcYaFkco0yp1qWKQhrmgn9EVkg9MxMcxgGFpHyQkovxIzdIxHxGoWg18LayMdrO2pcm2wggH4RBVBjZmbo+Z+Skugb5WGn2IG490T6pnRacXnpJqiUFk+uk7C0eTSsEgHhwWl6n05uCc9Xsk3ZTGv4u9DxxDhsriwt0tSlcomg2gA++EgINjkd0tBjPmZFiPfKQGgFbV+HCN65zMrNecc2ASp16fjZeLUYITUpoqVdvKSNRgljIYbJCjVbVpoGWYIXCjZSOXtcNE2fKxgaSCUOXy/jdbb2wI2NJbZ7roebem7w8NsEQaGgIQtTWtAHblCVoNu+UI2n2DjlCJZYC2x3QX/SSwnsFP1V9g9so9W+xD2ktIWtIiYWWTwEwYfWdKypdcdO1v0XdrVWkx5idPEbh9VUgI+GwsJseUF6aKGQGFovmkI9DaBZtBSJh9JNIV5rlO9eNTs9iUOyVo9t/9Ew+KQtFuK8IaBIF8oAmtEjgO6C9J0bQ1teQhGD9wDytgwiSSxQPKToYgyMd13XClDJcPA5VIaFP7JyiVOTQrhNhR2Om0tBv3Gk0Da00hmWWhwefhJpsR+S8OPZZqhyXIZDGXOdQAT6MZ+frz8jqi5aCswSL/AhMeOARyjCdVJMfuVY4VUjjYY289IQFVrGgYE7H5crQJADRUmy689bw2rr3/EgztOYXwNdfH6pf9Ujpm2vURuk6UGaiC2Vo5tPazFpj63jbla2fHNm+ybmjG207HkZiNtMnejy6bATdcKVAncpNA2sBS2hjfUTV48DSZGB9EjsttdPEefp9VDp3nquyp138UUOLFnP+SUld/K6wtADAKaTyo0WtpoO3WSRgliHH319bDR9vsZM0hlAHvSHJ5e/jb4eGyBgACq8y9JQZXZBLSh9R7IJTzWDyhKnQwITK6elBaBCBhJdVobhp7rNLFia4pKEWXH9wn4W6qR+TDf6o0FsxB3pMXpIjb0UEI9JDBZ5CExZHDDx2QpzXJt7i85pI7lDr5rS7cI/Z7B9kOnn6tbpBkaSQ2QgHsE2TaC9J3V0hCUNk9RWw+EnuEnQwRNqUKXHxapDQque6colTk0Ge6oUP/wCbrS0ILT9ZoqdUgSW5wSGwHvETPq4SaaKjU8j3Ii1vx2TyqSEbeDm2HChauxpou1eEYh3S67pkyb5pAUm58voxxE08n4Uj8wxt/C/O4pYQCD8paOrjG+oOzo4YnvLeDzwtsNPrJbG11mmagMQcUfKbmNdxg1r/AJNruoAqhPROsrobgurqSDBWQp1tOh1R34pQ6Tri/qhqDJ53RiyAapF6X4rA4GkQZLxcZsnlL7O7iNvo+0cRjGvMdO+Urq9q12nbahc0EtHCWxLrutFhaPHC0ANTerh67q9wsJjGcCij1cHk8lTI2UmS07VILQQ2lB5QnS2SVx4QywtshLkJXkomlsLKac7kpelZTZ72imKSwEEC7QcfSgFsHhOQ4GDuhPo6KHlCUontD2m0Hlc03zisGSD5tZjt5/EvQpBHiMCXHR41y1/U2/K2LGXkWU4OY56HGkukw/7hKNHqU3sptGeyWgXSiEPNFBUhCU0A7KtDQlxTYIRJKWxmvhGCzVVDK50x+LU1onVZHykMr9WeWyMAPhQ6EQoi2SQNPlU4FW+JjMjojjlWkZasmtoKsiFHZ7LbCm5iGttJhopc7BOeSe5SYfn4maFEcI9JFJcT7mqz1A6cjDLRySEWn8fPxyrS9qPZqJyQ08G7pPyb/VjrW5ZtI6WFxA7d1odlXQCWpQMi0tZRZEggwZpCaDWkqHSf+uBatkHV9QkcBY6v/KWx08zFvouiAljugePCWx1c3Gzg055DA1oASxb+kaDDwXta0Umc3fli5xcL6RfdPrzu/KsI4fbFI1y3qUCyik1mku+EaaEt+6ZtLAtCdKqkM0GmnAoBxz7BWxnqbS9MwCUUwJYBDshug5A0oGk7DjXikJ9DJP8ARBZyIuoFBpyxG79IyM6T3GdgUmunn8RtNjMUAjP7wSa6PEton/SB5WyugTo3F1p9B6Fhbd+VjNOAUgad6UrBM7m0tBxqaQhfUqQhKICS4KsNCHOvkJdCPlZTImdJ5JR7KczUXDhJeXHslUTSQ3kpCqzUv8aYV8JeoaGsTT3+8HntaORVz0ix0/2VZ0jakNd9ItVnRKUHAX8rb0xGy3/TXhLejQWC5oBvkLNZ11h6QAvtvCXRzdZvc9iPqPLQp6vxciZoGmwZul9bWjqI8q3KPXX1wL1ljzdN1P22A9/CFHpQGlegn+JToG49DCfsl6oY3cu5DFHLih3Lx00klMxum6G4SE1YJtLrpjcaJprY2gOH9wjS9VpMfGa0igKWufqrSGMBvFIcvR1r+lZU7B/m2XV8paneQOQHKTcDrBTmGiAfKpANNWUtRqd+gmAIAIAIAIAiLQB1SANqAU530rGYK77pdGI+Zj9cRpZDzpnYcEtyXE/KSuniprMWliunPZ6Vo0Xt/qtjPhQi7WqwfDgjtPgtKEV/0RhLRFlLWknhARMvNGOWj5QoQMoPFhBpADy890CckS4zZCHE8pD4bfOIBQKytiLJlOfdEogsO4cJm5cbWlWLY+kAIBTe6ylL6k0YWxlkJk7ScmDragumGRe0KQ0cjxFE5xNcIGMycz9p55gPLLpCljR9bNDwqYKFLNxOxyXf+lncUhnq6cl1V2AuF0u2tGp0KncOpOwsN7mjkA8qHVDzP6gepLtN1MvcTTD2SSmaX039YMDWCwTPDTwPqKzVZXZ9P3LpeSGlmQzn/MEaTqr3GzsaWgyVrifANp4j0s4bPZUjm6OGEu7rLE/ZFlwww9YPblLYNMy5ojAKgfEOXXGxeE5TeJuVs2UIyKBRA0kM0crRRB4VInaEh+E1ZomuJ4KjQWmAIAIAIAIAIBJJQC2goBQFpKzRdNFINKqxRTQv4jPxGhxIHdJ0rz3hP5evCxX2E6EEdkD2NiHk8JoPc57QVYPcPbAW+zdKoI9iabcznst08piamC0arFLnuEzhzdJlpEVjnNNAoXkLMjwLBQf1MSZkreOSkLYRGJJXAm1kLIsIcQkAlFFS4We02vlamfB45QBk0VlZTUhd1iuyblK1Kx2u8hMS1IIQW1GlbTkHn1n9e1IscIWHk8IUkHoukezWQ/gnnlZDJGoztzmmJhsjjhT7oxmdV9rDxjG4fUSO6A2xNOpd1BQBu/ChaNV+4xB+zZTJVBpXP0WPGPqpp7NQ1WZ7LETSbUzOeuyxpWOThPLHj+U1yiKapYfUzcWl5oIzJegHsXcUqQrsGxvXbPxZIMnJnLoY+ZLPhPLqcr0fsv8AEjtjXg0OymxO4HLvKfEO+ddb0zVsPW8UZGLOyWIi7YQU8cv2JbcdrxyQQij2sR5sOEiqBUsNKrcjTYD/AAD+yMUitztLhZCXxcSD4RhcQMLXJMB/RPZF0jCVp8HcWHktaOoh33WDFix7JqLCHA/CaDAc8MNEG1rBhwd2QA6kuAaQAmADk0gFBhtZoONFI0gEUplH03SQtERSDDIsUgE9CG+wnQkoHsT7JCGzoRiPfhaedEGE/ZW1uk+30d0aNBzCAsEqr1CXpaQO6HTz0zs+SIXnrKZ1QydTiuh3TRWHIsoydgaW366OfiZDj+8LIU7Cd1KZjhoFAJvVOU9GCCj1J1TlXyjC6IuDRyjBpImDuB3WFlSsaEuAJFpkO6mNZxxSNTE4FGhW6jkey0m/HZGqxncfCOfm+47kXfKNVkWmtZ4hwjjwcSEVwsvbeeULa+k5MAdPlOsHmip36zvrGV31lNdqXVCaA4Kflns308hae66qan8Z4koXa56nax3qrqrtL01rASDID2+FLo0eVN0ZDpxlE3R5UjOZuijdDI665K2DWdzsFkpJDrVIZXv1B2JiSY3UQ1wpbInmE6PiTwjrgy3NJN/S5XlLXcfTD1fz9l4ggyNSkLL7F3C2Msju21/xS6PlNZjyZY93t9R7lFSvMdZ2r6k6ZrgFZDLP+ZZhLzjZxS4+Y0e29rv0NoxO9WCfozXc3x3Sk91Lqu2myAuaLKDfrL5eLLhyUGGgVmGTdP3A7SwJZnH2x4KaQLzC3pgai4U4D9SsIvoZYp2AsIIPwgD6HA34WgR7JKAHZYCm90A6O6jpCkaUE4BKWgkMCAMd0EKQCXIaJBiaKbRpqXwjRpHPKorIr8/HD2EgcoWkZ/I0107iHBM6Z0RHoAaQSE0VnSdj4DYu4Wn/AKJbYmNHHCMLetH0Dwt0soEBqNJaTZWE01I1zu3lA09h4pdyR5WMvS0ZF0ihwlQt0strnsEN1EyskR+UDVJNKcvJo9kOqRGyMtmmygA0T4QpDb4HZVTgX5SYeVodPaTh/UeKR+ObtyverL1BzWciz2/VbyMdFzBzQ72uynxKw2FjA4qNYwfqvENTbAxvPSCFDqDmOOyenM+rvkiawkOvsEkhq5v6g+j2obcwpXxsJ4JoBbYNcNkx8/FyHtlY4C/ITSnJfp37QBiPBd5VJIy6D9IfozGgT3/VPJC/UDLccianTmq+U/szEP2m6e4ztyXF7TYAcj2GNXtX1g1PRntAyngA/wAypidd+9N/xL5EMkbZ8kkWO7kt5Rr0xs/1wwNwiKETNDz8kLMQsdJwdZxMoAe60n9UmJWHMvT8XOjNNa4/IWYaVkty7Mfk4L2xH+gTKSsJ/wANZekix1AhEFi70bdGRppDZCSB8oonxstN3hBqDhF2f8JC4uY8qN5oEJBh62nkJK3AB54Sg43lDKWhOkt7pAUgAgAgAgFoIQlxXQRg0EydNy+EK8m07TEjC7wnUhP5Vo8BMJ0S6EEVSFZ2iy4rgbHynPOzRicOK5QL2MQv+O6Ce4/yzj3BQz3OxYbjVhZhPZMiwRQsIwnsfbjCPsE1L7FdH2UaNR55Axps0mbKo8ybqcQCh0SI0QEYLj8IdMZ/Mgn1LUmhgJbaBa2eLhNgw2RuHNBZU/b4GW1+Lp7y34S4Tn7XMHsOo6tI1/JAJ/3Tr8uhzAGYEmha6SXpaObEcUlrxYF91NO9Oa57maxqT4GyAuDqUelpWt0DQoNHiDpqc9w7lLC3o1ubaWLuXHLHMHIrsi3W64vvP8OmLNFI+FjQ+r4Cbnk8rgO7PRzP0aHJdEwh4BIdXCf0qnvHD9cdl6D1nPc4gE90/pS+0U+HrGLqx62P6R2TepNTs/Fw2aW+ds4MgH7to9RrH4rcjMcXNNNtW1OrKPKy9Oc1zZXCjfdLajW62j6x5Wj5MTDK4PBH1NJFLNLY9Genf4iGzSxsy8r7dXUl1Kx6P2f6oYmpRsLMtjrrjqRjPXHTtL1mPUqAc1wI8G0owvVdMiyWEBgJrwEQc3WJ1Paj5HOLG0iqYq9M2/k6fqBkJIFpDY2GLHK0hxJpIMXWHIXCiVjLEsihxwlxO/BtdSVlL9wITodfP2SAfWgB1hABrgTwgFIA74QQS3DaCMGkdYCwUh7urshXkjn7KxsCgmGir5QMF0fZDBloIqlutlF7bT3CNFo2xsb4S+zCwGccI9gUHtbXC32ZhbJQeyNJSnPtOyRX5erw4kgjfw49lKqSIGZmNlBLSmPJipLy5yFNw7+UkyWU3gJsbO1lpOktwrdIAXnyjBe0jJic+UFvASRkvxF3HnM0zR5JZBYATY3j9c50fHOq6i/Kj4jN8LcdXLdSwickB3HyrVlODSmnEk/xXWQfKnUq5xpWnCHckg9wk9Xz90u6q6VNj9UMfJNBGaX2xIjDmtHB7KOG2CkiE7SHCwV0cDYo9V2Lga3DJBLEKkFE1yFcn9HAvUn8I+nas2URF8gcPi6QPd5v3n+GN+1seUYwkYQCapAefdwba1jSdWEBZKYb5JBpAS2l2AwBzS3jzwgX6izZL8o8E19kFhr8s7ptop6C0vEmzsR1xyuBHwUqVdA2f6lazo08d5TwwHt1FERr0f6c/iMn07JhdNlkjgEOdwjoR6j2H626ZudrBJkRNc4D+JKeumY0+Nnxh0MrJAfLXWl1iLl6bz1ACvss6Pz0iMAYQwnkcJYapuNGWEEditkSTuoFvKTqAVlTwBZRgCyjAFlGApa2ji7lInYcB+6zC4F/dGDBWFQYJz64S2Nw2eFuLaSjBoKhQQAQAQAQAQAQAQAQBA05AG6QjkchKJ8ZfXsKXMzGyMBoIUlKwdPleQHXQTD2W7NIZ080geyVDithbQCckKQpCXAWgrOb+IOgytPP2QtyyWyzWOW+PhCjQbYfLmtcXk18qtUq9mkhxMSUmQcAk8qdS/1xIb2xMDc0pc4EB6XFm5m9ZNAw8Zrp5wwgdrRpbwgn8Q+0ww9WU1lfJCywv86Qz8RWzrr9oxA/6gn5H86Kb8Re1IgSzPica+Qrs/mi4/4mtp9ThkZTK/1AoH81drnqlsrdsBLZIXDybCA5nvDD2Fq+E+GJkByXA04Vdoa8teqOzMbT+v8AL0RZIpOyOV4mOYpC1wKC34mPaP4QhI2XFpSVgy41waKWJUpkuVx7chBHaijoSLrS95azohBhzJWEfyuIU6aOw+l34oNf2/nwxZWXJJFdfU4nhKax7b9KvXXTt9xw47shgyHDkE82nrJzjoboRPmExvsX4KWGq4hj6GAFbIkccRQAS9AgHhZgGjACXACMALG/owaS4MC/ulLgX90DA6v8yY2ATabBhPUnxvqANowYNKUEAEAEAEAEAEAEAEAf8JQCT2QCfbHV2QNKDGtBoAJQOz2QA+yq2EIUgwOeeyCsjv8Ak/5Exg8EWhblldokj3G/7IUaPaHV7T2XwQqWmpGuzRaZDM2eQEOHAtTv03McjfoOlZObLkveOSfKXT4wm+9H02QEsmAA/wAyWwzkW4dFxJoXCObpNeHLWOb52hGKYkZLqv8AmTQqLJo0sgNZLgf9SaUFN0B7YCZMlxNcW4qsoIxsqXTGFjMtwF/zJgdj3ScKQTOyXOePlxQEXVt9N1VpEr+rxZKdOs1NLBK4uYQEJ2GOCe6WskB3TfJUqXoggO7LSYm6ewRyAu5aUoPZOOJJC4Dj4SA23HaJB0iijQ33p7vbO2lq8E+O5wII7Eo0V789Bd/5O7cNss7T1EeU8pXbf3gOKTJUHDpAUuqIJJpgRoBGgEaARoEeyNA1nwAj4AWRtJJsq0NyJYYY7oBSRIEAEAEAEAEAEAEAEAEAEAEAEAEADynZCELQHO4QOWD3vnCS2EdhSFuVPtJoEjzfhBmg2ieHfojTf6x3qaJi54YXGweyF+Y5DJBqDYZS0PI5U9NY5nuvH1aSQgNlLb7UmKwOuadqrYyWMlN/AWMZGXR9Ylksxyf1BTQopNC1dkTnBkg+9LNCqysTWTE4dMhP9VsoZzK03WS8ksk/sV0hWyaVqbn/AFteB+hQEhmi5Fchx/oU5Cxp08Tqp39ihmH24sp4DST+iWlhyPAnd3a7+ylSdQ+3EdHyQf7LGWDjnEb7IoDyUqd+Jwy4jH+8Oyy/AinUY2zCiFO0Nh6aNZuTdEGE0dbiRws0R9GvQ3an7BwWjo6ePhPpb8dhP0VQVEKQ+3FS6ogg1T1QtGgVc2jQLpRoKRoI6bKNAVQW6B0UaBLY2kkUqw3IUUGADlAKSJAgAgAgAgAgAgAgAgAgAgAgAgAgEu7p2QT+xQtCZD0xlA5c03dK12U9nn4QtyjbZBbKeOOUGX20jya5NJuvqmqjd8vuZpY9gI+6mrye0PbONmYJJiBv7JZG2kTem+DkSjrgYW35alsEp5/pNoUgAdjRnj+UKvqlqFN6NaESS3FiH/xCMHsjZHoro2TA6I40YJFWGhZG6zsn4adHc4/Q3k/yhOXUbJ/C1pEjSWsaDX8qvzyz21RZn4U9OcCBG0n9E15Com/CljNH0wA/oEERX/hWxRZMAP8ARAV834XIGOPTBX9FK6EHK/DAAPoYf/ql9qNU2T+F6dxIDHV/pU9LZFLuv8K2azQ3uxmOEv2abWlsjnMX4adwxw8h/f8AlWVhUH4b9XEo90O/+qnSOnfh59As3b/qTBm5LHGEA8FvCnotfQPRtLZpmMKaBwjUrVmCHs6lXUehAAjjujRyPpU2myOUAsNpIbR9KBounhA0GiiUDQLbTjQ6R2QNJeKAQ0SbTkJ9YCACACACACACACACNAI0AlwAjACYAgAgAgEnum1WQR7I0U3kmonUilce3RkPduNzPHCV1cRe6JCGkHi6RKexYbSABcbVVrxij3oS/U2saaJIFqXXwRqNv4r8DT2gmy4WslZYlumc5xAKW1TnkRMpP7yPdnoWyR7RRNrfcehbZXFw5WexfUol5ddpvYnqdGQ8cEqnPlZ6G+sk9098ow8wiqItL/dMr2mP7gI/uwbYIb5YD/RTvn0tpX5TGdz7YP8ARL/TU7RjExOxjb+tLJRZS3YOHKzpdC1zfIIVYXKZOhaW4V+Uj/8AqihGk2jpErw78rGP/iFOlS4NB03Ep0OO1kg8gcpfUlq2Y8PjDa5qkeqVpbaDKT4zoQHSEYIOyfCjrSOnlGgtYMBAwLtDNEBXKBpVlbrcEjRhLxfCZpPt/flLptERSJTGyaVZQFhMBoAIAIAdLvhNgDp+yMAAE/ZHqB9KMBBNrMMBcAhoB1rCFIAIAIAi0UgXobY+sIE61G1SQYmK55N0E1U4+uH5mrt1Xd74umiDSV2yNfhu/KzlhPcJY3pYbWj6AbXQrVLvFnVqsXT36godCNbhkjDiH+VTUKAAJNJjFKZQWApv7w/VZGU71JtToO7rdYJtWjQeBpJpacafhLqdhXC0o2iigFeey2UpzgBPKWh1gJvrCeuzQKMLh0AkIwlOxkiuUYWnWvNiyl1Kw4X0LtPpbCRICkxuDsFGDB9SnhsEHApsZhwEUn5iY3VSOoCEhwQAf3KAA47IBLxaanhoik3JyelUYFhKDc2UyAi/KWGw1Jq8UYTFsQ5N240XB8KpfVHfvHG8WR9k2mBu8cSX6QCD+iTW4ks1qF46i6gl0Ym42THljqa8UFjEroYRw4f3S6wXtgeQs0YHSKu0aMDhN7NFV9kaCxFYFpdSLczpFjumMzm7MsY+nvLjXCpa6uHDtvvZl7wfIDfPdRsdH+OhSFkeog3zRT8jVzo0ftY7njwCVd1Vis7V26jrbWg2Gvr/AHUOhHQoh0wMA8AKZiv4kxhqZQWAY7rKyl9SXU6HKzWDHZGgppKy0pwEpNGFtdyE6dL6whOlB39U0oKBPYppS0RIuvKb2YPlos9kexsNs1GP3OjqohL7NvCQJ2/IR7F9BfmOeCt1nodOUALJSexbwS3Kb4Kz2HoUMi/KPYehbZfum0thbX+U0qVh1hNqvCBw3fKOwJSOCACACAJ3ZNWmnNIpNyYVFMYQakBqbEExBIWw2m3aRE8UmLaq8zaccxJA7qonRmHawgFdIIPyl0yBqujflGF0TB1fZJafGVl1LUYZSwREtvwEujAdrmpwMpjHD9Atow1HuzWIXjqa6h9koxOPqBmxsNsNqWjGg0Hc02pYZkeS0o1mLCDVj1C3Dum9mSNBgZDMhoNglHsl2l0B2TSpB/CU2mjnPqvmOxtEmLDRAKbXZw4r6aTOydZdITZ6jymx0f46Pqk5j1FgB5IK3mMarCc5uBMO/wBB/wCxVend1Pri2mas+Hc74zZ/xf8AyuXpnU+O84jvew4n9raCsThdcWkVgNQwZ7JQImggFMf1JazSnOpLqYxz3SaMKDqWCnG9kEoBxBVWUoEuSpWHWG2hPoLvhGko42h5smqW6nms3unfEe32uYIxKQFuujjx2uV6h6wvGaahDOe4UvZ2c+MpvrRKwc05J7K3xHf/AFscf4RaX2E/51vsr1YGv6s7GnIYwDi0t6J1/wA7eO1/Fa8tbK3+6X+hP5U5HrsB/wD6t/uEf0L/ACqVh6vFNIWiQOP2Kb+iPfiWLM1p7FX58iH8qkRZzSQFbntC+OpLZwQmvSVmFh4PKXSYHUPlPoDqHylLgF335QwgvpBtJc/qTqc0TQXHlOpUXUtTi0mJ0spFAWkLjOReo+m5byz32xOBqnGlmG9Tw3xgB1HMi/8Asq8j1TYd6aa9v/WRX/qCpzCehwb00okt/NxE/wCoJe2+tKjz9PzSD+YjcPjqUoa2pbMLS5Oxicf9QTJ20l+m4BcAxrHfpyjG+1HPt/CyGcRt/oEY32qiy9mwOeemMEFLOT6TBt4Y49pg6L+EnXI09/wm93IkPylnNZ7JGLhS6eeXEhNYX9XePP7rASeQliVh+Rw9skHwm0cxxD1k18sx5MSuDwSqR6PEYD06xDgSGcGwTdKkXx0ebAOoyCa6TDGsx3CPT5bPPQf+yfp2dT64RpYa/dz+e8q5emdT49D4jQzCjA8NCxCFdwkVhKGAlAjyCgUcQSVO0s+FG1kDuEmqSAqJ06w0OUEo+5TgocJmYWHWs0pwOFd0aRV6rnOwo3OBrhZafnhyLd2rnNmfZsqVr0PHy5pqeDLlTHoHP2U/Z3ceNAdouU0GweEl6dP80aTTspn8JUp0f+JelfndMzPdZYJ8hLei9eFeDdGpMcSXu5U/ZP8AkcbvTUGfxu/uj2J/JabV9QczDznOlkPSfkptS78ToenepAlIt/dX5rnviazS92Ny6LXCyrc9Ob+WtLh6oZWg3at7ObyeFPjzwR3Tyue+MsZIk4tPKleDgfx3WkvB0SN8lCV5JLr8pmeoi7hOpzCmuoE+E53EvXTfTtEwJA19EA+UjceHN5etGqyakfyuQ5oDvBW2DVHN6y670g/nJOP8yrzBqOPXLX2Gvzsg8fvFVzD/AAg+vOv47+M2Q/8AyKTNHxfaJ+I/XoXt682SvjqW+hdjoWmfia1D2QHZjga/mKacM2N/s/8AFm3Bw3MzcgOeDwSbKMHxuNG/F/pcrmtknaOR3KPUfHQdH/Elt7OjDnZLOfuicsxp9P8AUXT9eaMnGmaYx8FJ1yMX+DuzEmAHuts/dE5ZeFszJx8sfTI11/BS9Qo2xtbw08LPRlhctthcb7BZ6t5n15q9cs57Z5A0WbRj2uPH8VuwcgnSWPfwT8o094dS0yUOxWOB8KieLbVnOi02ct/kKfrnHXjznoes/wD5e4E8iX/yoX4WvUelSibTonDsWj/skrkqQQAAlohJbSU2B0hKMERQKWl0cYv+6lRpbiK5RYUyXgGglsaUw2thjlhUhCm90YU4jQMGkpaRLKWMsJWyKPcxP7Me6ua7pbV+J9cX1EmXIeTdWl163i5hmHGa09ZHKla9Ljk77bHckBQrrnBLsSN/doULXR6CGlxH+EWiVPrxm5NEjf2aP7KuI+iK/bjbvpRhPQzk6A1rQWCj9lk5J1wr5oJ8JttvhXkc3XjPadvXL06QD6uFTMQvjjcbf9V3OPTOOkVVlW5QvjbDB9Q8Sb96UD+q3U+vAusHdmLMR0ztN/dM5uvFGgxNUZkD6XX+ifXF34UhuaBwSmlQ/kkMyh02St0v8zrJg4Xavyl1yfc7qhd08mk2p5jx3+KTMnjhmbZAoo0zxI93uZMhebNlMZHlZ12AFXktqumxjfA8qjSXYreC8UmNmo+QRCCWd0+D1Qf2jlxu4LgEYPUJNTzX8hzgPst9WHMbO1AOBa939ymnIa7Q9xajit+qV4H6rbybXQ9t+u2r7YxzDFI6SM/cmkt4La1GF+KbPhLQ+QtIPklF5NG92v8AivzTVy3/AFUrypOXU9u/ij/NMayUguNDupWDNdH0z1lh1DFJNchSsX48Wub7y1iPcuoFvBs9kkmPW8XjyBhwHTMVjGihxwltR7n10DQpi/TGEqhPVf75zv2LocrgLc9pAVuutZz3rzFo0ZfuwvPBdJdf1UL9N1XrXbYJ0mAH+UJKh0sJG1SWp6Ln7oZ7DopR7CeC1jjXYLK1FiySTQHFqVCUD1DlZYUyQOurS2A41vSsipYFqkIcHZNQV1KVBJcUl6IYypQyIkjtyl9lOZrNbh11kuA6EAXXdFdvHhuuWzEPyXgji0tr2/D4PgiAx1eFK16PHjwVV2C566Mwto6j2S3lWHmQ9iUTkWJDAGhVZ6ESSDtSCehoRhx57IlSvJM2BFOwtIBTzpK8M/n6ExjiWtBTXpG/86rn050g6WNLPv2T89Ev/OjyYM8LeJHA/qqEvh07garm4Mo/xXED7p4jf+Z0DaXqa7TXOblf4jCO58J5XJ5P+dvdN9QdP1Kqlaw/BNJo474GhxtYgmADJA6/go1z3wrGHJFcFX5cXk8WVbY0rXNoGzSvjk7mOP8ArL6Ox73x3OcS27/dW4Xl4h9YPQPK2JMZccOlidZujwqepv1xqIyMyjE9hFGuQq88m9Fm3Ghe4A1ZVfVvriJq+nEOaGD6aTTlluM/ktMUwY4LNZ7GM6GdrB+XxnzE/wArbKNHsew9OzvYL58GWI/Dm0t1iVjubACXsIP3CeUJWJquLkziF5DATVrdU9WkgZh44ETAJA7+I8lPpbyXLs/EzG+4CAfhStEPadocWnPH10P1UrVZ0vtLGoHPjOEx0rL/AIeVC1SR6D2dDqQwoxPE5gI7kEKNrs4+NJpGnufqXUTdFSvT1PHfi03HnnD9oVQJATSaj3Prom24Q/Q4Xg8uo1/RM5071Xm6dIY26sKlQ4efdLaGbkj+7gVKw3Ueq9snq0mCv5QmiHazkaeEvSXNAMBUcbg/bRgwUg/wysp9RYMc/wC6SjTkttBAHhTwYitDjIDVJMGJYFohtH03wnhNODuhmlJaDblHo0/ETUrOFJXeipyKeP8AXHte1l7c10JJHNK1evxEER9R6/nlc9ex4JkG6Pz3WV6XMI6CVOnsOxMrup6dJsEAJpQOgQmZTTqS0tNvb1Nod1ieHI2EBMTC/Ya/uP6J5W2ESadE9t0L/RVlJity9GDiSAKTexbFTl6OWgkDlHsheWc1Zk2E0kAhPqPXLLO3LmadlAh7gAfkp5XH1xXQNoeqgj6WyvJPHcrbXPeHYtp+oOFqbSHyhrgOAT3VeOscvm8beabqTZh1MdY+QV0Tp5/l8S3dktyGBjhYPyqztw+mMR6ienmFufC9t8LXkgg2LTzpkjxv6t/h2yNvvmy8WAlnJ+lqvOlJy8w6xHmaVmPEjHN6TVEUmnRLEjSdYbnHpk7jjlPOi2Bq2kiVwewcd+FujHQvSWTSsTNjOoMaWNIvqCNGPT0ewtt740xk2HBEQRR6QEaNY/cn4SDquO+XToLJBNNC32La4jrX4Tdy4GoknGkjZffpPZL7NnR//wBHNU0SEMlhe54HkLdFQnbU1WB/R7TwB9kVgT7T1J0Dqiff6FQta7F6Bbad7rIsyAud1dy1Trq4mPT+5Nu42Btz3Yomsc1vgBSrv4cy0TJH5+j3J/8AKnXfx8O72YCYT9wn5HU10nb0zGbbgJPhv/ZUQwn1heW4UC39cvDhOHY3DCf8wRhunqvZ7urSYB/lH/ZEjj7XcwqknUS5G1nY+FFvsPoKB7EliSjRV0pKNEW9XcLbB7CMYrsElg9jZFKf+ntKTQloNCZkpaWqw25S6hp+I2YOrGkB7UVKRTx/rgu6z0a+4dh1Kle34pqzhAOO0/buuevY8UwkcmklejzCTQdR/sp09hwEcUpnEO6aAuiqFsNvjJKSlwTWFp5SMsONNBOSwYJu058KkeQ0EI0mEdV9wqlw1LGJDyEF9VXrGkR5cQHSDX2Rqd4c93Pt5gaS1nIHwm1C+Nz1zJNPyrFgWm9kr4vrRYG6nYvSWSlhFeaR7Yj5fDMdc2D6wPgDIp3e43tyVadvN8ng+O16HvnB1BjXdYaT8lUnbyPJ4ca7DzYM+EuY4OpdHPThzETUNAwtbxZIcqJsjHCj1C1edD2x5R9cfwwwZL5cnAiHQ43w3snnTXj3fHptm7IzDQIZfcBN7FsVenaqJWmJ5+ocJ9PiQ172uPtuLT9kaMbz059Y9T2S8YXuufG9wFE3SbS+r3F6HerkWr4ETcsgFw7lLpLy7VNHp2uxcRxy2O9C0s6SnxRZfpjpOa4umgYSf8qrKL0qMv0Q0SayMZln/Ki9ayVXj0O0YGjjt/SkmapFxoXpVo2hTCWNjWvHPakVWd1Xeo+p42HpzsWx9QoBSr0vD9cXxccx5Rlb2u7U69KF7qkE2NE8mwCm5Uk1ttNncdvYwafj/smT9Vr6puGTNBjv7JunD458ca1bDbpm4sfoPBIKSNv69K7Fk93RIXnvSeOPyNFI0uIPwk6c0p4AUo43R0EYNJLQFMaHtj4CBoNaPhbRojHfAAU6ND2AVnqT2D2B9kYz2E6Hjikw0Xs8LD6afFSlYt7fEbPjrDkPkApLD+K/XAt1MDtacSebSWPoPHEzHlLYAPFKVj2vD+EulLXWk6j0OSS8P5UFqcjNeVIHUAtoscp7QNylQJwBaE0pQaOU8rClujBuFhNKMJ6UzPUXQED1BzB0kEWhl5ZzWsFkvXYF0ShK8OQ7kgDnSUyi0kcJiXj6xz8c9RJeRz2tDn83Cdj6nPpcYfE4khPOnD5efjoWyd36lmUSXNVZ08Py8/XpL0p1KfJxJPdeXdu5XRxXF3I6I6Q9Io0umVyXknIgiy4TFK0PBFU4WrsvLjPq5+HzTt14MssUYBIs0OR+iYsuPAfqp6V5OwdTmGKHSizQo8I0+Mbo4zHAnIYWfqKT6X1XDI4ifdPLxyjWY22yPVjVdr50LQXflgRd/CNGPWPpp+JPCkEbHygngEE9kUuPQu3N94e5MZk0MjTdcXym5L6tJLO9sHW0Xxa1KSQjHldLAZC2nD5Q34zG69SbgaZNmGXoewEht9z8JK6+OXl3cG/M3cWuuZKXBjXUB4pTr0uI02nN9zGAHJITO/g5maQMrGEchoA3yhfEnF1h+BCzEAtrR3Ql01/qQ102qY9drTdOPifHMd4QHG1nEeR5CSJ9PQfpu4S7eiI5FJ44vK1dDpA+EnTj0YFqGt0fSVmjREUlGgBaBo+krNGgGkIwaUOPCzUxuRoEBfjlDNDp+Qg+mZozZICzDSoWoNd+RlscUUmOjw368+7oY4a08ntaSx9R44lQkeyP0UrHreIh/Kl09Dkkd1zrU6wHj4S2A83ngqQPAhLoE42VgAkECkugAaT6B2FTRg00GAqAEAEuhW5eP7r3ccUUaMcx3RpzY2zEgA3a0ln1zmWISvNDyhz+X8NScN6fjwsjyfLfjW7IklMzY2A2SF08x4flv16o9JMOfFwpDO0gu5Fro4ef306ORYC6pXPoyOFcbqSxzDA6N4B6h5TOfqfXIvUD0N0/dRlm9lpkdyCR5Sap7PJfq96H521myvixz7Ys2Gp5Ta4hiaTlNZIHRElp8hbrcPdUEuM+J7wyUWOeCjRix2hDJpMpmbMX2bAtbab1dz9PPV7L0TLihc5zWWPKfmm9XrXZnq/i61iRRzkB5FWU6PXhroLc+GXGuN4Ni+ChH+V1529Wd5yx62/Tg8hpvgKT0eOXK24bvzvuVyTaHbzG80NzmQgkcAIdnK0yp/dhod0OhUOtj7Pf5Ql1HUN3Br9Sg6uTaX2cvP45n6otEWoYhHx4Qjf1270ecZNsMJ57KkeZ579bMttyTpyf4UAPC5m6PpWDQ6VmtDpRgCgm0BQRoDgpMLgEBGDAHAS4wC75TYA7hPin+IuoUcN7a8Iw/iv1x7degh07pQPNqNj6zw/jNRcP6L7cKdj1/CN4LX0odR6HJJ7rm6iun2CwElYcZyaUOjaXYSgaCggwIALaCh2T8gauAQCCaCnjOTYb1En7Iw1c43k0Njn4WVO/a5QxxEsn6puXL5sw7pmC/UMwMAJsq2PF8ljtHpttH2NUgMsfHfsr8x4fm/XpzTsKKCCMRsDQB4XRy4Ok53ApdPMLAJHAV5C9AT9Q+EWFPF4AHlAUm59q4W6sB+PPC14cCOQgPOnqL6AxaBhZMuHA17XtJ4byFmG5/wDTwL6j6Pqu390ytdFIyLqPih3TxXPVo9p6qMiJjA63jva09+u6bR25FqWntyngdbeyF+OXQdGgzMEsfGXBoPcIwTnHTIt8ZulaG6YvcSxvyjGWOf6bBleoWqv1ItJDSQg3K11LRBp0zA8dKHTzWiwMNn7PDx8Jnbz8Qo3ASEE8WlsPajZgBcKqluE66dP17GOXlxSVyCs9HNPxz31KwmSPge8/UKQ5ev10r0f1Qx6czFAthHdNHl+f9dOdGRzSTpy/4RyuNoc/ZAGshwVICqCt6gRaj1AAWkwB0WjAAb8rMIPpvwmwB00OErf8Rs2Mux3BoslCniuVkNc0wTYzmkfVSha97weVy/OwXYOU4keVK17fg8qM9xe4Edlz2vX460T2ECwo2urNKikPalKn9T7XUbUOi2F2DylBPUQgodR8oAdX3QC+fstphs5PKfkFHhXBJNoBt5J7JcbCmNLWE/ZGF6c93xEA2S+AbWWOO9uLaqZYsmscF1nmk3MeZ/1efG29OtIzJ82OT2i435Cs8jry69X7O2uyKCOeVgbJXauy6OI4PJdbiBpY2iKpX5cPRyrPK6uSwKFqko6LABRaWCDPJQDkUnSapAJzNNh1eJ0UzQ5hFG1TCTr1ec/XP0G07XMaY4+Iz3KJDg0WldXN93j3O9E9Z2zqjzBCSwu7V4Wa6Jy1W39czdsZkOFmAsa4iwUavPj01sV+Br2lgDpJAtNpqp935wxI58GIAgikaJzqy9HGyYGFJE+L99x5pDZy2G5tuM1Gn1RHNBCsinGBJhwezRrsnP7M3nNlxsgg/ukrcX5mm/rmbY8LCdR2yKWDMpooupI5XOPU7G/LyM9zhoNhCPX1rfRzNxnwtHULqk2vO80ddncekdPYpXn39N9J+FzXlXQ6T8JfUaFFEjdDpVYNKDSqcs0fSno0AylMhVfKAOgtZ7BQRo0OkIjIQ6MEEEWFLpSXFLqOEXOP08KFju8fkxzbe2jvBL2N7fClY9vw+X4xrS6NpBHK5+nteHyw4w9TaULHpzyzAawg8KNjf6nQz5Uqad6caEuKgatGEB1VQWGI6UzTgIoBZQU1U5oDuOVujQ6UzdFQ7rZC3rA6gGmk+OXvyRzffznFjwAborfV5/XkYbZmgyaznPDoy6j5Cb1eT/09a9Nemewo9PgbNLEAe4sK8jzr06lHF0ABooD4VZHN1T4JIVokUOytKAJpPpcAO+6NGHARS32LgrpHsMIlyDGLBTaWREyYWZhAeAQflGrxz/fPp8zPc5+PE0uq+AlV4rzl6i+mWQ3OEksZY9vN0mdM+mdnbhn2o72CTXZC2rf9ov1fUDM4kgm6KctrtPptpsc+B71Ac0twSttk4bXUCE2G1GydEjyGgBoCaRuud7j0aTE1Mte3/BPZ1cIq/PXxXvwfo/wv9kpWo9PdRdq2oPId1Bp+UiHSJ6zNDgwV2CElf6Ngh9h/ntaXXD5o9DwEmBt/A5TPOs+nbvwt9Rokt5Gi6uQPlJhdL6Vo0RFLeTaAFpqNKUi6CBoI1mAjRgKkA2iyo9DcIyYQ6M2OUtjee/rPalpbMmN7XtsH5UrHq+LyVzXce2fyz3OYKF/C5eo9fx+VlJmOx39JBXPY9Pjy08x5IBpSq39z0Lus0VKx1+Pzake3/mSOr3NmIWgvsJzOkWsE7EO6VWdEd3EJaoWGkrZWlNFnnsqFtB32TpWm3mhZ7K0R66MtyWGwSryPM8vkqsy9BZreR7Ybd8UqTl5XfmutrsL0oi0WT35Ix9fPITerh83l2OqQ4sePAGMAFCqCpjh9tLY3ugaOwCqtHZRoESqaBt7o0D6ulZ7FwC6weUewwzKAWGzym1uIzi5o6mnsjTwIJ3SH6xaopmMd6m6FDmaTJkloDmhMrz084ZOlwSZ5ugbQtqdg4HtZAawWL7pya776d4Zx9FaaoE2qyH1pJJWukDSU2F09VAVyq4LVdrekRarhujcB11wfIUujTpzbIwcrQcgt6SbJANeEp/Zjdg7ol0DX3Ma62ucQQT91I9muib3z8PW8ISSOaH9N1aErMVfpU2OLUXRsP02skcHkeg8F1xAHtSbHn9/qTVlURDo+yTQKgk0ARaTQNo45WAX8SANABABABABACyOyABeXiihLmo80Ic2ikrs56xT6rpseTAQWglc/Ud3i8mVg9Y2mw25jSuPrl6vHkmMvm6c/FBABoKV5Xnl+Kr3JIn2QQEnq6PF5sqVHlAiiUvq6Z/0HusHylvKk8wjIHCieyS8qTyiaQByUt4XnlHx8rPVSeUYNgco9VZ2MSAcEhPIW9SA5wcPpKrIlfJIjmOSV/SBYJ8K/PLi8nlWmBtgZNEkgnwurmPJ8nl+tdoGymY8zZSCXA3yFSR5vk8krdxxERBpFUK4RY8/rrSHR0VpdK6OENNH7rYpyQTSZQkvKDeo2ylqB6ldXlGMwgP5RgwmU2PhFBsAtjPm1bkxDJWxsJd2VZFK4X6ub71H9tDTca/ypHJC2w0+OZCOZ+UXuu7tNhlrpGW9+oxxVduAW4HpHbEJg0KIAVYtWZpmWQtyRzXKca0GLH1wA9zSaJ3o4MZp5PdR6E7QtR0fHzYSJGAnjnytb7PGeN+bGrzzMJpriVzvSkWU29JZ7ie82ODyhPuOl+imT+a1QWeSVsed5I9NYjOiNpvuEzyvJ+pKypgkBJ7qVoAC0loKWgkikAkmk4CwgDQAQAQBWEAaGTkki7S05mSDr8cKVim4iT6a14I6QbULyvx5qzOtbY90OcGf2CleXdz55jH6rtoxxnjn9Evqfn/oxmcrTnwHgFHqpz/0GPdMbTaX1dPPnRPzbnPICPRaecT5ZieLSei884NlmB7FZ/M88tKfPN08XaP5qTz2EDMe0/VdppwW+fU2AyZLfoBJrwqzhO+VqNjaJNLlSHKYejwHBWnLj8nndGwNGijIIaO/wrSPL8nnX8GM1oAAFqmPN68lG6M3ypdJzrTUkflT1WUirFI1SI8jaKeK8mXH/AGTKEHshTSbpA0rqS63A6kaMJe8UguCdIOml1cQ6m3PqEelaTNM9wFNv4XRIePPWbONd1CXLuwHH7osLfhDsaMAkgKmG07tuKEaxG4gdwUYNektGDJdIjLO3StR9md1H6M0AfKdns12mi8NgPwsjOkhlWixITmWb8LW68Zbem9+fMa5vJsWoer3Yx+qQHEz5T46rTYTp1T0Jz3nW42A9ysjzfJXrnHc8RMvuts15vkiWQWgX5UfZzQY5Cl1TX6Po+yRujSFJcm1sJLuyNMNVwgIwAjACMALQCACACAU1vP2ULC3oZj5UrBOwdjMeKNG0onSBPt+HJJDgKKXFJ5MZ7VdlYz3EAAE9ijG8+X6pMr01jewkIx18+Rns/Yn5IEsFm/hN6urntGj2w+qLOf0R6uvnyQ6Npvd2Z/sj1NPLIU3Z01cR3/RHql35oJnp7JM8FzS0foj1R/s1Oh7GhwelzxZ+4Teo/s1cGlRMADGhtfApPjk689TWQiIAA8oxx9eWpEYcAmxz9d6Jzuo12UuobikvFKboNdH2TmiLO0ghZIvKYI7qi8vwgC0v+iEuamUlJqksMRI7pBTGNX1gAfKzn9bTGsZI03T3Tk/S0Xa7OYSVwb1P9ShnwnT4ZLc81TSumRSMzocUmDp4D7JdzafC9JUrz7ZJ8rcT9lvsLSP2pqrQD5QPZ6L0vTzp+C2LwAhL2ZbWPpzwPujTbrYacw/s9h+yEe79KaeD82gW/DjacEB4r2tL0ZeT1iiSU+Pcir1/HE+WTVWUuF6J0Tcc+0tTgkxzRBHIXN18R68evROzfWXJzzA3JIINA2pe7l68Mdq0zWItVijdE4Gwkjye+fVae3Vc8IsQ9hnukbpDyR2SGILr7ppGwnsVScmLoq2EDpRgEAjABHKMAux/VLQNToBMBVzaAU13KmW8ldazBOQ61vozCveLQl9B6GJG+6bIspvRs4wZALaI4R6H3DD9Ogl5ewEn5R6qTy2EHSMf/wDzF/oj1P8A2pQ0uFv8AR6l/tSm4UbezR/ZHqP6WlHHjP8ACP7Knqz3H7DR2CX1HuMMA7JcLaL2hdoxP5TjT0ik0hf5kkA8qXUNOcIcSorG3JjRGnceAsw0phxB7I1eU2RXKIqL+E/KYabolIoYm7G0tpkRmSInEuNNHn4Rx19PfrkPrv6kuwMEafgyDrfw7pPK9DimnGuWbZ0SHWMV+XlEmcci/ldkPOV3hSvex0co4aaCvIW8lZFFlBbYn6Nh6WsEWqsLe991Kwej0BE8uj+pGOTqMhqgY/UHGuxRhuIuds5sk4lifzGzsUqfc+rU/vH4tAs+ARaDPFmOBBlvc3gEq1evyqdwZIZks6e5KWmsCPRjqUsLjwe65fInY3ek7fnxIRKwmmi+Fx1Kx0HYvqI7SskQTuIANfUVuuHrn2d12/rLNcxBLG4EH4KNed5OfVbvqEC+SlQl9jbndXKU9mEqsrQTygY57pgOwgCHdUgA90nVBDe6nQWe6WASYAgAgAgAgAgAgAgAgAgAgAgAgAgAgAgAigRFqdOQRaTDwgikYZGnYTSWxsM+1SWxWUlza7rMPDZoikxiCOkWsq0MTMDmlTpoye6tUZpml5MhcAWtJ7+aW8ujHjXcWu5O5N4+2XOczrrva7uYMdG0o/s+FsV1YXbxGRMc8A2OLXZIOgJ66Qm33pfABqTD8lTGu4ggcJXLWX1+P8mXTkccm0mm5qTsDUY9Rx8ktokGkuo+T9aFreT+qGz8KIpB9eN9QxPy/SfJ+FavX5Z/UNPJy4y/tdpaaxai8eWEMBHblcvbMdZ2aGZMAZKAQQuOs9UXeGzHQOORi8Xz9KTUb4/U5sT1Qn2nkNwsonpJr6ka4vJ4vd6A0PcUG4MRk8Tg4EeDdI1wdeH+a0aSO6Zz/pZ4S6wdFPKBMKuCj2QCVsAJegCWgEsAJgCACACACACACACACACACACACACACACACKAU6cXSsabQbTcvcJbBDZAPhLYrKZe3hbikpgsSm0iUEBZVZUHNlMOO93agp10cvPnq/u57Y5YGP4dYoFPy6scc2vpAm1YZThzd8ru5gxu8gXMCOwXbxEZ+lNcXDv2XZIOjkVl4F+UVOunemMR/OsNeVCpWuzOaGUSlqXSr3ZjNn0HIcBy1lgqFpZWX9FmPLc4uNgFZKl5P10Qt+o0qRsvwkjwUN15IiazLxg6QW5oV69rlmtfkLXxkcU6v91K1atvl6Zjs2xBlBo93pu1yd1kjT7E/xNMbKf3ly2nxrmynJjLH8iq5UzXlzD1D2wXS+/ACHDn6ViF4D049Rs7a2pRY88hMBIDmuPCSOHy+L49P6HuDE1vGZLBI15IugVeV5Pfisq1YDfK2Vz9HXVRpUhIa6U+nGjQCNAgKRoKHdJhxLMAJiAgAgAgAgAgAgAgAgAgAgAgAgAgAgAgAgAgAljYSQKS9GMvF0sU0ggBIaUlzAeyBKaezyAhWU28BsZLuB3SU3P1yH1Z9QxomHLDjOBkqu6R6Hjjz7jzZO6nSz5VkEk0VXmO2RJgxfyJAYKXdxC9LbEa6UW4Xa7eEOj5h6TQFLq1DoIwWzNH3W0lrq/puC3UGCuKXPUq7HK0PbQ7hJUZfqHq2P7miZLO5LCFGiuc7Dz3be1p8TzUUjiHX+qnhe46y90clPZRBF2E0LzDa0zyFgWMb+iva9zlmdycFlfzKVq1dB1I9OzICP5QuPurY0fp2BJojD3XLaeRqG3GTSl7BEz4WZrHMeLsUj2Jjmu7dlS+2+fHBD28jpWI9c6r/AE/9RtV2pqDcecu6A6qdfZNrzvJxHqDam+8XXcWMue1ryBYtVjzfJ48bFjmvisGx9lWOOzCU4BABABAF1LcA0YAWAEAEAEAEAEAEAEAEAEAEAEAEAEAEAEAEAEAY7pY2EEUlpjbx2WGJq+6Q0F0pYzQbEHHlUjdZjfG4sfQdNle94DiOBaWx0+L68r7gznbs1Z/1F7HOIpJj1eJ8SYtLZo8IiaK6gqcx1RCkiLpe3C7uIXqLHEYGNshdvKHRTyCeFa1x9ExgHJjHgkIqWuw+neKBlsdXgJaHWGMJAUa578M5cT5WOiaOCKUayXXOdz6IcCf3W/SQbW421u9sPORoUL3GzVWlLqy6OEumeQcEdOOGmu3ZVr3ozW6D9TOmiOpSqsbzVi4bKhA7hvK4/J06vVpfTR/VobL/AHr7LllHq1fcm1I5mRoDrHdAOQY7Ml4Y9ocw/KI5rXPPUHbOLh6n1RNDD3odlSOHyqXRdfy9N1GKOJ5a0OHF8Kkef3HqPZOqSZ2kwukNkjkfCpHB1y0dhWR9QsIHqFhA9QsIHqFhA9QsIHqFhA9QsIHqFhA9QsIHqFhA9QsIHqFhA9QsIHqFhA9QsIHqFhA9QsIHqFhA9QsIHqFhA9QsIHqFhA9QsIHqFhCgWEAl3cKVBP0/JUqaG+pvyUDELV8l2LD1M712QMeYfW/deZLkvg6yG/APFJnV42N9PB7swe89RtK9XxtduJvTlNqqrvSrz+u3mqhzPqsVa7OE+6c6vp4PHwu2OXqkC/gWqyOPo5BRyo+aojlZUcdy9P4g1zCO9KdGOlD6eR3U0aco3dC0JVhPUKYjFlrg19ISq8xdenr/AHdq473c9+a5CVLte9wkw8f/2Q=='),('pbkdf2_sha256$1000000$NN5ul7I1P8VooT4UjnmjOk$HeZ1y3hXX/OqEI+skEOdD3fAQn6mP2rScEQRW9/0YfA=',NULL,0,'trunghieu123','','','trunghieu123@gmail.com',0,1,'2026-04-03 06:28:16.507241',18,'Nghiêm Trung Hiếu','HocVien',1,NULL,'','',1,'');
/*!40000 ALTER TABLE `core_nguoidung` ENABLE KEYS */;
UNLOCK TABLES;

--
-- Table structure for table `core_nguoidung_groups`
--

DROP TABLE IF EXISTS `core_nguoidung_groups`;
/*!40101 SET @saved_cs_client     = @@character_set_client */;
/*!50503 SET character_set_client = utf8mb4 */;
CREATE TABLE `core_nguoidung_groups` (
  `id` bigint NOT NULL AUTO_INCREMENT,
  `nguoidung_id` int NOT NULL,
  `group_id` int NOT NULL,
  PRIMARY KEY (`id`),
  UNIQUE KEY `core_nguoidung_groups_nguoidung_id_group_id_cff1a7a0_uniq` (`nguoidung_id`,`group_id`),
  KEY `core_nguoidung_groups_group_id_8cf51fc6_fk_auth_group_id` (`group_id`),
  CONSTRAINT `core_nguoidung_group_nguoidung_id_530073a8_fk_core_nguo` FOREIGN KEY (`nguoidung_id`) REFERENCES `core_nguoidung` (`id_nguoi_dung`),
  CONSTRAINT `core_nguoidung_groups_group_id_8cf51fc6_fk_auth_group_id` FOREIGN KEY (`group_id`) REFERENCES `auth_group` (`id`)
) ENGINE=InnoDB DEFAULT CHARSET=utf8mb4 COLLATE=utf8mb4_unicode_ci;
/*!40101 SET character_set_client = @saved_cs_client */;

--
-- Dumping data for table `core_nguoidung_groups`
--

LOCK TABLES `core_nguoidung_groups` WRITE;
/*!40000 ALTER TABLE `core_nguoidung_groups` DISABLE KEYS */;
/*!40000 ALTER TABLE `core_nguoidung_groups` ENABLE KEYS */;
UNLOCK TABLES;

--
-- Table structure for table `core_nguoidung_user_permissions`
--

DROP TABLE IF EXISTS `core_nguoidung_user_permissions`;
/*!40101 SET @saved_cs_client     = @@character_set_client */;
/*!50503 SET character_set_client = utf8mb4 */;
CREATE TABLE `core_nguoidung_user_permissions` (
  `id` bigint NOT NULL AUTO_INCREMENT,
  `nguoidung_id` int NOT NULL,
  `permission_id` int NOT NULL,
  PRIMARY KEY (`id`),
  UNIQUE KEY `core_nguoidung_user_perm_nguoidung_id_permission__22e1f938_uniq` (`nguoidung_id`,`permission_id`),
  KEY `core_nguoidung_user__permission_id_dbdcc9fc_fk_auth_perm` (`permission_id`),
  CONSTRAINT `core_nguoidung_user__nguoidung_id_aa26ef67_fk_core_nguo` FOREIGN KEY (`nguoidung_id`) REFERENCES `core_nguoidung` (`id_nguoi_dung`),
  CONSTRAINT `core_nguoidung_user__permission_id_dbdcc9fc_fk_auth_perm` FOREIGN KEY (`permission_id`) REFERENCES `auth_permission` (`id`)
) ENGINE=InnoDB DEFAULT CHARSET=utf8mb4 COLLATE=utf8mb4_unicode_ci;
/*!40101 SET character_set_client = @saved_cs_client */;

--
-- Dumping data for table `core_nguoidung_user_permissions`
--

LOCK TABLES `core_nguoidung_user_permissions` WRITE;
/*!40000 ALTER TABLE `core_nguoidung_user_permissions` DISABLE KEYS */;
/*!40000 ALTER TABLE `core_nguoidung_user_permissions` ENABLE KEYS */;
UNLOCK TABLES;

--
-- Table structure for table `core_tochuc`
--

DROP TABLE IF EXISTS `core_tochuc`;
/*!40101 SET @saved_cs_client     = @@character_set_client */;
/*!50503 SET character_set_client = utf8mb4 */;
CREATE TABLE `core_tochuc` (
  `id_to_chuc` int NOT NULL AUTO_INCREMENT,
  `ten_to_chuc` varchar(255) COLLATE utf8mb4_unicode_ci NOT NULL,
  `ma_so_thue` varchar(50) COLLATE utf8mb4_unicode_ci DEFAULT NULL,
  `loai_hinh` varchar(50) COLLATE utf8mb4_unicode_ci NOT NULL,
  `dia_chi` longtext COLLATE utf8mb4_unicode_ci,
  PRIMARY KEY (`id_to_chuc`)
) ENGINE=InnoDB AUTO_INCREMENT=3 DEFAULT CHARSET=utf8mb4 COLLATE=utf8mb4_unicode_ci;
/*!40101 SET character_set_client = @saved_cs_client */;

--
-- Dumping data for table `core_tochuc`
--

LOCK TABLES `core_tochuc` WRITE;
/*!40000 ALTER TABLE `core_tochuc` DISABLE KEYS */;
INSERT INTO `core_tochuc` VALUES (1,'Tập đoàn FPT','0101248141','DoanhNghiep','Tòa nhà FPT, Số 10 Phạm Văn Bạch, Hà Nội'),(2,'Tập đoàn VNPT','0100684378','DoanhNghiep','57 Huỳnh Thúc Kháng, Đống Đa, Hà Nội');
/*!40000 ALTER TABLE `core_tochuc` ENABLE KEYS */;
UNLOCK TABLES;

--
-- Table structure for table `django_admin_log`
--

DROP TABLE IF EXISTS `django_admin_log`;
/*!40101 SET @saved_cs_client     = @@character_set_client */;
/*!50503 SET character_set_client = utf8mb4 */;
CREATE TABLE `django_admin_log` (
  `id` int NOT NULL AUTO_INCREMENT,
  `action_time` datetime(6) NOT NULL,
  `object_id` longtext COLLATE utf8mb4_unicode_ci,
  `object_repr` varchar(200) COLLATE utf8mb4_unicode_ci NOT NULL,
  `action_flag` smallint unsigned NOT NULL,
  `change_message` longtext COLLATE utf8mb4_unicode_ci NOT NULL,
  `content_type_id` int DEFAULT NULL,
  `user_id` int NOT NULL,
  PRIMARY KEY (`id`),
  KEY `django_admin_log_content_type_id_c4bce8eb_fk_django_co` (`content_type_id`),
  KEY `django_admin_log_user_id_c564eba6_fk_core_nguo` (`user_id`),
  CONSTRAINT `django_admin_log_content_type_id_c4bce8eb_fk_django_co` FOREIGN KEY (`content_type_id`) REFERENCES `django_content_type` (`id`),
  CONSTRAINT `django_admin_log_user_id_c564eba6_fk_core_nguo` FOREIGN KEY (`user_id`) REFERENCES `core_nguoidung` (`id_nguoi_dung`),
  CONSTRAINT `django_admin_log_chk_1` CHECK ((`action_flag` >= 0))
) ENGINE=InnoDB DEFAULT CHARSET=utf8mb4 COLLATE=utf8mb4_unicode_ci;
/*!40101 SET character_set_client = @saved_cs_client */;

--
-- Dumping data for table `django_admin_log`
--

LOCK TABLES `django_admin_log` WRITE;
/*!40000 ALTER TABLE `django_admin_log` DISABLE KEYS */;
/*!40000 ALTER TABLE `django_admin_log` ENABLE KEYS */;
UNLOCK TABLES;

--
-- Table structure for table `django_content_type`
--

DROP TABLE IF EXISTS `django_content_type`;
/*!40101 SET @saved_cs_client     = @@character_set_client */;
/*!50503 SET character_set_client = utf8mb4 */;
CREATE TABLE `django_content_type` (
  `id` int NOT NULL AUTO_INCREMENT,
  `app_label` varchar(100) COLLATE utf8mb4_unicode_ci NOT NULL,
  `model` varchar(100) COLLATE utf8mb4_unicode_ci NOT NULL,
  PRIMARY KEY (`id`),
  UNIQUE KEY `django_content_type_app_label_model_76bd3d3b_uniq` (`app_label`,`model`)
) ENGINE=InnoDB AUTO_INCREMENT=25 DEFAULT CHARSET=utf8mb4 COLLATE=utf8mb4_unicode_ci;
/*!40101 SET character_set_client = @saved_cs_client */;

--
-- Dumping data for table `django_content_type`
--

LOCK TABLES `django_content_type` WRITE;
/*!40000 ALTER TABLE `django_content_type` DISABLE KEYS */;
INSERT INTO `django_content_type` VALUES (1,'admin','logentry'),(3,'auth','group'),(2,'auth','permission'),(20,'certificates','chungchiso'),(19,'certificates','mauchungchi'),(21,'certificates','nhatkyxacthuc'),(4,'contenttypes','contenttype'),(7,'core','nguoidung'),(6,'core','tochuc'),(11,'lms','baigiang'),(22,'lms','cauhoi'),(13,'lms','chuong'),(10,'lms','dangkyhoc'),(15,'lms','danhgiakhoahoc'),(17,'lms','danhgianhatuyendung'),(23,'lms','ketquaquiz'),(9,'lms','khoahoc'),(8,'lms','kynang'),(12,'lms','kynangkhoahoc'),(24,'lms','luachon'),(14,'lms','tiendobaigiang'),(16,'lms','tinnhan'),(18,'lms','tuyendung'),(5,'sessions','session');
/*!40000 ALTER TABLE `django_content_type` ENABLE KEYS */;
UNLOCK TABLES;

--
-- Table structure for table `django_migrations`
--

DROP TABLE IF EXISTS `django_migrations`;
/*!40101 SET @saved_cs_client     = @@character_set_client */;
/*!50503 SET character_set_client = utf8mb4 */;
CREATE TABLE `django_migrations` (
  `id` bigint NOT NULL AUTO_INCREMENT,
  `app` varchar(255) COLLATE utf8mb4_unicode_ci NOT NULL,
  `name` varchar(255) COLLATE utf8mb4_unicode_ci NOT NULL,
  `applied` datetime(6) NOT NULL,
  PRIMARY KEY (`id`)
) ENGINE=InnoDB AUTO_INCREMENT=39 DEFAULT CHARSET=utf8mb4 COLLATE=utf8mb4_unicode_ci;
/*!40101 SET character_set_client = @saved_cs_client */;

--
-- Dumping data for table `django_migrations`
--

LOCK TABLES `django_migrations` WRITE;
/*!40000 ALTER TABLE `django_migrations` DISABLE KEYS */;
INSERT INTO `django_migrations` VALUES (1,'contenttypes','0001_initial','2026-04-02 02:41:57.778306'),(2,'contenttypes','0002_remove_content_type_name','2026-04-02 02:41:57.907502'),(3,'auth','0001_initial','2026-04-02 02:41:58.181205'),(4,'auth','0002_alter_permission_name_max_length','2026-04-02 02:41:58.325869'),(5,'auth','0003_alter_user_email_max_length','2026-04-02 02:41:58.330966'),(6,'auth','0004_alter_user_username_opts','2026-04-02 02:41:58.337514'),(7,'auth','0005_alter_user_last_login_null','2026-04-02 02:41:58.344507'),(8,'auth','0006_require_contenttypes_0002','2026-04-02 02:41:58.348996'),(9,'auth','0007_alter_validators_add_error_messages','2026-04-02 02:41:58.356757'),(10,'auth','0008_alter_user_username_max_length','2026-04-02 02:41:58.365789'),(11,'auth','0009_alter_user_last_name_max_length','2026-04-02 02:41:58.371350'),(12,'auth','0010_alter_group_name_max_length','2026-04-02 02:41:58.386268'),(13,'auth','0011_update_proxy_permissions','2026-04-02 02:41:58.394457'),(14,'auth','0012_alter_user_first_name_max_length','2026-04-02 02:41:58.403053'),(15,'core','0001_initial','2026-04-02 02:41:58.841166'),(16,'admin','0001_initial','2026-04-02 02:41:59.012370'),(17,'admin','0002_logentry_remove_auto_add','2026-04-02 02:41:59.020783'),(18,'admin','0003_logentry_add_action_flag_choices','2026-04-02 02:41:59.031286'),(19,'lms','0001_initial','2026-04-02 02:41:59.524152'),(20,'certificates','0001_initial','2026-04-02 02:41:59.848435'),(21,'core','0002_alter_nguoidung_vai_tro','2026-04-02 02:41:59.861185'),(22,'core','0003_nguoidung_bio_nguoidung_ky_nang_and_more','2026-04-02 02:42:00.106797'),(23,'lms','0002_alter_baigiang_options_baigiang_la_xem_truoc_and_more','2026-04-02 02:42:00.949686'),(24,'lms','0003_baigiang_video_watch_percentage_and_more','2026-04-02 02:42:01.344112'),(25,'lms','0004_alter_baigiang_loai_bai_alter_baigiang_noi_dung_url','2026-04-02 02:42:01.441475'),(26,'lms','0005_khoahoc_so_nguoi_da_hoan_thanh_and_more','2026-04-02 02:42:02.039851'),(27,'lms','0006_tinnhan','2026-04-02 02:42:02.210478'),(28,'lms','0007_khoahoc_tong_so_danh_gia_ntd_and_more','2026-04-02 02:42:02.587451'),(29,'lms','0008_khoahoc_so_nguoi_co_viec_lam_tuyendung','2026-04-02 02:42:02.981684'),(30,'lms','0009_tuyendung_trang_thai','2026-04-02 02:42:03.070854'),(31,'sessions','0001_initial','2026-04-02 02:42:03.115806'),(32,'core','0004_nguoidung_hinh_anh_logo','2026-04-03 02:31:09.737958'),(33,'core','0005_alter_nguoidung_hinh_anh_logo','2026-04-03 02:45:38.143084'),(34,'lms','0010_tinnhan_is_recalled','2026-04-03 06:54:56.649103'),(35,'lms','0011_add_da_xem_to_tinnhan','2026-04-03 07:50:05.891267'),(36,'lms','0012_cauhoi_luachon_ketquaquiz','2026-04-09 07:33:25.187869'),(37,'lms','0013_add_url_video_preview','2026-04-12 09:15:03.539613'),(38,'lms','0014_baigiang_is_proctored','2026-05-05 07:46:56.992168');
/*!40000 ALTER TABLE `django_migrations` ENABLE KEYS */;
UNLOCK TABLES;

--
-- Table structure for table `django_session`
--

DROP TABLE IF EXISTS `django_session`;
/*!40101 SET @saved_cs_client     = @@character_set_client */;
/*!50503 SET character_set_client = utf8mb4 */;
CREATE TABLE `django_session` (
  `session_key` varchar(40) COLLATE utf8mb4_unicode_ci NOT NULL,
  `session_data` longtext COLLATE utf8mb4_unicode_ci NOT NULL,
  `expire_date` datetime(6) NOT NULL,
  PRIMARY KEY (`session_key`),
  KEY `django_session_expire_date_a5c62663` (`expire_date`)
) ENGINE=InnoDB DEFAULT CHARSET=utf8mb4 COLLATE=utf8mb4_unicode_ci;
/*!40101 SET character_set_client = @saved_cs_client */;

--
-- Dumping data for table `django_session`
--

LOCK TABLES `django_session` WRITE;
/*!40000 ALTER TABLE `django_session` DISABLE KEYS */;
/*!40000 ALTER TABLE `django_session` ENABLE KEYS */;
UNLOCK TABLES;

--
-- Table structure for table `lms_baigiang`
--

DROP TABLE IF EXISTS `lms_baigiang`;
/*!40101 SET @saved_cs_client     = @@character_set_client */;
/*!50503 SET character_set_client = utf8mb4 */;
CREATE TABLE `lms_baigiang` (
  `id_bai_giang` int NOT NULL AUTO_INCREMENT,
  `ten_bai_giang` varchar(255) COLLATE utf8mb4_unicode_ci NOT NULL,
  `noi_dung_url` longtext COLLATE utf8mb4_unicode_ci,
  `thu_tu` int NOT NULL,
  `id_khoa_hoc_id` int NOT NULL,
  `la_xem_truoc` tinyint(1) NOT NULL,
  `loai_bai` varchar(50) COLLATE utf8mb4_unicode_ci NOT NULL,
  `thoi_luong_phut` int NOT NULL,
  `id_chuong_id` int DEFAULT NULL,
  `video_watch_percentage` int NOT NULL,
  `is_proctored` tinyint(1) NOT NULL,
  PRIMARY KEY (`id_bai_giang`),
  KEY `lms_baigiang_id_khoa_hoc_id_4421a7f7_fk_lms_khoahoc_id_khoa_hoc` (`id_khoa_hoc_id`),
  KEY `lms_baigiang_id_chuong_id_c9a98f6e_fk_lms_chuong_id_chuong` (`id_chuong_id`),
  CONSTRAINT `lms_baigiang_id_chuong_id_c9a98f6e_fk_lms_chuong_id_chuong` FOREIGN KEY (`id_chuong_id`) REFERENCES `lms_chuong` (`id_chuong`),
  CONSTRAINT `lms_baigiang_id_khoa_hoc_id_4421a7f7_fk_lms_khoahoc_id_khoa_hoc` FOREIGN KEY (`id_khoa_hoc_id`) REFERENCES `lms_khoahoc` (`id_khoa_hoc`)
) ENGINE=InnoDB AUTO_INCREMENT=218 DEFAULT CHARSET=utf8mb4 COLLATE=utf8mb4_unicode_ci;
/*!40101 SET character_set_client = @saved_cs_client */;

--
-- Dumping data for table `lms_baigiang`
--

LOCK TABLES `lms_baigiang` WRITE;
/*!40000 ALTER TABLE `lms_baigiang` DISABLE KEYS */;
INSERT INTO `lms_baigiang` VALUES (1,'Bài 1: Nội dung Video 0','https://www.youtube.com/embed/rfscVS0vtbw?start=0',1,1,1,'Video',6,1,100,0),(2,'Bài 2: Nội dung Video 1','https://www.youtube.com/embed/rfscVS0vtbw?start=150',2,1,0,'Video',5,1,100,0),(3,'Bài 3: Nội dung Video 2','https://www.youtube.com/embed/rfscVS0vtbw?start=300',3,1,0,'Video',23,1,100,0),(4,'Bài 4: Nội dung Video 3','https://www.youtube.com/embed/rfscVS0vtbw?start=450',4,1,0,'Video',27,1,100,0),(5,'Bài 1: Nội dung Video 0','https://www.youtube.com/embed/rfscVS0vtbw?start=0',1,1,0,'Video',30,2,100,0),(6,'Bài 2: Nội dung Video 1','https://www.youtube.com/embed/rfscVS0vtbw?start=150',2,1,0,'Video',31,2,100,0),(7,'Bài 3: Nội dung TaiLieu 2','https://example.com/document.pdf',3,1,0,'TaiLieu',7,2,100,0),(8,'Bài 4: Nội dung TaiLieu 3','https://example.com/document.pdf',4,1,0,'TaiLieu',7,2,100,0),(9,'Bài 1: Nội dung Video 0','https://www.youtube.com/embed/rfscVS0vtbw?start=0',1,1,0,'Video',13,3,100,0),(10,'Bài 2: Nội dung Video 1','https://www.youtube.com/embed/rfscVS0vtbw?start=150',2,1,0,'Video',36,3,100,0),(11,'Bài 1: Nội dung Video 0','https://www.youtube.com/embed/bMknfKXIFA8?start=0',1,2,1,'Video',12,4,100,0),(12,'Bài 2: Nội dung Video 1','https://www.youtube.com/embed/bMknfKXIFA8?start=150',2,2,0,'Video',37,4,100,0),(13,'Bài 3: Nội dung Video 2','https://www.youtube.com/embed/bMknfKXIFA8?start=300',3,2,0,'Video',6,4,100,0),(14,'Bài 4: Nội dung Video 3','https://www.youtube.com/embed/bMknfKXIFA8?start=450',4,2,0,'Video',43,4,100,0),(15,'Bài 1: Nội dung TaiLieu 0','https://example.com/document.pdf',1,2,0,'TaiLieu',8,5,100,0),(16,'Bài 2: Nội dung Video 1','https://www.youtube.com/embed/bMknfKXIFA8?start=150',2,2,0,'Video',39,5,100,0),(17,'Bài 1: Nội dung Quiz 0','https://example.com/document.pdf',1,2,0,'Quiz',10,6,100,0),(18,'Bài 2: Nội dung Video 1','https://www.youtube.com/embed/bMknfKXIFA8?start=150',2,2,0,'Video',20,6,100,0),(19,'Bài 1: Nội dung Video 0','https://www.youtube.com/embed/Oe421EPjeBE?start=0',1,3,1,'Video',39,7,100,0),(20,'Bài 2: Nội dung Quiz 1','https://example.com/document.pdf',2,3,0,'Quiz',6,7,100,0),(21,'Bài 3: Nội dung Video 2','https://www.youtube.com/embed/Oe421EPjeBE?start=300',3,3,0,'Video',30,7,100,0),(22,'Bài 4: Nội dung Video 3','https://www.youtube.com/embed/Oe421EPjeBE?start=450',4,3,0,'Video',39,7,100,0),(23,'Bài 1: Nội dung Quiz 0','https://example.com/document.pdf',1,3,0,'Quiz',6,8,100,0),(24,'Bài 2: Nội dung TaiLieu 1','https://example.com/document.pdf',2,3,0,'TaiLieu',5,8,100,0),(25,'Bài 3: Nội dung Quiz 2','https://example.com/document.pdf',3,3,0,'Quiz',8,8,100,0),(26,'Bài 4: Nội dung Video 3','https://www.youtube.com/embed/Oe421EPjeBE?start=450',4,3,0,'Video',9,8,100,0),(27,'Bài 1: Nội dung Video 0','https://www.youtube.com/embed/Oe421EPjeBE?start=0',1,3,0,'Video',45,9,100,0),(28,'Bài 2: Nội dung Video 1','https://www.youtube.com/embed/Oe421EPjeBE?start=150',2,3,0,'Video',44,9,100,0),(29,'Bài 3: Nội dung Video 2','https://www.youtube.com/embed/Oe421EPjeBE?start=300',3,3,0,'Video',12,9,100,0),(30,'Bài 1: Nội dung TaiLieu 0','https://example.com/document.pdf',1,3,0,'TaiLieu',8,10,100,0),(31,'Bài 2: Nội dung Video 1','https://www.youtube.com/embed/Oe421EPjeBE?start=150',2,3,0,'Video',23,10,100,0),(32,'Bài 3: Nội dung Video 2','https://www.youtube.com/embed/Oe421EPjeBE?start=300',3,3,0,'Video',32,10,100,0),(33,'Bài 1: Nội dung Video 0','https://www.youtube.com/embed/W6NZfCO5SIk?start=0',1,4,1,'Video',6,11,100,0),(34,'Bài 2: Nội dung TaiLieu 1','https://example.com/document.pdf',2,4,0,'TaiLieu',9,11,100,0),(35,'Bài 3: Nội dung TaiLieu 2','https://example.com/document.pdf',3,4,0,'TaiLieu',10,11,100,0),(36,'Bài 4: Nội dung Video 3','https://www.youtube.com/embed/W6NZfCO5SIk?start=450',4,4,0,'Video',22,11,100,0),(37,'Bài 1: Nội dung Video 0','https://www.youtube.com/embed/W6NZfCO5SIk?start=0',1,4,0,'Video',34,12,100,0),(38,'Bài 2: Nội dung Video 1','https://www.youtube.com/embed/W6NZfCO5SIk?start=150',2,4,0,'Video',39,12,100,0),(39,'Bài 1: Nội dung Quiz 0','https://example.com/document.pdf',1,4,0,'Quiz',10,13,100,0),(40,'Bài 2: Nội dung Video 1','https://www.youtube.com/embed/W6NZfCO5SIk?start=150',2,4,0,'Video',33,13,100,0),(41,'Bài 3: Nội dung TaiLieu 2','https://example.com/document.pdf',3,4,0,'TaiLieu',10,13,100,0),(42,'Bài 4: Nội dung TaiLieu 3','https://example.com/document.pdf',4,4,0,'TaiLieu',10,13,100,0),(43,'Bài 1: Nội dung Video 0','https://www.youtube.com/embed/W6NZfCO5SIk?start=0',1,4,0,'Video',25,14,100,0),(44,'Bài 2: Nội dung TaiLieu 1','https://example.com/document.pdf',2,4,0,'TaiLieu',7,14,100,0),(45,'Bài 1: Nội dung Video 0','https://www.youtube.com/embed/W6NZfCO5SIk?start=0',1,4,0,'Video',21,15,100,0),(46,'Bài 2: Nội dung Video 1','https://www.youtube.com/embed/W6NZfCO5SIk?start=150',2,4,0,'Video',9,15,100,0),(47,'Bài 1: Nội dung Video 0','https://www.youtube.com/embed/mU6anWqZJcc?start=0',1,5,1,'Video',29,16,100,0),(48,'Bài 2: Nội dung TaiLieu 1','https://example.com/document.pdf',2,5,0,'TaiLieu',9,16,100,0),(49,'Bài 3: Nội dung Video 2','https://www.youtube.com/embed/mU6anWqZJcc?start=300',3,5,0,'Video',25,16,100,0),(50,'Bài 4: Nội dung Quiz 3','https://example.com/document.pdf',4,5,0,'Quiz',6,16,100,0),(51,'Bài 1: Nội dung Video 0','https://www.youtube.com/embed/mU6anWqZJcc?start=0',1,5,0,'Video',21,17,100,0),(52,'Bài 2: Nội dung Video 1','https://www.youtube.com/embed/mU6anWqZJcc?start=150',2,5,0,'Video',29,17,100,0),(53,'Bài 3: Nội dung Video 2','https://www.youtube.com/embed/mU6anWqZJcc?start=300',3,5,0,'Video',24,17,100,0),(54,'Bài 1: Nội dung Video 0','https://www.youtube.com/embed/mU6anWqZJcc?start=0',1,5,0,'Video',43,18,100,0),(55,'Bài 2: Nội dung Quiz 1','https://example.com/document.pdf',2,5,0,'Quiz',7,18,100,0),(56,'Bài 3: Nội dung Video 2','https://www.youtube.com/embed/mU6anWqZJcc?start=300',3,5,0,'Video',25,18,100,0),(57,'Bài 1: Nội dung TaiLieu 0','https://example.com/document.pdf',1,5,0,'TaiLieu',9,19,100,0),(58,'Bài 2: Nội dung TaiLieu 1','https://example.com/document.pdf',2,5,0,'TaiLieu',7,19,100,0),(59,'Bài 3: Nội dung Video 2','https://www.youtube.com/embed/mU6anWqZJcc?start=300',3,5,0,'Video',25,19,100,0),(60,'Bài 4: Nội dung TaiLieu 3','https://example.com/document.pdf',4,5,0,'TaiLieu',6,19,100,0),(61,'Bài 1: Nội dung Video 0','https://www.youtube.com/embed/F5mRW0jo-U4?start=0',1,6,1,'Video',19,20,100,0),(62,'Bài 2: Nội dung Video 1','https://www.youtube.com/embed/F5mRW0jo-U4?start=150',2,6,0,'Video',16,20,100,0),(63,'Bài 3: Nội dung TaiLieu 2','https://example.com/document.pdf',3,6,0,'TaiLieu',7,20,100,0),(64,'Bài 4: Nội dung TaiLieu 3','https://example.com/document.pdf',4,6,0,'TaiLieu',5,20,100,0),(65,'Bài 1: Nội dung Quiz 0','https://example.com/document.pdf',1,6,0,'Quiz',10,21,100,0),(66,'Bài 2: Nội dung Video 1','https://www.youtube.com/embed/F5mRW0jo-U4?start=150',2,6,0,'Video',24,21,100,0),(67,'Bài 3: Nội dung TaiLieu 2','https://example.com/document.pdf',3,6,0,'TaiLieu',6,21,100,0),(68,'Bài 4: Nội dung Video 3','https://www.youtube.com/embed/F5mRW0jo-U4?start=450',4,6,0,'Video',14,21,100,0),(69,'Bài 1: Nội dung Video 0','https://www.youtube.com/embed/F5mRW0jo-U4?start=0',1,6,0,'Video',29,22,100,0),(70,'Bài 2: Nội dung Video 1','https://www.youtube.com/embed/F5mRW0jo-U4?start=150',2,6,0,'Video',42,22,100,0),(71,'Bài 3: Nội dung Video 2','https://www.youtube.com/embed/F5mRW0jo-U4?start=300',3,6,0,'Video',31,22,100,0),(72,'Bài 1: Nội dung Video 0','https://www.youtube.com/embed/ZVnjOPwW4ZA?start=0',1,7,1,'Video',45,23,100,0),(73,'Bài 2: Nội dung Quiz 1','https://example.com/document.pdf',2,7,0,'Quiz',9,23,100,0),(74,'Bài 3: Nội dung Video 2','https://www.youtube.com/embed/ZVnjOPwW4ZA?start=300',3,7,0,'Video',17,23,100,0),(75,'Bài 4: Nội dung Video 3','https://www.youtube.com/embed/ZVnjOPwW4ZA?start=450',4,7,0,'Video',31,23,100,0),(76,'Bài 1: Nội dung TaiLieu 0','https://example.com/document.pdf',1,7,0,'TaiLieu',9,24,100,0),(77,'Bài 2: Nội dung Video 1','https://www.youtube.com/embed/ZVnjOPwW4ZA?start=150',2,7,0,'Video',19,24,100,0),(78,'Bài 1: Nội dung Video 0','https://www.youtube.com/embed/ZVnjOPwW4ZA?start=0',1,7,0,'Video',41,25,100,0),(79,'Bài 2: Nội dung Video 1','https://www.youtube.com/embed/ZVnjOPwW4ZA?start=150',2,7,0,'Video',22,25,100,0),(80,'Bài 3: Nội dung Video 2','https://www.youtube.com/embed/ZVnjOPwW4ZA?start=300',3,7,0,'Video',39,25,100,0),(81,'Bài 4: Nội dung Video 3','https://www.youtube.com/embed/ZVnjOPwW4ZA?start=450',4,7,0,'Video',26,25,100,0),(82,'Bài 1: Nội dung TaiLieu 0','https://example.com/document.pdf',1,7,0,'TaiLieu',6,26,100,0),(83,'Bài 2: Nội dung Video 1','https://www.youtube.com/embed/ZVnjOPwW4ZA?start=150',2,7,0,'Video',44,26,100,0),(84,'Bài 3: Nội dung Video 2','https://www.youtube.com/embed/ZVnjOPwW4ZA?start=300',3,7,0,'Video',35,26,100,0),(85,'Bài 1: Nội dung Video 0','https://www.youtube.com/embed/8JJ101D3knE?start=0',1,8,1,'Video',18,27,100,0),(86,'Bài 2: Nội dung Video 1','https://www.youtube.com/embed/8JJ101D3knE?start=150',2,8,0,'Video',41,27,100,0),(87,'Bài 3: Nội dung TaiLieu 2','https://example.com/document.pdf',3,8,0,'TaiLieu',9,27,100,0),(88,'Bài 1: Nội dung Video 0','https://www.youtube.com/embed/8JJ101D3knE?start=0',1,8,0,'Video',45,28,100,0),(89,'Bài 2: Nội dung Video 1','https://www.youtube.com/embed/8JJ101D3knE?start=150',2,8,0,'Video',40,28,100,0),(90,'Bài 1: Nội dung Video 0','https://www.youtube.com/embed/8JJ101D3knE?start=0',1,8,0,'Video',23,29,100,0),(91,'Bài 2: Nội dung Quiz 1','https://example.com/document.pdf',2,8,0,'Quiz',10,29,100,0),(92,'Bài 3: Nội dung Video 2','https://www.youtube.com/embed/8JJ101D3knE?start=300',3,8,0,'Video',24,29,100,0),(93,'Bài 4: Nội dung Video 3','https://www.youtube.com/embed/8JJ101D3knE?start=450',4,8,0,'Video',17,29,100,0),(94,'Bài 1: Nội dung Quiz 0','https://example.com/document.pdf',1,8,0,'Quiz',5,30,100,0),(95,'Bài 2: Nội dung Video 1','https://www.youtube.com/embed/8JJ101D3knE?start=150',2,8,0,'Video',25,30,100,0),(96,'Bài 1: Nội dung Video 0','https://www.youtube.com/embed/8JJ101D3knE?start=0',1,8,0,'Video',37,31,100,0),(97,'Bài 2: Nội dung Video 1','https://www.youtube.com/embed/8JJ101D3knE?start=150',2,8,0,'Video',42,31,100,0),(98,'Bài 3: Nội dung Quiz 2','https://example.com/document.pdf',3,8,0,'Quiz',9,31,100,0),(99,'Bài 1: Nội dung Video 0','https://www.youtube.com/embed/HXV3zeQKqGY?start=0',1,9,1,'Video',27,32,100,0),(100,'Bài 2: Nội dung Video 1','https://www.youtube.com/embed/HXV3zeQKqGY?start=150',2,9,0,'Video',17,32,100,0),(101,'Bài 1: Nội dung TaiLieu 0','https://example.com/document.pdf',1,9,0,'TaiLieu',9,33,100,0),(102,'Bài 2: Nội dung Video 1','https://www.youtube.com/embed/HXV3zeQKqGY?start=150',2,9,0,'Video',35,33,100,0),(103,'Bài 3: Nội dung Video 2','https://www.youtube.com/embed/HXV3zeQKqGY?start=300',3,9,0,'Video',14,33,100,0),(104,'Bài 1: Nội dung Quiz 0','https://example.com/document.pdf',1,9,0,'Quiz',8,34,100,0),(105,'Bài 2: Nội dung TaiLieu 1','https://example.com/document.pdf',2,9,0,'TaiLieu',8,34,100,0),(106,'Bài 1: Nội dung Video 0','https://www.youtube.com/embed/HXV3zeQKqGY?start=0',1,9,0,'Video',13,35,100,0),(107,'Bài 2: Nội dung Quiz 1','https://example.com/document.pdf',2,9,0,'Quiz',7,35,100,0),(108,'Bài 3: Nội dung TaiLieu 2','https://example.com/document.pdf',3,9,0,'TaiLieu',8,35,100,0),(109,'Bài 4: Nội dung Video 3','https://www.youtube.com/embed/HXV3zeQKqGY?start=450',4,9,0,'Video',27,35,100,0),(110,'Bài 1: Nội dung Video 0','https://www.youtube.com/embed/9SGDpanrc8U?start=0',1,10,1,'Video',39,36,100,0),(111,'Bài 2: Nội dung Video 1','https://www.youtube.com/embed/9SGDpanrc8U?start=150',2,10,0,'Video',17,36,100,0),(112,'Bài 3: Nội dung Video 2','https://www.youtube.com/embed/9SGDpanrc8U?start=300',3,10,0,'Video',20,36,100,0),(113,'Bài 4: Nội dung Video 3','https://www.youtube.com/embed/9SGDpanrc8U?start=450',4,10,0,'Video',7,36,100,0),(114,'Bài 1: Nội dung Video 0','https://www.youtube.com/embed/9SGDpanrc8U?start=0',1,10,0,'Video',13,37,100,0),(115,'Bài 2: Nội dung Video 1','https://www.youtube.com/embed/9SGDpanrc8U?start=150',2,10,0,'Video',22,37,100,0),(116,'Bài 3: Nội dung Video 2','https://www.youtube.com/embed/9SGDpanrc8U?start=300',3,10,0,'Video',16,37,100,0),(117,'Bài 1: Nội dung TaiLieu 0','https://example.com/document.pdf',1,10,0,'TaiLieu',10,38,100,0),(118,'Bài 2: Nội dung Video 1','https://www.youtube.com/embed/9SGDpanrc8U?start=150',2,10,0,'Video',20,38,100,0),(119,'Bài 3: Nội dung TaiLieu 2','https://example.com/document.pdf',3,10,0,'TaiLieu',9,38,100,0),(120,'Bài 1: Nội dung Video 0','https://www.youtube.com/embed/9SGDpanrc8U?start=0',1,10,0,'Video',6,39,100,0),(121,'Bài 2: Nội dung TaiLieu 1','https://example.com/document.pdf',2,10,0,'TaiLieu',8,39,100,0),(122,'Bài 3: Nội dung Video 2','https://www.youtube.com/embed/9SGDpanrc8U?start=300',3,10,0,'Video',23,39,100,0),(123,'Bài 1: Nội dung Video 0','https://www.youtube.com/embed/9SGDpanrc8U?start=0',1,10,0,'Video',41,40,100,0),(124,'Bài 2: Nội dung Quiz 1','https://example.com/document.pdf',2,10,0,'Quiz',10,40,100,0),(125,'Bài 1: Nội dung Video 0','https://www.youtube.com/embed/vLnPwxZdW4Y?start=0',1,11,1,'Video',5,41,100,0),(126,'Bài 2: Nội dung Quiz 1','https://example.com/document.pdf',2,11,0,'Quiz',10,41,100,0),(127,'Bài 3: Nội dung Video 2','https://www.youtube.com/embed/vLnPwxZdW4Y?start=300',3,11,0,'Video',45,41,100,0),(128,'Bài 1: Nội dung Video 0','https://www.youtube.com/embed/vLnPwxZdW4Y?start=0',1,11,0,'Video',35,42,100,0),(129,'Bài 2: Nội dung Video 1','https://www.youtube.com/embed/vLnPwxZdW4Y?start=150',2,11,0,'Video',12,42,100,0),(130,'Bài 3: Nội dung Quiz 2','https://example.com/document.pdf',3,11,0,'Quiz',8,42,100,0),(131,'Bài 4: Nội dung TaiLieu 3','https://example.com/document.pdf',4,11,0,'TaiLieu',7,42,100,0),(132,'Bài 1: Nội dung Quiz 0','https://example.com/document.pdf',1,11,0,'Quiz',6,43,100,0),(133,'Bài 2: Nội dung Video 1','https://www.youtube.com/embed/vLnPwxZdW4Y?start=150',2,11,0,'Video',28,43,100,0),(134,'Bài 3: Nội dung TaiLieu 2','https://example.com/document.pdf',3,11,0,'TaiLieu',10,43,100,0),(135,'Bài 1: Nội dung Video 0','https://www.youtube.com/embed/3c-iZaI2fPE?start=0',1,12,1,'Video',25,44,100,0),(136,'Bài 2: Nội dung Quiz 1','https://example.com/document.pdf',2,12,0,'Quiz',10,44,100,0),(137,'Bài 3: Nội dung Video 2','https://www.youtube.com/embed/3c-iZaI2fPE?start=300',3,12,0,'Video',19,44,100,0),(138,'Bài 1: Nội dung Quiz 0','https://example.com/document.pdf',1,12,0,'Quiz',8,45,100,0),(139,'Bài 2: Nội dung TaiLieu 1','https://example.com/document.pdf',2,12,0,'TaiLieu',10,45,100,0),(140,'Bài 1: Nội dung Video 0','https://www.youtube.com/embed/3c-iZaI2fPE?start=0',1,12,0,'Video',10,46,100,0),(141,'Bài 2: Nội dung TaiLieu 1','https://example.com/document.pdf',2,12,0,'TaiLieu',9,46,100,0),(142,'Bài 3: Nội dung Video 2','https://www.youtube.com/embed/3c-iZaI2fPE?start=300',3,12,0,'Video',29,46,100,0),(143,'Bài 1: Nội dung TaiLieu 0','https://example.com/document.pdf',1,12,0,'TaiLieu',6,47,100,0),(144,'Bài 2: Nội dung Video 1','https://www.youtube.com/embed/3c-iZaI2fPE?start=150',2,12,0,'Video',7,47,100,0),(145,'Bài 1: Nội dung Video 0','https://www.youtube.com/embed/7eh4d6sabA0?start=0',1,13,1,'Video',18,48,100,0),(146,'Bài 2: Nội dung Video 1','https://www.youtube.com/embed/7eh4d6sabA0?start=150',2,13,0,'Video',42,48,100,0),(147,'Bài 3: Nội dung Quiz 2','https://example.com/document.pdf',3,13,0,'Quiz',6,48,100,0),(148,'Bài 1: Nội dung TaiLieu 0','https://example.com/document.pdf',1,13,0,'TaiLieu',5,49,100,0),(149,'Bài 2: Nội dung TaiLieu 1','https://example.com/document.pdf',2,13,0,'TaiLieu',7,49,100,0),(150,'Bài 3: Nội dung Video 2','https://www.youtube.com/embed/7eh4d6sabA0?start=300',3,13,0,'Video',25,49,100,0),(151,'Bài 1: Nội dung Video 0','https://www.youtube.com/embed/7eh4d6sabA0?start=0',1,13,0,'Video',38,50,100,0),(152,'Bài 2: Nội dung Video 1','https://www.youtube.com/embed/7eh4d6sabA0?start=150',2,13,0,'Video',16,50,100,0),(153,'Bài 3: Nội dung TaiLieu 2','https://example.com/document.pdf',3,13,0,'TaiLieu',7,50,100,0),(154,'Bài 4: Nội dung Video 3','https://www.youtube.com/embed/7eh4d6sabA0?start=450',4,13,0,'Video',41,50,100,0),(155,'Bài 1: Nội dung Video 0','https://www.youtube.com/embed/7eh4d6sabA0?start=0',1,13,0,'Video',9,51,100,0),(156,'Bài 2: Nội dung Video 1','https://www.youtube.com/embed/7eh4d6sabA0?start=150',2,13,0,'Video',45,51,100,0),(157,'Bài 3: Nội dung Video 2','https://www.youtube.com/embed/7eh4d6sabA0?start=300',3,13,0,'Video',43,51,100,0),(158,'Bài 1: Nội dung Video 0','https://www.youtube.com/embed/VPvVD8t02U8?start=0',1,14,1,'Video',38,52,100,0),(159,'Bài 2: Nội dung Video 1','https://www.youtube.com/embed/VPvVD8t02U8?start=150',2,14,0,'Video',31,52,100,0),(160,'Bài 3: Nội dung Quiz 2','https://example.com/document.pdf',3,14,0,'Quiz',5,52,100,0),(161,'Bài 1: Nội dung TaiLieu 0','https://example.com/document.pdf',1,14,0,'TaiLieu',6,53,100,0),(162,'Bài 2: Nội dung Video 1','https://www.youtube.com/embed/VPvVD8t02U8?start=150',2,14,0,'Video',19,53,100,0),(163,'Bài 3: Nội dung Quiz 2','https://example.com/document.pdf',3,14,0,'Quiz',5,53,100,0),(164,'Bài 1: Nội dung Video 0','https://www.youtube.com/embed/VPvVD8t02U8?start=0',1,14,0,'Video',36,54,100,0),(165,'Bài 2: Nội dung Video 1','https://www.youtube.com/embed/VPvVD8t02U8?start=150',2,14,0,'Video',35,54,100,0),(166,'Bài 1: Nội dung Video 0','https://www.youtube.com/embed/NOymI5525P4?start=0',1,15,1,'Video',35,55,100,0),(167,'Bài 2: Nội dung Video 1','https://www.youtube.com/embed/NOymI5525P4?start=150',2,15,0,'Video',22,55,100,0),(168,'Bài 3: Nội dung Video 2','https://www.youtube.com/embed/NOymI5525P4?start=300',3,15,0,'Video',9,55,100,0),(169,'Bài 4: Nội dung Video 3','https://www.youtube.com/embed/NOymI5525P4?start=450',4,15,0,'Video',41,55,100,0),(170,'Bài 1: Nội dung Video 0','https://www.youtube.com/embed/NOymI5525P4?start=0',1,15,0,'Video',31,56,100,0),(171,'Bài 2: Nội dung TaiLieu 1','https://example.com/document.pdf',2,15,0,'TaiLieu',6,56,100,0),(172,'Bài 3: Nội dung Video 2','https://www.youtube.com/embed/NOymI5525P4?start=300',3,15,0,'Video',25,56,100,0),(173,'Bài 1: Nội dung Video 0','https://www.youtube.com/embed/NOymI5525P4?start=0',1,15,0,'Video',5,57,100,0),(174,'Bài 2: Nội dung Video 1','https://www.youtube.com/embed/NOymI5525P4?start=150',2,15,0,'Video',19,57,100,0),(175,'Bài 3: Nội dung Video 2','https://www.youtube.com/embed/NOymI5525P4?start=300',3,15,0,'Video',5,57,100,0),(176,'Bài 1: Nội dung Video 0','https://www.youtube.com/embed/c9Wg6Cb_YlU?start=0',1,16,1,'Video',12,58,100,0),(177,'Bài 2: Nội dung TaiLieu 1','https://example.com/document.pdf',2,16,0,'TaiLieu',5,58,100,0),(178,'Bài 3: Nội dung TaiLieu 2','https://example.com/document.pdf',3,16,0,'TaiLieu',9,58,100,0),(179,'Bài 1: Nội dung Video 0','https://www.youtube.com/embed/c9Wg6Cb_YlU?start=0',1,16,0,'Video',39,59,100,0),(180,'Bài 2: Nội dung Quiz 1','https://example.com/document.pdf',2,16,0,'Quiz',8,59,100,0),(181,'Bài 3: Nội dung Video 2','https://www.youtube.com/embed/c9Wg6Cb_YlU?start=300',3,16,0,'Video',12,59,100,0),(182,'Bài 4: Nội dung Video 3','https://www.youtube.com/embed/c9Wg6Cb_YlU?start=450',4,16,0,'Video',15,59,100,0),(183,'Bài 1: Nội dung Video 0','https://www.youtube.com/embed/c9Wg6Cb_YlU?start=0',1,16,0,'Video',30,60,100,0),(184,'Bài 2: Nội dung Quiz 1','https://example.com/document.pdf',2,16,0,'Quiz',7,60,100,0),(185,'Bài 3: Nội dung Video 2','https://www.youtube.com/embed/c9Wg6Cb_YlU?start=300',3,16,0,'Video',35,60,100,0),(186,'Bài 1: Nội dung Video 0','https://www.youtube.com/embed/bPVaOlJ6ln0?start=0',1,17,1,'Video',13,61,100,0),(187,'Bài 2: Nội dung TaiLieu 1','https://example.com/document.pdf',2,17,0,'TaiLieu',6,61,100,0),(188,'Bài 3: Nội dung Video 2','https://www.youtube.com/embed/bPVaOlJ6ln0?start=300',3,17,0,'Video',42,61,100,0),(189,'Bài 4: Nội dung Video 3','https://www.youtube.com/embed/bPVaOlJ6ln0?start=450',4,17,0,'Video',18,61,100,0),(190,'Bài 1: Nội dung TaiLieu 0','https://example.com/document.pdf',1,17,0,'TaiLieu',10,62,100,0),(191,'Bài 2: Nội dung Video 1','https://www.youtube.com/embed/bPVaOlJ6ln0?start=150',2,17,0,'Video',7,62,100,0),(192,'Bài 3: Nội dung Video 2','https://www.youtube.com/embed/bPVaOlJ6ln0?start=300',3,17,0,'Video',30,62,100,0),(193,'Bài 1: Nội dung Video 0','https://www.youtube.com/embed/bPVaOlJ6ln0?start=0',1,17,0,'Video',21,63,100,0),(194,'Bài 2: Nội dung Video 1','https://www.youtube.com/embed/bPVaOlJ6ln0?start=150',2,17,0,'Video',26,63,100,0),(195,'Bài 3: Nội dung Quiz 2','https://example.com/document.pdf',3,17,0,'Quiz',10,63,100,0),(196,'Bài 4: Nội dung Video 3','https://www.youtube.com/embed/bPVaOlJ6ln0?start=450',4,17,0,'Video',15,63,100,0),(197,'Bài 1: Nội dung Video 0','https://www.youtube.com/embed/BwuLxPH8IDs?start=0',1,18,1,'Video',8,64,100,0),(198,'Bài 2: Nội dung Video 1','https://www.youtube.com/embed/BwuLxPH8IDs?start=150',2,18,0,'Video',42,64,100,0),(199,'Bài 3: Nội dung Video 2','https://www.youtube.com/embed/BwuLxPH8IDs?start=300',3,18,0,'Video',38,64,100,0),(200,'Bài 4: Nội dung Video 3','https://www.youtube.com/embed/BwuLxPH8IDs?start=450',4,18,0,'Video',33,64,100,0),(201,'Bài 1: Nội dung Video 0','https://www.youtube.com/embed/BwuLxPH8IDs?start=0',1,18,0,'Video',36,65,100,0),(202,'Bài 2: Nội dung TaiLieu 1','https://example.com/document.pdf',2,18,0,'TaiLieu',6,65,100,0),(203,'Bài 3: Nội dung Quiz 2','https://example.com/document.pdf',3,18,0,'Quiz',6,65,100,0),(204,'Bài 4: Nội dung Video 3','https://www.youtube.com/embed/BwuLxPH8IDs?start=450',4,18,0,'Video',33,65,100,0),(205,'Bài 1: Nội dung TaiLieu 0','https://example.com/document.pdf',1,18,0,'TaiLieu',7,66,100,0),(206,'Bài 2: Nội dung Video 1','https://www.youtube.com/embed/BwuLxPH8IDs?start=150',2,18,0,'Video',6,66,100,0),(207,'Bài 3: Nội dung Video 2','https://www.youtube.com/embed/BwuLxPH8IDs?start=300',3,18,0,'Video',9,66,100,0),(208,'Bài 1: HTML','https://www.youtube.com/watch?v=Z6uylatF5VY&list=PLPt6-BtUI22oveeGAyckbAXRSmTBGLZP4',1,19,1,'Video',4,67,66,0),(209,'Bài 2: CSS','https://www.youtube.com/watch?v=tVdaxMMW9q8&list=PLPt6-BtUI22oveeGAyckbAXRSmTBGLZP4&index=2',1,19,0,'Video',5,67,33,0),(210,'Bài 1: Tiêu đề bài',NULL,1,19,0,'Video',0,68,100,0),(211,'Bài 1: Tiêu đề bài',NULL,1,25,0,'Video',0,69,100,0),(212,'Final Exam',NULL,3,26,0,'Quiz',60,70,100,1),(213,'Bài 3: Tiêu đề bài',NULL,3,1,0,'Video',0,3,100,0),(214,'Bài 4: Tiêu đề bài',NULL,4,1,0,'Quiz',30,3,100,1),(215,'Bài 5: Tiêu đề bài',NULL,5,1,0,'Video',0,1,100,0),(216,'AWS: Deploy web to ECS using ECR, RDS','https://youtu.be/K9NtzAP1A0c?si=vS-fURNSos1ZWAp-',1,26,0,'Video',0,70,100,0),(217,'Deploying applications on Amazon Elastic Container Service','https://000016.awsstudygroup.com/vi/',2,26,0,'TaiLieu',0,70,100,0);
/*!40000 ALTER TABLE `lms_baigiang` ENABLE KEYS */;
UNLOCK TABLES;

--
-- Table structure for table `lms_cauhoi`
--

DROP TABLE IF EXISTS `lms_cauhoi`;
/*!40101 SET @saved_cs_client     = @@character_set_client */;
/*!50503 SET character_set_client = utf8mb4 */;
CREATE TABLE `lms_cauhoi` (
  `id_cau_hoi` int NOT NULL AUTO_INCREMENT,
  `noi_dung` longtext COLLATE utf8mb4_unicode_ci NOT NULL,
  `diem` double NOT NULL,
  `thu_tu` int NOT NULL,
  `id_bai_giang_id` int NOT NULL,
  PRIMARY KEY (`id_cau_hoi`),
  KEY `lms_cauhoi_id_bai_giang_id_eb43a664_fk_lms_baigiang_id_bai_giang` (`id_bai_giang_id`),
  CONSTRAINT `lms_cauhoi_id_bai_giang_id_eb43a664_fk_lms_baigiang_id_bai_giang` FOREIGN KEY (`id_bai_giang_id`) REFERENCES `lms_baigiang` (`id_bai_giang`)
) ENGINE=InnoDB AUTO_INCREMENT=54 DEFAULT CHARSET=utf8mb4 COLLATE=utf8mb4_unicode_ci;
/*!40101 SET character_set_client = @saved_cs_client */;

--
-- Dumping data for table `lms_cauhoi`
--

LOCK TABLES `lms_cauhoi` WRITE;
/*!40000 ALTER TABLE `lms_cauhoi` DISABLE KEYS */;
INSERT INTO `lms_cauhoi` VALUES (1,'Tên câu hỏi mới?',1,1,210),(2,'Tên câu hỏi mới?',1,1,211),(6,'Amazon ECR (Elastic Container Registry) đóng vai trò gì trong quá trình triển khai ứng dụng?',2,1,212),(7,'Trong Amazon ECS, thành phần nào dùng để khai báo Docker image cần sử dụng, cấu hình CPU, RAM và các biến môi trường (Environment Variables)?',2,2,212),(8,'Để đảm bảo ứng dụng web trên ECS có thể kết nối được với cơ sở dữ liệu RDS một cách an toàn, bước cấu hình mạng nào sau đây là chuẩn xác nhất?',2,3,212),(9,'Để duy trì ứng dụng web luôn có một số lượng container nhất định đang chạy và tự động thay thế nếu có container bị lỗi, bạn cần cấu hình tính năng nào trong ECS?',2,4,212),(10,'Khi kết nối ứng dụng web (ECS) với cơ sở dữ liệu (RDS), Endpoint (địa chỉ host), username và password thường được cung cấp cho container thông qua cơ chế nào để đảm bảo linh hoạt và bảo mật?',2,5,212),(46,'Tên câu hỏi mới?',1,1,214),(47,'Tên câu hỏi mới?',1,2,214),(48,'Tên câu hỏi mới?',1,3,214),(49,'Tên câu hỏi mới?',1,2,211);
/*!40000 ALTER TABLE `lms_cauhoi` ENABLE KEYS */;
UNLOCK TABLES;

--
-- Table structure for table `lms_chuong`
--

DROP TABLE IF EXISTS `lms_chuong`;
/*!40101 SET @saved_cs_client     = @@character_set_client */;
/*!50503 SET character_set_client = utf8mb4 */;
CREATE TABLE `lms_chuong` (
  `id_chuong` int NOT NULL AUTO_INCREMENT,
  `ten_chuong` varchar(255) COLLATE utf8mb4_unicode_ci NOT NULL,
  `mo_ta` longtext COLLATE utf8mb4_unicode_ci,
  `thu_tu` int NOT NULL,
  `id_khoa_hoc_id` int NOT NULL,
  PRIMARY KEY (`id_chuong`),
  KEY `lms_chuong_id_khoa_hoc_id_a1a5c097_fk_lms_khoahoc_id_khoa_hoc` (`id_khoa_hoc_id`),
  CONSTRAINT `lms_chuong_id_khoa_hoc_id_a1a5c097_fk_lms_khoahoc_id_khoa_hoc` FOREIGN KEY (`id_khoa_hoc_id`) REFERENCES `lms_khoahoc` (`id_khoa_hoc`)
) ENGINE=InnoDB AUTO_INCREMENT=71 DEFAULT CHARSET=utf8mb4 COLLATE=utf8mb4_unicode_ci;
/*!40101 SET character_set_client = @saved_cs_client */;

--
-- Dumping data for table `lms_chuong`
--

LOCK TABLES `lms_chuong` WRITE;
/*!40000 ALTER TABLE `lms_chuong` DISABLE KEYS */;
INSERT INTO `lms_chuong` VALUES (1,'Chương 1: Cài đặt & Khái niệm căn bản',NULL,1,1),(2,'Chương 2: Cấu trúc & Cú pháp',NULL,2,1),(3,'Chương 3: Thực hành ứng dụng cốt lõi',NULL,3,1),(4,'Chương 1: Cài đặt & Khái niệm căn bản',NULL,1,2),(5,'Chương 2: Cấu trúc & Cú pháp',NULL,2,2),(6,'Chương 3: Thực hành ứng dụng cốt lõi',NULL,3,2),(7,'Chương 1: Cài đặt & Khái niệm căn bản',NULL,1,3),(8,'Chương 2: Cấu trúc & Cú pháp',NULL,2,3),(9,'Chương 3: Thực hành ứng dụng cốt lõi',NULL,3,3),(10,'Chương 4: Dự án Thực chiến',NULL,4,3),(11,'Chương 1: Cài đặt & Khái niệm căn bản',NULL,1,4),(12,'Chương 2: Cấu trúc & Cú pháp',NULL,2,4),(13,'Chương 3: Thực hành ứng dụng cốt lõi',NULL,3,4),(14,'Chương 4: Dự án Thực chiến',NULL,4,4),(15,'Chương 5: Triển khai & Cấu hình',NULL,5,4),(16,'Chương 1: Cài đặt & Khái niệm căn bản',NULL,1,5),(17,'Chương 2: Cấu trúc & Cú pháp',NULL,2,5),(18,'Chương 3: Thực hành ứng dụng cốt lõi',NULL,3,5),(19,'Chương 4: Dự án Thực chiến',NULL,4,5),(20,'Chương 1: Cài đặt & Khái niệm căn bản',NULL,1,6),(21,'Chương 2: Cấu trúc & Cú pháp',NULL,2,6),(22,'Chương 3: Thực hành ứng dụng cốt lõi',NULL,3,6),(23,'Chương 1: Cài đặt & Khái niệm căn bản',NULL,1,7),(24,'Chương 2: Cấu trúc & Cú pháp',NULL,2,7),(25,'Chương 3: Thực hành ứng dụng cốt lõi',NULL,3,7),(26,'Chương 4: Dự án Thực chiến',NULL,4,7),(27,'Chương 1: Cài đặt & Khái niệm căn bản',NULL,1,8),(28,'Chương 2: Cấu trúc & Cú pháp',NULL,2,8),(29,'Chương 3: Thực hành ứng dụng cốt lõi',NULL,3,8),(30,'Chương 4: Dự án Thực chiến',NULL,4,8),(31,'Chương 5: Triển khai & Cấu hình',NULL,5,8),(32,'Chương 1: Cài đặt & Khái niệm căn bản',NULL,1,9),(33,'Chương 2: Cấu trúc & Cú pháp',NULL,2,9),(34,'Chương 3: Thực hành ứng dụng cốt lõi',NULL,3,9),(35,'Chương 4: Dự án Thực chiến',NULL,4,9),(36,'Chương 1: Cài đặt & Khái niệm căn bản',NULL,1,10),(37,'Chương 2: Cấu trúc & Cú pháp',NULL,2,10),(38,'Chương 3: Thực hành ứng dụng cốt lõi',NULL,3,10),(39,'Chương 4: Dự án Thực chiến',NULL,4,10),(40,'Chương 5: Triển khai & Cấu hình',NULL,5,10),(41,'Chương 1: Cài đặt & Khái niệm căn bản',NULL,1,11),(42,'Chương 2: Cấu trúc & Cú pháp',NULL,2,11),(43,'Chương 3: Thực hành ứng dụng cốt lõi',NULL,3,11),(44,'Chương 1: Cài đặt & Khái niệm căn bản',NULL,1,12),(45,'Chương 2: Cấu trúc & Cú pháp',NULL,2,12),(46,'Chương 3: Thực hành ứng dụng cốt lõi',NULL,3,12),(47,'Chương 4: Dự án Thực chiến',NULL,4,12),(48,'Chương 1: Cài đặt & Khái niệm căn bản',NULL,1,13),(49,'Chương 2: Cấu trúc & Cú pháp',NULL,2,13),(50,'Chương 3: Thực hành ứng dụng cốt lõi',NULL,3,13),(51,'Chương 4: Dự án Thực chiến',NULL,4,13),(52,'Chương 1: Cài đặt & Khái niệm căn bản',NULL,1,14),(53,'Chương 2: Cấu trúc & Cú pháp',NULL,2,14),(54,'Chương 3: Thực hành ứng dụng cốt lõi',NULL,3,14),(55,'Chương 1: Cài đặt & Khái niệm căn bản',NULL,1,15),(56,'Chương 2: Cấu trúc & Cú pháp',NULL,2,15),(57,'Chương 3: Thực hành ứng dụng cốt lõi',NULL,3,15),(58,'Chương 1: Cài đặt & Khái niệm căn bản',NULL,1,16),(59,'Chương 2: Cấu trúc & Cú pháp',NULL,2,16),(60,'Chương 3: Thực hành ứng dụng cốt lõi',NULL,3,16),(61,'Chương 1: Cài đặt & Khái niệm căn bản',NULL,1,17),(62,'Chương 2: Cấu trúc & Cú pháp',NULL,2,17),(63,'Chương 3: Thực hành ứng dụng cốt lõi',NULL,3,17),(64,'Chương 1: Cài đặt & Khái niệm căn bản',NULL,1,18),(65,'Chương 2: Cấu trúc & Cú pháp',NULL,2,18),(66,'Chương 3: Thực hành ứng dụng cốt lõi',NULL,3,18),(67,'Chương 1: Frontend',NULL,1,19),(68,'Chương 2: Tiêu đề chương',NULL,2,19),(69,'Chương 1: Tiêu đề chương',NULL,1,25),(70,'Kiem tra nang luc',NULL,1,26);
/*!40000 ALTER TABLE `lms_chuong` ENABLE KEYS */;
UNLOCK TABLES;

--
-- Table structure for table `lms_dangkyhoc`
--

DROP TABLE IF EXISTS `lms_dangkyhoc`;
/*!40101 SET @saved_cs_client     = @@character_set_client */;
/*!50503 SET character_set_client = utf8mb4 */;
CREATE TABLE `lms_dangkyhoc` (
  `id_dang_ky` int NOT NULL AUTO_INCREMENT,
  `ngay_dang_ky` datetime(6) NOT NULL,
  `phan_tram_hoan_thanh` double NOT NULL,
  `trang_thai_hoc` varchar(50) COLLATE utf8mb4_unicode_ci NOT NULL,
  `id_nguoi_dung_id` int NOT NULL,
  `id_khoa_hoc_id` int NOT NULL,
  PRIMARY KEY (`id_dang_ky`),
  KEY `lms_dangkyhoc_id_nguoi_dung_id_8b0ae663_fk_core_nguo` (`id_nguoi_dung_id`),
  KEY `lms_dangkyhoc_id_khoa_hoc_id_044d7381_fk_lms_khoahoc_id_khoa_hoc` (`id_khoa_hoc_id`),
  CONSTRAINT `lms_dangkyhoc_id_khoa_hoc_id_044d7381_fk_lms_khoahoc_id_khoa_hoc` FOREIGN KEY (`id_khoa_hoc_id`) REFERENCES `lms_khoahoc` (`id_khoa_hoc`),
  CONSTRAINT `lms_dangkyhoc_id_nguoi_dung_id_8b0ae663_fk_core_nguo` FOREIGN KEY (`id_nguoi_dung_id`) REFERENCES `core_nguoidung` (`id_nguoi_dung`)
) ENGINE=InnoDB AUTO_INCREMENT=48 DEFAULT CHARSET=utf8mb4 COLLATE=utf8mb4_unicode_ci;
/*!40101 SET character_set_client = @saved_cs_client */;

--
-- Dumping data for table `lms_dangkyhoc`
--

LOCK TABLES `lms_dangkyhoc` WRITE;
/*!40000 ALTER TABLE `lms_dangkyhoc` DISABLE KEYS */;
INSERT INTO `lms_dangkyhoc` VALUES (1,'2026-04-02 02:42:18.237426',10,'Huy',7,14),(2,'2026-04-02 02:42:18.287435',100,'DaXong',7,3),(3,'2026-04-02 02:42:18.367782',100,'DaXong',7,16),(4,'2026-04-02 02:42:18.432385',30,'DangHoc',7,12),(5,'2026-04-02 02:42:18.475535',30,'Huy',7,9),(6,'2026-04-02 02:42:18.524446',70,'DangHoc',8,16),(7,'2026-04-02 02:42:18.567570',10,'Huy',8,17),(8,'2026-04-02 02:42:18.610920',70,'DangHoc',8,13),(9,'2026-04-02 02:42:18.664679',100,'DaXong',8,12),(10,'2026-04-02 02:42:18.721104',10,'Huy',8,3),(11,'2026-04-02 02:42:18.770234',100,'DaXong',8,2),(12,'2026-04-02 02:42:18.814205',50,'DangHoc',8,11),(13,'2026-04-02 02:42:18.861439',100,'DaXong',9,15),(14,'2026-04-02 02:42:18.917483',85,'Huy',9,1),(15,'2026-04-02 02:42:18.962252',100,'DaXong',9,6),(16,'2026-04-02 02:42:19.022323',100,'DaXong',9,12),(17,'2026-04-02 02:42:19.075046',85,'DangHoc',10,9),(18,'2026-04-02 02:42:19.118210',85,'Huy',10,18),(19,'2026-04-02 02:42:19.158009',30,'DangHoc',10,7),(20,'2026-04-02 02:42:19.207251',100,'DaXong',10,13),(21,'2026-04-02 02:42:19.270519',70,'Huy',11,4),(22,'2026-04-02 02:42:19.320628',70,'Huy',11,16),(23,'2026-04-02 02:42:19.362132',30,'DangHoc',11,6),(24,'2026-04-02 02:42:19.407905',70,'Huy',11,12),(25,'2026-04-02 02:42:19.447425',100,'DaXong',11,1),(26,'2026-04-02 02:42:19.499202',30,'DangHoc',11,7),(27,'2026-04-02 02:42:19.550861',70,'DangHoc',12,11),(28,'2026-04-02 02:42:19.590924',30,'Huy',12,7),(29,'2026-04-02 02:42:19.634583',10,'Huy',12,18),(30,'2026-04-02 02:42:19.679185',30,'DangHoc',12,6),(31,'2026-04-02 02:42:19.716031',10,'DangHoc',12,14),(32,'2026-04-02 02:42:19.747492',10,'DangHoc',12,15),(33,'2026-04-02 02:42:19.787540',85,'Huy',12,5),(34,'2026-04-02 02:42:19.844085',100,'DaXong',13,12),(35,'2026-04-02 02:42:19.911768',30,'DangHoc',13,5),(36,'2026-04-02 02:42:19.969638',50,'Huy',13,7),(37,'2026-04-02 02:42:20.028421',30,'Huy',13,11),(38,'2026-04-03 02:06:03.917521',10,'DangHoc',14,1),(39,'2026-04-03 02:08:32.849432',100,'DaXong',14,4),(40,'2026-04-03 06:16:25.938472',10,'DangHoc',17,1),(41,'2026-04-03 06:17:36.503862',100,'DaXong',17,2),(42,'2026-04-03 06:28:59.646711',100,'DaXong',18,14),(43,'2026-04-03 06:35:46.050139',7.1,'DangHoc',18,8),(44,'2026-04-03 06:44:04.049654',12.5,'DangHoc',18,2),(45,'2026-05-05 07:20:06.488537',100,'DaXong',7,26),(46,'2026-05-05 07:50:46.300693',0,'DangHoc',7,1),(47,'2026-05-07 13:22:05.589105',33.3,'DangHoc',8,26);
/*!40000 ALTER TABLE `lms_dangkyhoc` ENABLE KEYS */;
UNLOCK TABLES;

--
-- Table structure for table `lms_danhgiakhoahoc`
--

DROP TABLE IF EXISTS `lms_danhgiakhoahoc`;
/*!40101 SET @saved_cs_client     = @@character_set_client */;
/*!50503 SET character_set_client = utf8mb4 */;
CREATE TABLE `lms_danhgiakhoahoc` (
  `id_danh_gia` int NOT NULL AUTO_INCREMENT,
  `so_sao` int NOT NULL,
  `nhan_xet` longtext COLLATE utf8mb4_unicode_ci,
  `ngay_tao` datetime(6) NOT NULL,
  `id_khoa_hoc_id` int NOT NULL,
  `id_nguoi_dung_id` int NOT NULL,
  PRIMARY KEY (`id_danh_gia`),
  UNIQUE KEY `lms_danhgiakhoahoc_id_khoa_hoc_id_id_nguoi_dung_id_881ccf46_uniq` (`id_khoa_hoc_id`,`id_nguoi_dung_id`),
  KEY `lms_danhgiakhoahoc_id_nguoi_dung_id_5987e526_fk_core_nguo` (`id_nguoi_dung_id`),
  CONSTRAINT `lms_danhgiakhoahoc_id_khoa_hoc_id_5ac0a929_fk_lms_khoah` FOREIGN KEY (`id_khoa_hoc_id`) REFERENCES `lms_khoahoc` (`id_khoa_hoc`),
  CONSTRAINT `lms_danhgiakhoahoc_id_nguoi_dung_id_5987e526_fk_core_nguo` FOREIGN KEY (`id_nguoi_dung_id`) REFERENCES `core_nguoidung` (`id_nguoi_dung`)
) ENGINE=InnoDB AUTO_INCREMENT=12 DEFAULT CHARSET=utf8mb4 COLLATE=utf8mb4_unicode_ci;
/*!40101 SET character_set_client = @saved_cs_client */;

--
-- Dumping data for table `lms_danhgiakhoahoc`
--

LOCK TABLES `lms_danhgiakhoahoc` WRITE;
/*!40000 ALTER TABLE `lms_danhgiakhoahoc` DISABLE KEYS */;
INSERT INTO `lms_danhgiakhoahoc` VALUES (1,4,'Khóa học tuyệt vời, tôi đã áp dụng được ngay vào công việc.','2026-04-02 02:42:18.357005',3,7),(2,5,'Tài liệu phong phú, bài tập thực hành giúp tôi hiểu sâu hơn.','2026-04-02 02:42:18.422589',16,7),(3,3,'Khóa học tuyệt vời, tôi đã áp dụng được ngay vào công việc.','2026-04-02 02:42:18.714205',12,8),(4,5,'Tài liệu phong phú, bài tập thực hành giúp tôi hiểu sâu hơn.','2026-04-02 02:42:18.807204',2,8),(5,5,'Kiến thức Kiểm thử phần mềm Tự Động Automation QA Tester rất thực tế, giảng viên giảng rất dễ hiểu.','2026-04-02 02:42:18.909483',15,9),(6,5,'Rất đáng đồng tiền bát gạo, lộ trình học rõ ràng.','2026-04-02 02:42:19.014222',6,9),(7,5,'Tài liệu phong phú, bài tập thực hành giúp tôi hiểu sâu hơn.','2026-04-02 02:42:19.067636',12,9),(8,5,'Kiến thức Trí tuệ nhân tạo Data Science & Machine Learning rất thực tế, giảng viên giảng rất dễ hiểu.','2026-04-02 02:42:19.263941',13,10),(9,4,'Rất đáng đồng tiền bát gạo, lộ trình học rõ ràng.','2026-04-02 02:42:19.492218',1,11),(10,5,'Khóa học tuyệt vời, tôi đã áp dụng được ngay vào công việc.','2026-04-02 02:42:19.903706',12,13),(11,5,'very interesting, cool-cool ☆*: .｡. o(≧▽≦)o .｡.:*☆','2026-05-07 13:15:58.061390',26,7);
/*!40000 ALTER TABLE `lms_danhgiakhoahoc` ENABLE KEYS */;
UNLOCK TABLES;

--
-- Table structure for table `lms_danhgianhatuyendung`
--

DROP TABLE IF EXISTS `lms_danhgianhatuyendung`;
/*!40101 SET @saved_cs_client     = @@character_set_client */;
/*!50503 SET character_set_client = utf8mb4 */;
CREATE TABLE `lms_danhgianhatuyendung` (
  `id_danh_gia` int NOT NULL AUTO_INCREMENT,
  `so_sao_phu_hop` int NOT NULL,
  `nhan_xet_chuyen_mon` longtext COLLATE utf8mb4_unicode_ci,
  `ngay_tao` datetime(6) NOT NULL,
  `id_khoa_hoc_id` int NOT NULL,
  `id_nha_tuyen_dung_id` int NOT NULL,
  PRIMARY KEY (`id_danh_gia`),
  UNIQUE KEY `lms_danhgianhatuyendung_id_khoa_hoc_id_id_nha_tu_0d79c807_uniq` (`id_khoa_hoc_id`,`id_nha_tuyen_dung_id`),
  KEY `lms_danhgianhatuyend_id_nha_tuyen_dung_id_99a6cc3a_fk_core_nguo` (`id_nha_tuyen_dung_id`),
  CONSTRAINT `lms_danhgianhatuyend_id_khoa_hoc_id_a4b0eaa8_fk_lms_khoah` FOREIGN KEY (`id_khoa_hoc_id`) REFERENCES `lms_khoahoc` (`id_khoa_hoc`),
  CONSTRAINT `lms_danhgianhatuyend_id_nha_tuyen_dung_id_99a6cc3a_fk_core_nguo` FOREIGN KEY (`id_nha_tuyen_dung_id`) REFERENCES `core_nguoidung` (`id_nguoi_dung`)
) ENGINE=InnoDB AUTO_INCREMENT=17 DEFAULT CHARSET=utf8mb4 COLLATE=utf8mb4_unicode_ci;
/*!40101 SET character_set_client = @saved_cs_client */;

--
-- Dumping data for table `lms_danhgianhatuyendung`
--

LOCK TABLES `lms_danhgianhatuyendung` WRITE;
/*!40000 ALTER TABLE `lms_danhgianhatuyendung` DISABLE KEYS */;
INSERT INTO `lms_danhgianhatuyendung` VALUES (1,4,'Chúng tôi đánh giá cao trình độ chuyên môn của các học viên tốt nghiệp khóa này.','2026-04-02 02:42:20.072647',11,5),(2,5,'Kiến thức đầu ra đúng tiêu chuẩn ngành, team HR rất hài lòng.','2026-04-02 02:42:20.082531',3,5),(3,5,'Chất lượng đào tạo ổn định, giúp giảm thời gian đào tạo nội bộ cho nhân viên mới.','2026-04-02 02:42:20.113686',4,5),(4,4,'Kiến thức đầu ra đúng tiêu chuẩn ngành, team HR rất hài lòng.','2026-04-02 02:42:20.126960',1,5),(5,5,'Chất lượng đào tạo ổn định, giúp giảm thời gian đào tạo nội bộ cho nhân viên mới.','2026-04-02 02:42:20.138434',12,5),(6,5,'Kiến thức đầu ra đúng tiêu chuẩn ngành, team HR rất hài lòng.','2026-04-02 02:42:20.162475',10,5),(7,5,'Chúng tôi đánh giá cao trình độ chuyên môn của các học viên tốt nghiệp khóa này.','2026-04-02 02:42:20.175681',5,5),(8,4,'Chất lượng đào tạo ổn định, giúp giảm thời gian đào tạo nội bộ cho nhân viên mới.','2026-04-02 02:42:20.189479',12,6),(9,5,'Ứng viên có tư duy tốt, kỹ năng thực hành từ khóa học này rất sát với dự án thực tế.','2026-04-02 02:42:20.202212',17,6),(10,5,'Chất lượng đào tạo ổn định, giúp giảm thời gian đào tạo nội bộ cho nhân viên mới.','2026-04-02 02:42:20.218501',10,6),(11,5,'Kiến thức đầu ra đúng tiêu chuẩn ngành, team HR rất hài lòng.','2026-04-02 02:42:20.231524',1,6),(12,4,'Chúng tôi đánh giá cao trình độ chuyên môn của các học viên tốt nghiệp khóa này.','2026-04-02 02:42:20.253032',18,6),(13,5,'Kiến thức đầu ra đúng tiêu chuẩn ngành, team HR rất hài lòng.','2026-04-02 02:42:20.262749',7,6),(14,5,'Kiến thức đầu ra đúng tiêu chuẩn ngành, team HR rất hài lòng.','2026-04-02 02:42:20.273841',8,6),(15,5,'Chúng tôi đánh giá cao trình độ chuyên môn của các học viên tốt nghiệp khóa này.','2026-04-02 02:42:20.285090',4,6),(16,5,'test','2026-04-03 02:27:07.078426',4,15);
/*!40000 ALTER TABLE `lms_danhgianhatuyendung` ENABLE KEYS */;
UNLOCK TABLES;

--
-- Table structure for table `lms_ketquaquiz`
--

DROP TABLE IF EXISTS `lms_ketquaquiz`;
/*!40101 SET @saved_cs_client     = @@character_set_client */;
/*!50503 SET character_set_client = utf8mb4 */;
CREATE TABLE `lms_ketquaquiz` (
  `id_ket_qua` int NOT NULL AUTO_INCREMENT,
  `diem_so` double NOT NULL,
  `tong_diem` double NOT NULL,
  `da_dat` tinyint(1) NOT NULL,
  `ngay_lam` datetime(6) NOT NULL,
  `id_bai_giang_id` int NOT NULL,
  `id_dang_ky_id` int NOT NULL,
  PRIMARY KEY (`id_ket_qua`),
  KEY `lms_ketquaquiz_id_bai_giang_id_753ddf30_fk_lms_baigi` (`id_bai_giang_id`),
  KEY `lms_ketquaquiz_id_dang_ky_id_f76318fe_fk_lms_dangk` (`id_dang_ky_id`),
  CONSTRAINT `lms_ketquaquiz_id_bai_giang_id_753ddf30_fk_lms_baigi` FOREIGN KEY (`id_bai_giang_id`) REFERENCES `lms_baigiang` (`id_bai_giang`),
  CONSTRAINT `lms_ketquaquiz_id_dang_ky_id_f76318fe_fk_lms_dangk` FOREIGN KEY (`id_dang_ky_id`) REFERENCES `lms_dangkyhoc` (`id_dang_ky`)
) ENGINE=InnoDB AUTO_INCREMENT=3 DEFAULT CHARSET=utf8mb4 COLLATE=utf8mb4_unicode_ci;
/*!40101 SET character_set_client = @saved_cs_client */;

--
-- Dumping data for table `lms_ketquaquiz`
--

LOCK TABLES `lms_ketquaquiz` WRITE;
/*!40000 ALTER TABLE `lms_ketquaquiz` DISABLE KEYS */;
INSERT INTO `lms_ketquaquiz` VALUES (1,8,10,1,'2026-05-07 13:13:06.874942',212,45),(2,8,10,1,'2026-05-07 13:17:12.501718',212,45);
/*!40000 ALTER TABLE `lms_ketquaquiz` ENABLE KEYS */;
UNLOCK TABLES;

--
-- Table structure for table `lms_khoahoc`
--

DROP TABLE IF EXISTS `lms_khoahoc`;
/*!40101 SET @saved_cs_client     = @@character_set_client */;
/*!50503 SET character_set_client = utf8mb4 */;
CREATE TABLE `lms_khoahoc` (
  `id_khoa_hoc` int NOT NULL AUTO_INCREMENT,
  `ten_khoa_hoc` varchar(255) COLLATE utf8mb4_unicode_ci NOT NULL,
  `mo_ta_chi_tiet` longtext COLLATE utf8mb4_unicode_ci,
  `gia_tien` double NOT NULL,
  `cong_khai` tinyint(1) NOT NULL,
  `ngay_tao` datetime(6) NOT NULL,
  `id_giang_vien_id` int NOT NULL,
  `danh_muc` varchar(100) COLLATE utf8mb4_unicode_ci DEFAULT NULL,
  `gia_goc` double NOT NULL,
  `hinh_anh_thumbnail` varchar(500) COLLATE utf8mb4_unicode_ci DEFAULT NULL,
  `mo_ta_ngan` varchar(500) COLLATE utf8mb4_unicode_ci DEFAULT NULL,
  `ngay_cap_nhat` datetime(6) NOT NULL,
  `trinh_do` varchar(50) COLLATE utf8mb4_unicode_ci NOT NULL,
  `is_sequential` tinyint(1) NOT NULL,
  `so_nguoi_da_hoan_thanh` int unsigned NOT NULL,
  `so_nguoi_dang_hoc` int unsigned NOT NULL,
  `tong_so_danh_gia` int unsigned NOT NULL,
  `trung_binh_sao` decimal(3,2) NOT NULL,
  `tong_so_danh_gia_ntd` int unsigned NOT NULL,
  `trung_binh_sao_ntd` decimal(3,2) NOT NULL,
  `so_nguoi_co_viec_lam` int unsigned NOT NULL,
  `url_video_preview` varchar(500) COLLATE utf8mb4_unicode_ci DEFAULT NULL,
  PRIMARY KEY (`id_khoa_hoc`),
  KEY `lms_khoahoc_id_giang_vien_id_51214136_fk_core_nguo` (`id_giang_vien_id`),
  CONSTRAINT `lms_khoahoc_id_giang_vien_id_51214136_fk_core_nguo` FOREIGN KEY (`id_giang_vien_id`) REFERENCES `core_nguoidung` (`id_nguoi_dung`),
  CONSTRAINT `lms_khoahoc_chk_1` CHECK ((`so_nguoi_da_hoan_thanh` >= 0)),
  CONSTRAINT `lms_khoahoc_chk_2` CHECK ((`so_nguoi_dang_hoc` >= 0)),
  CONSTRAINT `lms_khoahoc_chk_3` CHECK ((`tong_so_danh_gia` >= 0)),
  CONSTRAINT `lms_khoahoc_chk_4` CHECK ((`tong_so_danh_gia_ntd` >= 0)),
  CONSTRAINT `lms_khoahoc_chk_5` CHECK ((`so_nguoi_co_viec_lam` >= 0))
) ENGINE=InnoDB AUTO_INCREMENT=27 DEFAULT CHARSET=utf8mb4 COLLATE=utf8mb4_unicode_ci;
/*!40101 SET character_set_client = @saved_cs_client */;

--
-- Dumping data for table `lms_khoahoc`
--

LOCK TABLES `lms_khoahoc` WRITE;
/*!40000 ALTER TABLE `lms_khoahoc` DISABLE KEYS */;
INSERT INTO `lms_khoahoc` VALUES (1,'Lập trình Python Cơ bản đến Nâng cao','Lộ trình Lập trình Python Cơ bản đến Nâng cao dành cho bạn. Khóa học được thiết kế cực kỳ đa dạng bài giảng từ lý thuyết video, tài liệu chuyên sâu cho tới bài kiểm tra năng lực.',1200000,1,'2026-04-02 02:42:17.073688',1,'Lập trình Backend',1800000,'https://img.youtube.com/vi/rfscVS0vtbw/maxresdefault.jpg','Thành thạo Lập trình Python Cơ bản đến Nâng cao chỉ sau thời gian ngắn học tập.','2026-05-05 07:52:11.593041','CoSo',0,1,5,1,4.00,2,4.50,1,''),(2,'Xây dựng Web với ReactJS Thực Chiến 2024','Lộ trình Xây dựng Web với ReactJS Thực Chiến 2024 dành cho bạn. Khóa học được thiết kế cực kỳ đa dạng bài giảng từ lý thuyết video, tài liệu chuyên sâu cho tới bài kiểm tra năng lực.',1500000,1,'2026-04-02 02:42:17.124419',2,'Lập trình Frontend',2250000,'https://img.youtube.com/vi/bMknfKXIFA8/maxresdefault.jpg','Thành thạo Xây dựng Web với ReactJS Thực Chiến 2024 chỉ sau thời gian ngắn học tập.','2026-04-03 06:51:54.105129','TrungCap',0,2,3,1,5.00,0,0.00,0,NULL),(3,'Backend Node.js/Express Căn bản','Lộ trình Backend Node.js/Express Căn bản dành cho bạn. Khóa học được thiết kế cực kỳ đa dạng bài giảng từ lý thuyết video, tài liệu chuyên sâu cho tới bài kiểm tra năng lực.',1300000,1,'2026-04-02 02:42:17.171043',3,'Lập trình Backend',1950000,'https://img.youtube.com/vi/Oe421EPjeBE/maxresdefault.jpg','Thành thạo Backend Node.js/Express Căn bản chỉ sau thời gian ngắn học tập.','2026-04-02 02:42:20.108081','CoSo',1,1,2,1,4.00,1,5.00,0,NULL),(4,'Khoá học JavaScript Toàn Tập','Lộ trình Khoá học JavaScript Toàn Tập dành cho bạn. Khóa học được thiết kế cực kỳ đa dạng bài giảng từ lý thuyết video, tài liệu chuyên sâu cho tới bài kiểm tra năng lực.',800000,1,'2026-04-02 02:42:17.268565',4,'Lập trình Web',1200000,'https://img.youtube.com/vi/W6NZfCO5SIk/maxresdefault.jpg','Thành thạo Khoá học JavaScript Toàn Tập chỉ sau thời gian ngắn học tập.','2026-04-03 02:27:07.107151','CoSo',0,1,2,0,0.00,3,5.00,0,NULL),(5,'Thực Hành HTML & CSS Nền Tảng','Lộ trình Thực Hành HTML & CSS Nền Tảng dành cho bạn. Khóa học được thiết kế cực kỳ đa dạng bài giảng từ lý thuyết video, tài liệu chuyên sâu cho tới bài kiểm tra năng lực.',500000,1,'2026-04-02 02:42:17.362172',1,'Lập trình Frontend',750000,'https://img.youtube.com/vi/mU6anWqZJcc/maxresdefault.jpg','Thành thạo Thực Hành HTML & CSS Nền Tảng chỉ sau thời gian ngắn học tập.','2026-04-02 02:42:20.184081','CoSo',0,0,2,0,0.00,1,5.00,0,NULL),(6,'Làm chủ Django Rest Framework Toàn Tập','Lộ trình Làm chủ Django Rest Framework Toàn Tập dành cho bạn. Khóa học được thiết kế cực kỳ đa dạng bài giảng từ lý thuyết video, tài liệu chuyên sâu cho tới bài kiểm tra năng lực.',1600000,1,'2026-04-02 02:42:17.458463',2,'Lập trình Backend',2400000,'https://img.youtube.com/vi/F5mRW0jo-U4/maxresdefault.jpg','Thành thạo Làm chủ Django Rest Framework Toàn Tập chỉ sau thời gian ngắn học tập.','2026-04-10 02:31:35.641185','NangCao',1,1,3,1,5.00,0,0.00,1,NULL),(7,'Phát triển Phầm Mềm với Next.js 14','Lộ trình Phát triển Phầm Mềm với Next.js 14 dành cho bạn. Khóa học được thiết kế cực kỳ đa dạng bài giảng từ lý thuyết video, tài liệu chuyên sâu cho tới bài kiểm tra năng lực.',2000000,1,'2026-04-02 02:42:17.522504',3,'Lập trình Frontend',3000000,'https://img.youtube.com/vi/ZVnjOPwW4ZA/maxresdefault.jpg','Thành thạo Phát triển Phầm Mềm với Next.js 14 chỉ sau thời gian ngắn học tập.','2026-04-02 02:42:20.267496','NangCao',0,0,4,0,0.00,1,5.00,0,NULL),(8,'Quản lý mã nguồn dự án với Git & Github','Lộ trình Quản lý mã nguồn dự án với Git & Github dành cho bạn. Khóa học được thiết kế cực kỳ đa dạng bài giảng từ lý thuyết video, tài liệu chuyên sâu cho tới bài kiểm tra năng lực.',300000,1,'2026-04-02 02:42:17.581281',4,'Công cụ',450000,'https://img.youtube.com/vi/8JJ101D3knE/maxresdefault.jpg','Thành thạo Quản lý mã nguồn dự án với Git & Github chỉ sau thời gian ngắn học tập.','2026-04-03 06:36:13.692850','CoSo',1,0,1,0,0.00,1,5.00,0,NULL),(9,'Cơ sở dữ liệu RDBMS, SQL & MySQL','Lộ trình Cơ sở dữ liệu RDBMS, SQL & MySQL dành cho bạn. Khóa học được thiết kế cực kỳ đa dạng bài giảng từ lý thuyết video, tài liệu chuyên sâu cho tới bài kiểm tra năng lực.',900000,1,'2026-04-02 02:42:17.651041',1,'Cơ sở dữ liệu',1350000,'https://img.youtube.com/vi/HXV3zeQKqGY/maxresdefault.jpg','Thành thạo Cơ sở dữ liệu RDBMS, SQL & MySQL chỉ sau thời gian ngắn học tập.','2026-04-02 02:42:19.079511','CoSo',1,0,2,0,0.00,0,0.00,0,NULL),(10,'Kiến trúc Java Spring Boot Microservices','Lộ trình Kiến trúc Java Spring Boot Microservices dành cho bạn. Khóa học được thiết kế cực kỳ đa dạng bài giảng từ lý thuyết video, tài liệu chuyên sâu cho tới bài kiểm tra năng lực.',2500000,1,'2026-04-02 02:42:17.712353',2,'Lập trình Backend',3750000,'https://img.youtube.com/vi/9SGDpanrc8U/maxresdefault.jpg','Thành thạo Kiến trúc Java Spring Boot Microservices chỉ sau thời gian ngắn học tập.','2026-04-02 02:42:20.225410','NangCao',0,0,0,0,0.00,2,5.00,0,NULL),(11,'Lập trình C++ cho người mới bắt đầu','Lộ trình Lập trình C++ cho người mới bắt đầu dành cho bạn. Khóa học được thiết kế cực kỳ đa dạng bài giảng từ lý thuyết video, tài liệu chuyên sâu cho tới bài kiểm tra năng lực.',600000,1,'2026-04-02 02:42:17.786092',3,'Lập trình Cơ bản',900000,'https://img.youtube.com/vi/vLnPwxZdW4Y/maxresdefault.jpg','Thành thạo Lập trình C++ cho người mới bắt đầu chỉ sau thời gian ngắn học tập.','2026-04-02 02:42:20.077956','CoSo',0,0,3,0,0.00,1,4.00,0,NULL),(12,'Khoá học CI/CD DevOps với Docker & Kubernetes','Lộ trình Khoá học CI/CD DevOps với Docker & Kubernetes dành cho bạn. Khóa học được thiết kế cực kỳ đa dạng bài giảng từ lý thuyết video, tài liệu chuyên sâu cho tới bài kiểm tra năng lực.',3000000,1,'2026-04-02 02:42:17.837772',4,'DevOps',4500000,'','Thành thạo Khoá học CI/CD DevOps với Docker & Kubernetes chỉ sau thời gian ngắn học tập.','2026-04-12 09:18:24.431003','NangCao',0,3,5,3,4.33,2,4.50,0,''),(13,'Trí tuệ nhân tạo Data Science & Machine Learning','Lộ trình Trí tuệ nhân tạo Data Science & Machine Learning dành cho bạn. Khóa học được thiết kế cực kỳ đa dạng bài giảng từ lý thuyết video, tài liệu chuyên sâu cho tới bài kiểm tra năng lực.',2800000,1,'2026-04-02 02:42:17.898453',1,'AI/Trí tuệ nhân tạo',4200000,'https://img.youtube.com/vi/7eh4d6sabA0/maxresdefault.jpg','Thành thạo Trí tuệ nhân tạo Data Science & Machine Learning chỉ sau thời gian ngắn học tập.','2026-04-02 02:42:19.266118','TrungCap',1,1,2,1,5.00,0,0.00,0,NULL),(14,'Xây dựng ứng dụng Di động Cross-platform Flutter','Lộ trình Xây dựng ứng dụng Di động Cross-platform Flutter dành cho bạn. Khóa học được thiết kế cực kỳ đa dạng bài giảng từ lý thuyết video, tài liệu chuyên sâu cho tới bài kiểm tra năng lực.',1800000,1,'2026-04-02 02:42:17.976671',2,'Lập trình Mobile',2700000,'https://img.youtube.com/vi/VPvVD8t02U8/maxresdefault.jpg','Thành thạo Xây dựng ứng dụng Di động Cross-platform Flutter chỉ sau thời gian ngắn học tập.','2026-04-03 06:35:33.655375','TrungCap',0,1,3,0,0.00,0,0.00,0,NULL),(15,'Kiểm thử phần mềm Tự Động Automation QA Tester','Lộ trình Kiểm thử phần mềm Tự Động Automation QA Tester dành cho bạn. Khóa học được thiết kế cực kỳ đa dạng bài giảng từ lý thuyết video, tài liệu chuyên sâu cho tới bài kiểm tra năng lực.',1200000,1,'2026-04-02 02:42:18.021473',3,'Kiểm thử phần mềm',1800000,'','Thành thạo Kiểm thử phần mềm Tự Động Automation QA Tester chỉ sau thời gian ngắn học tập.','2026-04-12 09:18:54.109851','CoSo',1,1,2,1,5.00,0,0.00,0,''),(16,'Thiết kế UI/UX Thực chiến với Figma','Lộ trình Thiết kế UI/UX Thực chiến với Figma dành cho bạn. Khóa học được thiết kế cực kỳ đa dạng bài giảng từ lý thuyết video, tài liệu chuyên sâu cho tới bài kiểm tra năng lực.',800000,1,'2026-04-02 02:42:18.072117',4,'Thiết kế UI/UX',1200000,'https://img.youtube.com/vi/c9Wg6Cb_YlU/maxresdefault.jpg','Thành thạo Thiết kế UI/UX Thực chiến với Figma chỉ sau thời gian ngắn học tập.','2026-04-02 02:42:19.326377','CoSo',0,1,3,1,5.00,0,0.00,0,NULL),(17,'Bảo mật hệ thống thông tin (Cyber Security)','Lộ trình Bảo mật hệ thống thông tin (Cyber Security) dành cho bạn. Khóa học được thiết kế cực kỳ đa dạng bài giảng từ lý thuyết video, tài liệu chuyên sâu cho tới bài kiểm tra năng lực.',2500000,1,'2026-04-02 02:42:18.126831',1,'Bảo mật',3750000,'https://img.youtube.com/vi/bPVaOlJ6ln0/maxresdefault.jpg','Thành thạo Bảo mật hệ thống thông tin (Cyber Security) chỉ sau thời gian ngắn học tập.','2026-05-03 07:52:47.713390','NangCao',1,0,1,0,0.00,1,5.00,0,NULL),(18,'Mastering TypeScript cho Web Backend','Lộ trình Mastering TypeScript cho Web Backend dành cho bạn. Khóa học được thiết kế cực kỳ đa dạng bài giảng từ lý thuyết video, tài liệu chuyên sâu cho tới bài kiểm tra năng lực.',1100000,1,'2026-04-02 02:42:18.182695',2,'Lập trình Frontend',1650000,'https://img.youtube.com/vi/BwuLxPH8IDs/maxresdefault.jpg','Thành thạo Mastering TypeScript cho Web Backend chỉ sau thời gian ngắn học tập.','2026-04-02 02:42:20.258559','TrungCap',1,0,2,0,0.00,1,4.00,0,NULL),(19,'khoa hoc A','test',0,1,'2026-04-03 02:21:39.573045',16,'Thiết kế',0,'','tro thanh ltv chuyen cmn nghiep','2026-04-03 02:25:15.516287','CoSo',0,0,0,0,0.00,0,0.00,0,NULL),(20,'KhReact Advanced Course 2024','De',0,0,'2026-05-02 14:29:58.365081',1,'Lập trình',0,'','HLearn advanced React patterns and performance.','2026-05-03 07:52:37.266553','CoSo',0,0,0,0,0.00,0,0.00,0,NULL),(21,'Test Course Step 3','',0,0,'2026-05-02 14:31:48.223642',1,'Lập trình',0,'','','2026-05-02 14:31:48.224320','CoSo',0,0,0,0,0.00,0,0.00,0,NULL),(22,'React Masterclass 2024','',0,0,'2026-05-02 14:32:56.739433',1,'Lập trình',0,'','','2026-05-03 07:52:34.645249','CoSo',0,0,0,0,0.00,0,0.00,0,NULL),(23,'Step 3 Verification Course','',0,0,'2026-05-02 14:35:52.166094',1,'Lập trình',0,'','','2026-05-03 07:54:25.693231','CoSo',0,0,0,0,0.00,0,0.00,0,NULL),(24,'Final Verification Course','',0,0,'2026-05-02 14:37:37.637380',1,'Lập trình',0,'','','2026-05-03 07:54:23.585732','CoSo',0,0,0,0,0.00,0,0.00,0,NULL),(25,'Test','Test',0,0,'2026-05-03 07:35:42.900213',1,'Lập trình',0,'','Test','2026-05-03 07:54:21.592153','CoSo',0,0,0,0,0.00,0,0.00,0,NULL),(26,'AWS','Hiểu được cách tạo và triển khai web lên cloud.',0,1,'2026-05-05 07:20:06.421118',1,'',0,'https://upload.wikimedia.org/wikipedia/commons/thumb/f/fc/Amazon_Web_Services_2025.svg/1280px-Amazon_Web_Services_2025.svg.png','Khoa học này để dạy về cách deploy web lên AWS bằng ECS sử dụng ECR và RDS.','2026-05-07 13:22:31.720211','TrungCap',0,1,2,1,5.00,0,0.00,0,'https://youtu.be/K9NtzAP1A0c?si=hNiZLw2DWQYniZ3m');
/*!40000 ALTER TABLE `lms_khoahoc` ENABLE KEYS */;
UNLOCK TABLES;

--
-- Table structure for table `lms_kynang`
--

DROP TABLE IF EXISTS `lms_kynang`;
/*!40101 SET @saved_cs_client     = @@character_set_client */;
/*!50503 SET character_set_client = utf8mb4 */;
CREATE TABLE `lms_kynang` (
  `id_ky_nang` int NOT NULL AUTO_INCREMENT,
  `ten_ky_nang` varchar(255) COLLATE utf8mb4_unicode_ci NOT NULL,
  `ma_tieu_chuan` varchar(100) COLLATE utf8mb4_unicode_ci DEFAULT NULL,
  `mo_ta` longtext COLLATE utf8mb4_unicode_ci,
  PRIMARY KEY (`id_ky_nang`)
) ENGINE=InnoDB AUTO_INCREMENT=19 DEFAULT CHARSET=utf8mb4 COLLATE=utf8mb4_unicode_ci;
/*!40101 SET character_set_client = @saved_cs_client */;

--
-- Dumping data for table `lms_kynang`
--

LOCK TABLES `lms_kynang` WRITE;
/*!40000 ALTER TABLE `lms_kynang` DISABLE KEYS */;
INSERT INTO `lms_kynang` VALUES (1,'Python','SKILL-100','Kỹ năng lập trình hệ thống cho Python.'),(2,'JavaScript','SKILL-101','Kỹ năng lập trình hệ thống cho JavaScript.'),(3,'HTML/CSS','SKILL-102','Kỹ năng lập trình hệ thống cho HTML/CSS.'),(4,'ReactJS','SKILL-103','Kỹ năng lập trình hệ thống cho ReactJS.'),(5,'NodeJS','SKILL-104','Kỹ năng lập trình hệ thống cho NodeJS.'),(6,'Django','SKILL-105','Kỹ năng lập trình hệ thống cho Django.'),(7,'NextJS','SKILL-106','Kỹ năng lập trình hệ thống cho NextJS.'),(8,'Git/Github','SKILL-107','Kỹ năng lập trình hệ thống cho Git/Github.'),(9,'SQL/MySQL','SKILL-108','Kỹ năng lập trình hệ thống cho SQL/MySQL.'),(10,'Java','SKILL-109','Kỹ năng lập trình hệ thống cho Java.'),(11,'C++','SKILL-110','Kỹ năng lập trình hệ thống cho C++.'),(12,'Docker/K8s','SKILL-111','Kỹ năng lập trình hệ thống cho Docker/K8s.'),(13,'AI/Machine Learning','SKILL-112','Kỹ năng lập trình hệ thống cho AI/Machine Learning.'),(14,'Flutter/Dart','SKILL-113','Kỹ năng lập trình hệ thống cho Flutter/Dart.'),(15,'QA/Testing','SKILL-114','Kỹ năng lập trình hệ thống cho QA/Testing.'),(16,'UI/UX','SKILL-115','Kỹ năng lập trình hệ thống cho UI/UX.'),(17,'Security','SKILL-116','Kỹ năng lập trình hệ thống cho Security.'),(18,'TypeScript','SKILL-117','Kỹ năng lập trình hệ thống cho TypeScript.');
/*!40000 ALTER TABLE `lms_kynang` ENABLE KEYS */;
UNLOCK TABLES;

--
-- Table structure for table `lms_kynangkhoahoc`
--

DROP TABLE IF EXISTS `lms_kynangkhoahoc`;
/*!40101 SET @saved_cs_client     = @@character_set_client */;
/*!50503 SET character_set_client = utf8mb4 */;
CREATE TABLE `lms_kynangkhoahoc` (
  `id` bigint NOT NULL AUTO_INCREMENT,
  `cap_do_dat_duoc` varchar(100) COLLATE utf8mb4_unicode_ci DEFAULT NULL,
  `id_khoa_hoc_id` int NOT NULL,
  `id_ky_nang_id` int NOT NULL,
  PRIMARY KEY (`id`),
  UNIQUE KEY `lms_kynangkhoahoc_id_khoa_hoc_id_id_ky_nang_id_355fc7d3_uniq` (`id_khoa_hoc_id`,`id_ky_nang_id`),
  KEY `lms_kynangkhoahoc_id_ky_nang_id_e6fb1461_fk_lms_kynan` (`id_ky_nang_id`),
  CONSTRAINT `lms_kynangkhoahoc_id_khoa_hoc_id_b193b19f_fk_lms_khoah` FOREIGN KEY (`id_khoa_hoc_id`) REFERENCES `lms_khoahoc` (`id_khoa_hoc`),
  CONSTRAINT `lms_kynangkhoahoc_id_ky_nang_id_e6fb1461_fk_lms_kynan` FOREIGN KEY (`id_ky_nang_id`) REFERENCES `lms_kynang` (`id_ky_nang`)
) ENGINE=InnoDB AUTO_INCREMENT=25 DEFAULT CHARSET=utf8mb4 COLLATE=utf8mb4_unicode_ci;
/*!40101 SET character_set_client = @saved_cs_client */;

--
-- Dumping data for table `lms_kynangkhoahoc`
--

LOCK TABLES `lms_kynangkhoahoc` WRITE;
/*!40000 ALTER TABLE `lms_kynangkhoahoc` DISABLE KEYS */;
INSERT INTO `lms_kynangkhoahoc` VALUES (1,'Tốt',1,1),(2,'Tốt',2,4),(3,'Tốt',2,2),(4,'Tốt',3,5),(5,'Tốt',3,2),(6,'Tốt',4,2),(7,'Tốt',5,3),(8,'Tốt',6,1),(9,'Tốt',6,6),(10,'Tốt',7,7),(11,'Tốt',7,4),(12,'Tốt',8,8),(13,'Tốt',9,9),(14,'Tốt',10,10),(15,'Tốt',11,11),(16,'Tốt',12,12),(17,'Tốt',13,1),(18,'Tốt',13,13),(19,'Tốt',14,14),(20,'Tốt',15,15),(21,'Tốt',16,16),(22,'Tốt',17,17),(23,'Tốt',18,18),(24,'Tốt',18,2);
/*!40000 ALTER TABLE `lms_kynangkhoahoc` ENABLE KEYS */;
UNLOCK TABLES;

--
-- Table structure for table `lms_luachon`
--

DROP TABLE IF EXISTS `lms_luachon`;
/*!40101 SET @saved_cs_client     = @@character_set_client */;
/*!50503 SET character_set_client = utf8mb4 */;
CREATE TABLE `lms_luachon` (
  `id_lua_chon` int NOT NULL AUTO_INCREMENT,
  `noi_dung` longtext COLLATE utf8mb4_unicode_ci NOT NULL,
  `la_dap_an_dung` tinyint(1) NOT NULL,
  `id_cau_hoi_id` int NOT NULL,
  PRIMARY KEY (`id_lua_chon`),
  KEY `lms_luachon_id_cau_hoi_id_37b54562_fk_lms_cauhoi_id_cau_hoi` (`id_cau_hoi_id`),
  CONSTRAINT `lms_luachon_id_cau_hoi_id_37b54562_fk_lms_cauhoi_id_cau_hoi` FOREIGN KEY (`id_cau_hoi_id`) REFERENCES `lms_cauhoi` (`id_cau_hoi`)
) ENGINE=InnoDB AUTO_INCREMENT=195 DEFAULT CHARSET=utf8mb4 COLLATE=utf8mb4_unicode_ci;
/*!40101 SET character_set_client = @saved_cs_client */;

--
-- Dumping data for table `lms_luachon`
--

LOCK TABLES `lms_luachon` WRITE;
/*!40000 ALTER TABLE `lms_luachon` DISABLE KEYS */;
INSERT INTO `lms_luachon` VALUES (1,'Lựa chọn mới',0,1),(2,'Lựa chọn mới',0,1),(3,'Lựa chọn mới',0,1),(4,'Lựa chọn mới',0,1),(15,'A. Nơi lưu trữ mã nguồn của ứng dụng web',0,6),(16,'B. Dịch vụ quản lý cơ sở dữ liệu quan hệ',0,6),(17,'C. Môi trường thực thi các container thực tế',0,6),(18,'D. Nơi lưu trữ và quản lý các Docker image của ứng dụng',1,6),(19,'A. ECS Task Definition',1,7),(20,'B. ECS Cluster',0,7),(21,'C. ECS Service',0,7),(22,'D. Application Load Balancer',0,7),(23,'A. Bật chế độ Public Access cho RDS để ECS truy cập từ Internet',0,8),(24,'B. Mở cổng 3306 (hoặc cổng DB tương ứng) trên RDS cho toàn bộ địa chỉ IP (0.0.0.0/0)',0,8),(25,'C. Cấu hình Security Group của RDS cho phép Inbound traffic từ Security Group của ECS',1,8),(26,'D. Đặt ECS và RDS ở hai VPC khác nhau và không thiết lập VPC Peering',0,8),(27,'A. ECS Task',0,9),(28,'B. ECR Repository',0,9),(29,'C. RDS Multi-AZ',0,9),(30,'D. ECS Service',1,9),(31,'A. Hardcode trực tiếp vào trong source code của ứng dụng',0,10),(32,'B. Truyền qua các biến môi trường (Environment Variables) cấu hình trong Task Definition',1,10),(33,'C. Viết công khai mật khẩu vào lệnh RUN trong file Dockerfile',0,10),(34,'D. Lưu trong một file văn bản tĩnh (.txt) và đẩy lên thư mục public của dự án',0,10),(175,'Lựa chọn mới A',0,46),(176,'Lựa chọn mới B',0,46),(177,'Lựa chọn mới C',0,46),(178,'Lựa chọn mới D',0,46),(179,'Lựa chọn mới A',0,47),(180,'Lựa chọn mới B',0,47),(181,'Lựa chọn mới C',0,47),(182,'Lựa chọn mới D',0,47),(183,'Lựa chọn mới A',0,48),(184,'Lựa chọn mới B',0,48),(185,'Lựa chọn mới C',0,48),(186,'Lựa chọn mới D',0,48),(187,'Lựa chọn mới A',1,2),(188,'Lựa chọn mới B',0,2),(189,'Lựa chọn mới C',0,2),(190,'Lựa chọn mới D',0,2),(191,'Lựa chọn mới',0,49),(192,'Lựa chọn mới',0,49),(193,'Lựa chọn mới',0,49),(194,'Lựa chọn mới',1,49);
/*!40000 ALTER TABLE `lms_luachon` ENABLE KEYS */;
UNLOCK TABLES;

--
-- Table structure for table `lms_tiendobaigiang`
--

DROP TABLE IF EXISTS `lms_tiendobaigiang`;
/*!40101 SET @saved_cs_client     = @@character_set_client */;
/*!50503 SET character_set_client = utf8mb4 */;
CREATE TABLE `lms_tiendobaigiang` (
  `id` bigint NOT NULL AUTO_INCREMENT,
  `da_hoan_thanh` tinyint(1) NOT NULL,
  `ngay_hoan_thanh` datetime(6) DEFAULT NULL,
  `id_bai_giang_id` int NOT NULL,
  `id_dang_ky_id` int NOT NULL,
  PRIMARY KEY (`id`),
  UNIQUE KEY `lms_tiendobaigiang_id_dang_ky_id_id_bai_giang_id_591b5840_uniq` (`id_dang_ky_id`,`id_bai_giang_id`),
  KEY `lms_tiendobaigiang_id_bai_giang_id_72221124_fk_lms_baigi` (`id_bai_giang_id`),
  CONSTRAINT `lms_tiendobaigiang_id_bai_giang_id_72221124_fk_lms_baigi` FOREIGN KEY (`id_bai_giang_id`) REFERENCES `lms_baigiang` (`id_bai_giang`),
  CONSTRAINT `lms_tiendobaigiang_id_dang_ky_id_aa704a30_fk_lms_dangk` FOREIGN KEY (`id_dang_ky_id`) REFERENCES `lms_dangkyhoc` (`id_dang_ky`)
) ENGINE=InnoDB AUTO_INCREMENT=449 DEFAULT CHARSET=utf8mb4 COLLATE=utf8mb4_unicode_ci;
/*!40101 SET character_set_client = @saved_cs_client */;

--
-- Dumping data for table `lms_tiendobaigiang`
--

LOCK TABLES `lms_tiendobaigiang` WRITE;
/*!40000 ALTER TABLE `lms_tiendobaigiang` DISABLE KEYS */;
INSERT INTO `lms_tiendobaigiang` VALUES (1,0,NULL,158,1),(2,0,NULL,159,1),(3,0,NULL,160,1),(4,0,NULL,161,1),(5,0,NULL,162,1),(6,0,NULL,163,1),(7,0,NULL,164,1),(8,0,NULL,165,1),(9,1,'2026-03-29 02:42:17.072695',19,2),(10,1,'2026-03-31 02:42:17.072695',20,2),(11,1,'2026-03-25 02:42:17.072695',21,2),(12,1,'2026-03-24 02:42:17.072695',22,2),(13,1,'2026-03-24 02:42:17.072695',23,2),(14,1,'2026-03-28 02:42:17.072695',24,2),(15,1,'2026-03-28 02:42:17.072695',25,2),(16,1,'2026-03-28 02:42:17.072695',26,2),(17,1,'2026-03-24 02:42:17.072695',27,2),(18,1,'2026-03-29 02:42:17.072695',28,2),(19,1,'2026-03-24 02:42:17.072695',29,2),(20,1,'2026-03-30 02:42:17.072695',30,2),(21,1,'2026-03-31 02:42:17.072695',31,2),(22,1,'2026-04-01 02:42:17.072695',32,2),(23,1,'2026-03-26 02:42:17.072695',176,3),(24,1,'2026-04-01 02:42:17.072695',177,3),(25,1,'2026-03-25 02:42:17.072695',178,3),(26,1,'2026-03-30 02:42:17.072695',179,3),(27,1,'2026-03-24 02:42:17.072695',180,3),(28,1,'2026-03-27 02:42:17.072695',181,3),(29,1,'2026-03-26 02:42:17.072695',182,3),(30,1,'2026-03-27 02:42:17.072695',183,3),(31,1,'2026-04-01 02:42:17.072695',184,3),(32,1,'2026-03-26 02:42:17.072695',185,3),(33,1,'2026-03-28 02:42:17.072695',135,4),(34,1,'2026-03-26 02:42:17.072695',136,4),(35,1,'2026-03-28 02:42:17.072695',137,4),(36,0,NULL,138,4),(37,0,NULL,139,4),(38,0,NULL,140,4),(39,0,NULL,141,4),(40,0,NULL,142,4),(41,0,NULL,143,4),(42,0,NULL,144,4),(43,1,'2026-03-29 02:42:17.072695',99,5),(44,1,'2026-03-24 02:42:17.072695',100,5),(45,1,'2026-03-24 02:42:17.072695',101,5),(46,0,NULL,102,5),(47,0,NULL,103,5),(48,0,NULL,104,5),(49,0,NULL,105,5),(50,0,NULL,106,5),(51,0,NULL,107,5),(52,0,NULL,108,5),(53,0,NULL,109,5),(54,1,'2026-04-01 02:42:17.072695',176,6),(55,1,'2026-03-26 02:42:17.072695',177,6),(56,1,'2026-03-27 02:42:17.072695',178,6),(57,1,'2026-03-25 02:42:17.072695',179,6),(58,1,'2026-03-27 02:42:17.072695',180,6),(59,1,'2026-03-26 02:42:17.072695',181,6),(60,1,'2026-03-25 02:42:17.072695',182,6),(61,0,NULL,183,6),(62,0,NULL,184,6),(63,0,NULL,185,6),(64,1,'2026-03-31 02:42:17.072695',186,7),(65,0,NULL,187,7),(66,0,NULL,188,7),(67,0,NULL,189,7),(68,0,NULL,190,7),(69,0,NULL,191,7),(70,0,NULL,192,7),(71,0,NULL,193,7),(72,0,NULL,194,7),(73,0,NULL,195,7),(74,0,NULL,196,7),(75,1,'2026-04-01 02:42:17.072695',145,8),(76,1,'2026-03-30 02:42:17.072695',146,8),(77,1,'2026-03-31 02:42:17.072695',147,8),(78,1,'2026-03-30 02:42:17.072695',148,8),(79,1,'2026-03-26 02:42:17.072695',149,8),(80,1,'2026-03-26 02:42:17.072695',150,8),(81,1,'2026-03-31 02:42:17.072695',151,8),(82,1,'2026-04-01 02:42:17.072695',152,8),(83,1,'2026-03-31 02:42:17.072695',153,8),(84,0,NULL,154,8),(85,0,NULL,155,8),(86,0,NULL,156,8),(87,0,NULL,157,8),(88,1,'2026-03-27 02:42:17.072695',135,9),(89,1,'2026-03-26 02:42:17.072695',136,9),(90,1,'2026-03-29 02:42:17.072695',137,9),(91,1,'2026-03-25 02:42:17.072695',138,9),(92,1,'2026-03-28 02:42:17.072695',139,9),(93,1,'2026-03-30 02:42:17.072695',140,9),(94,1,'2026-03-24 02:42:17.072695',141,9),(95,1,'2026-03-24 02:42:17.072695',142,9),(96,1,'2026-03-26 02:42:17.072695',143,9),(97,1,'2026-04-01 02:42:17.072695',144,9),(98,1,'2026-03-25 02:42:17.072695',19,10),(99,0,NULL,20,10),(100,0,NULL,21,10),(101,0,NULL,22,10),(102,0,NULL,23,10),(103,0,NULL,24,10),(104,0,NULL,25,10),(105,0,NULL,26,10),(106,0,NULL,27,10),(107,0,NULL,28,10),(108,0,NULL,29,10),(109,0,NULL,30,10),(110,0,NULL,31,10),(111,0,NULL,32,10),(112,1,'2026-03-27 02:42:17.072695',11,11),(113,1,'2026-03-31 02:42:17.072695',12,11),(114,1,'2026-03-29 02:42:17.072695',13,11),(115,1,'2026-03-30 02:42:17.072695',14,11),(116,1,'2026-03-31 02:42:17.072695',15,11),(117,1,'2026-04-01 02:42:17.072695',16,11),(118,1,'2026-03-24 02:42:17.072695',17,11),(119,1,'2026-03-25 02:42:17.072695',18,11),(120,1,'2026-03-29 02:42:17.072695',125,12),(121,1,'2026-03-25 02:42:17.072695',126,12),(122,1,'2026-03-30 02:42:17.072695',127,12),(123,1,'2026-03-30 02:42:17.072695',128,12),(124,1,'2026-03-28 02:42:17.072695',129,12),(125,0,NULL,130,12),(126,0,NULL,131,12),(127,0,NULL,132,12),(128,0,NULL,133,12),(129,0,NULL,134,12),(130,1,'2026-03-29 02:42:17.072695',166,13),(131,1,'2026-03-26 02:42:17.072695',167,13),(132,1,'2026-03-29 02:42:17.072695',168,13),(133,1,'2026-03-31 02:42:17.072695',169,13),(134,1,'2026-03-27 02:42:17.072695',170,13),(135,1,'2026-03-29 02:42:17.072695',171,13),(136,1,'2026-03-27 02:42:17.072695',172,13),(137,1,'2026-03-25 02:42:17.072695',173,13),(138,1,'2026-04-01 02:42:17.072695',174,13),(139,1,'2026-04-01 02:42:17.072695',175,13),(140,1,'2026-03-31 02:42:17.072695',1,14),(141,1,'2026-04-01 02:42:17.072695',2,14),(142,1,'2026-03-27 02:42:17.072695',3,14),(143,1,'2026-03-28 02:42:17.072695',4,14),(144,1,'2026-03-25 02:42:17.072695',5,14),(145,1,'2026-04-01 02:42:17.072695',6,14),(146,1,'2026-04-01 02:42:17.072695',7,14),(147,1,'2026-03-28 02:42:17.072695',8,14),(148,0,NULL,9,14),(149,0,NULL,10,14),(150,1,'2026-03-24 02:42:17.072695',61,15),(151,1,'2026-03-30 02:42:17.072695',62,15),(152,1,'2026-03-31 02:42:17.072695',63,15),(153,1,'2026-03-25 02:42:17.072695',64,15),(154,1,'2026-03-29 02:42:17.072695',65,15),(155,1,'2026-03-25 02:42:17.072695',66,15),(156,1,'2026-03-25 02:42:17.072695',67,15),(157,1,'2026-03-26 02:42:17.072695',68,15),(158,1,'2026-03-25 02:42:17.072695',69,15),(159,1,'2026-04-01 02:42:17.072695',70,15),(160,1,'2026-03-28 02:42:17.072695',71,15),(161,1,'2026-03-26 02:42:17.072695',135,16),(162,1,'2026-03-28 02:42:17.072695',136,16),(163,1,'2026-03-28 02:42:17.072695',137,16),(164,1,'2026-03-30 02:42:17.072695',138,16),(165,1,'2026-04-01 02:42:17.072695',139,16),(166,1,'2026-03-27 02:42:17.072695',140,16),(167,1,'2026-03-29 02:42:17.072695',141,16),(168,1,'2026-03-30 02:42:17.072695',142,16),(169,1,'2026-03-24 02:42:17.072695',143,16),(170,1,'2026-03-29 02:42:17.072695',144,16),(171,1,'2026-04-01 02:42:17.072695',99,17),(172,1,'2026-03-24 02:42:17.072695',100,17),(173,1,'2026-04-01 02:42:17.072695',101,17),(174,1,'2026-03-27 02:42:17.072695',102,17),(175,1,'2026-03-29 02:42:17.072695',103,17),(176,1,'2026-03-31 02:42:17.072695',104,17),(177,1,'2026-03-26 02:42:17.072695',105,17),(178,1,'2026-03-26 02:42:17.072695',106,17),(179,1,'2026-03-26 02:42:17.072695',107,17),(180,0,NULL,108,17),(181,0,NULL,109,17),(182,1,'2026-04-01 02:42:17.072695',197,18),(183,1,'2026-03-29 02:42:17.072695',198,18),(184,1,'2026-03-29 02:42:17.072695',199,18),(185,1,'2026-03-29 02:42:17.072695',200,18),(186,1,'2026-03-27 02:42:17.072695',201,18),(187,1,'2026-03-31 02:42:17.072695',202,18),(188,1,'2026-03-26 02:42:17.072695',203,18),(189,1,'2026-03-31 02:42:17.072695',204,18),(190,1,'2026-03-28 02:42:17.072695',205,18),(191,0,NULL,206,18),(192,0,NULL,207,18),(193,1,'2026-03-28 02:42:17.072695',72,19),(194,1,'2026-03-25 02:42:17.072695',73,19),(195,1,'2026-03-27 02:42:17.072695',74,19),(196,0,NULL,75,19),(197,0,NULL,76,19),(198,0,NULL,77,19),(199,0,NULL,78,19),(200,0,NULL,79,19),(201,0,NULL,80,19),(202,0,NULL,81,19),(203,0,NULL,82,19),(204,0,NULL,83,19),(205,0,NULL,84,19),(206,1,'2026-03-31 02:42:17.072695',145,20),(207,1,'2026-04-01 02:42:17.072695',146,20),(208,1,'2026-03-25 02:42:17.072695',147,20),(209,1,'2026-03-30 02:42:17.072695',148,20),(210,1,'2026-03-25 02:42:17.072695',149,20),(211,1,'2026-03-24 02:42:17.072695',150,20),(212,1,'2026-03-29 02:42:17.072695',151,20),(213,1,'2026-03-28 02:42:17.072695',152,20),(214,1,'2026-03-25 02:42:17.072695',153,20),(215,1,'2026-04-01 02:42:17.072695',154,20),(216,1,'2026-03-30 02:42:17.072695',155,20),(217,1,'2026-03-30 02:42:17.072695',156,20),(218,1,'2026-03-27 02:42:17.072695',157,20),(219,1,'2026-03-29 02:42:17.072695',33,21),(220,1,'2026-03-30 02:42:17.072695',34,21),(221,1,'2026-03-31 02:42:17.072695',35,21),(222,1,'2026-04-01 02:42:17.072695',36,21),(223,1,'2026-04-01 02:42:17.072695',37,21),(224,1,'2026-03-30 02:42:17.072695',38,21),(225,1,'2026-03-26 02:42:17.072695',39,21),(226,1,'2026-03-30 02:42:17.072695',40,21),(227,1,'2026-03-31 02:42:17.072695',41,21),(228,0,NULL,42,21),(229,0,NULL,43,21),(230,0,NULL,44,21),(231,0,NULL,45,21),(232,0,NULL,46,21),(233,1,'2026-03-24 02:42:17.072695',176,22),(234,1,'2026-03-30 02:42:17.072695',177,22),(235,1,'2026-03-31 02:42:17.072695',178,22),(236,1,'2026-03-25 02:42:17.072695',179,22),(237,1,'2026-03-31 02:42:17.072695',180,22),(238,1,'2026-03-31 02:42:17.072695',181,22),(239,1,'2026-03-30 02:42:17.072695',182,22),(240,0,NULL,183,22),(241,0,NULL,184,22),(242,0,NULL,185,22),(243,1,'2026-03-24 02:42:17.072695',61,23),(244,1,'2026-03-26 02:42:17.072695',62,23),(245,1,'2026-03-29 02:42:17.072695',63,23),(246,0,NULL,64,23),(247,0,NULL,65,23),(248,0,NULL,66,23),(249,0,NULL,67,23),(250,0,NULL,68,23),(251,0,NULL,69,23),(252,0,NULL,70,23),(253,0,NULL,71,23),(254,1,'2026-03-29 02:42:17.072695',135,24),(255,1,'2026-03-25 02:42:17.072695',136,24),(256,1,'2026-04-01 02:42:17.072695',137,24),(257,1,'2026-04-01 02:42:17.072695',138,24),(258,1,'2026-03-30 02:42:17.072695',139,24),(259,1,'2026-03-31 02:42:17.072695',140,24),(260,1,'2026-04-01 02:42:17.072695',141,24),(261,0,NULL,142,24),(262,0,NULL,143,24),(263,0,NULL,144,24),(264,1,'2026-03-27 02:42:17.072695',1,25),(265,1,'2026-04-01 02:42:17.072695',2,25),(266,1,'2026-03-26 02:42:17.072695',3,25),(267,1,'2026-03-24 02:42:17.072695',4,25),(268,1,'2026-03-25 02:42:17.072695',5,25),(269,1,'2026-03-24 02:42:17.072695',6,25),(270,1,'2026-03-29 02:42:17.072695',7,25),(271,1,'2026-03-27 02:42:17.072695',8,25),(272,1,'2026-03-31 02:42:17.072695',9,25),(273,1,'2026-03-30 02:42:17.072695',10,25),(274,1,'2026-03-27 02:42:17.072695',72,26),(275,1,'2026-03-25 02:42:17.072695',73,26),(276,1,'2026-03-27 02:42:17.072695',74,26),(277,0,NULL,75,26),(278,0,NULL,76,26),(279,0,NULL,77,26),(280,0,NULL,78,26),(281,0,NULL,79,26),(282,0,NULL,80,26),(283,0,NULL,81,26),(284,0,NULL,82,26),(285,0,NULL,83,26),(286,0,NULL,84,26),(287,1,'2026-03-26 02:42:17.072695',125,27),(288,1,'2026-04-01 02:42:17.072695',126,27),(289,1,'2026-03-26 02:42:17.072695',127,27),(290,1,'2026-04-01 02:42:17.072695',128,27),(291,1,'2026-03-24 02:42:17.072695',129,27),(292,1,'2026-03-30 02:42:17.072695',130,27),(293,1,'2026-04-01 02:42:17.072695',131,27),(294,0,NULL,132,27),(295,0,NULL,133,27),(296,0,NULL,134,27),(297,1,'2026-03-24 02:42:17.072695',72,28),(298,1,'2026-03-31 02:42:17.072695',73,28),(299,1,'2026-03-28 02:42:17.072695',74,28),(300,0,NULL,75,28),(301,0,NULL,76,28),(302,0,NULL,77,28),(303,0,NULL,78,28),(304,0,NULL,79,28),(305,0,NULL,80,28),(306,0,NULL,81,28),(307,0,NULL,82,28),(308,0,NULL,83,28),(309,0,NULL,84,28),(310,1,'2026-03-25 02:42:17.072695',197,29),(311,0,NULL,198,29),(312,0,NULL,199,29),(313,0,NULL,200,29),(314,0,NULL,201,29),(315,0,NULL,202,29),(316,0,NULL,203,29),(317,0,NULL,204,29),(318,0,NULL,205,29),(319,0,NULL,206,29),(320,0,NULL,207,29),(321,1,'2026-03-24 02:42:17.072695',61,30),(322,1,'2026-03-31 02:42:17.072695',62,30),(323,1,'2026-04-01 02:42:17.072695',63,30),(324,0,NULL,64,30),(325,0,NULL,65,30),(326,0,NULL,66,30),(327,0,NULL,67,30),(328,0,NULL,68,30),(329,0,NULL,69,30),(330,0,NULL,70,30),(331,0,NULL,71,30),(332,0,NULL,158,31),(333,0,NULL,159,31),(334,0,NULL,160,31),(335,0,NULL,161,31),(336,0,NULL,162,31),(337,0,NULL,163,31),(338,0,NULL,164,31),(339,0,NULL,165,31),(340,1,'2026-03-29 02:42:17.072695',166,32),(341,0,NULL,167,32),(342,0,NULL,168,32),(343,0,NULL,169,32),(344,0,NULL,170,32),(345,0,NULL,171,32),(346,0,NULL,172,32),(347,0,NULL,173,32),(348,0,NULL,174,32),(349,0,NULL,175,32),(350,1,'2026-03-29 02:42:17.072695',47,33),(351,1,'2026-03-28 02:42:17.072695',48,33),(352,1,'2026-03-27 02:42:17.072695',49,33),(353,1,'2026-03-30 02:42:17.072695',50,33),(354,1,'2026-03-28 02:42:17.072695',51,33),(355,1,'2026-04-01 02:42:17.072695',52,33),(356,1,'2026-03-27 02:42:17.072695',53,33),(357,1,'2026-03-25 02:42:17.072695',54,33),(358,1,'2026-03-24 02:42:17.072695',55,33),(359,1,'2026-03-27 02:42:17.072695',56,33),(360,1,'2026-03-26 02:42:17.072695',57,33),(361,0,NULL,58,33),(362,0,NULL,59,33),(363,0,NULL,60,33),(364,1,'2026-03-30 02:42:17.072695',135,34),(365,1,'2026-04-01 02:42:17.072695',136,34),(366,1,'2026-03-27 02:42:17.072695',137,34),(367,1,'2026-03-28 02:42:17.072695',138,34),(368,1,'2026-03-29 02:42:17.072695',139,34),(369,1,'2026-03-29 02:42:17.072695',140,34),(370,1,'2026-03-30 02:42:17.072695',141,34),(371,1,'2026-03-25 02:42:17.072695',142,34),(372,1,'2026-03-31 02:42:17.072695',143,34),(373,1,'2026-03-24 02:42:17.072695',144,34),(374,1,'2026-03-28 02:42:17.072695',47,35),(375,1,'2026-03-24 02:42:17.072695',48,35),(376,1,'2026-03-25 02:42:17.072695',49,35),(377,1,'2026-03-29 02:42:17.072695',50,35),(378,0,NULL,51,35),(379,0,NULL,52,35),(380,0,NULL,53,35),(381,0,NULL,54,35),(382,0,NULL,55,35),(383,0,NULL,56,35),(384,0,NULL,57,35),(385,0,NULL,58,35),(386,0,NULL,59,35),(387,0,NULL,60,35),(388,1,'2026-03-26 02:42:17.072695',72,36),(389,1,'2026-04-01 02:42:17.072695',73,36),(390,1,'2026-03-27 02:42:17.072695',74,36),(391,1,'2026-03-29 02:42:17.072695',75,36),(392,1,'2026-03-27 02:42:17.072695',76,36),(393,1,'2026-03-25 02:42:17.072695',77,36),(394,0,NULL,78,36),(395,0,NULL,79,36),(396,0,NULL,80,36),(397,0,NULL,81,36),(398,0,NULL,82,36),(399,0,NULL,83,36),(400,0,NULL,84,36),(401,1,'2026-03-28 02:42:17.072695',125,37),(402,1,'2026-04-01 02:42:17.072695',126,37),(403,1,'2026-03-26 02:42:17.072695',127,37),(404,0,NULL,128,37),(405,0,NULL,129,37),(406,0,NULL,130,37),(407,0,NULL,131,37),(408,0,NULL,132,37),(409,0,NULL,133,37),(410,0,NULL,134,37),(411,1,'2026-04-03 02:06:33.423153',1,38),(412,1,'2026-04-03 02:08:42.815720',33,39),(413,1,'2026-04-03 02:08:46.472048',34,39),(414,1,'2026-04-03 02:08:51.644950',35,39),(415,1,'2026-04-03 02:09:00.870769',36,39),(416,1,'2026-04-03 02:09:27.667655',39,39),(417,1,'2026-04-03 02:09:36.802018',40,39),(418,1,'2026-04-03 02:09:39.362172',41,39),(419,1,'2026-04-03 02:09:44.848787',42,39),(420,1,'2026-04-03 02:09:58.182589',44,39),(421,1,'2026-04-03 02:10:07.616334',43,39),(422,1,'2026-04-03 02:10:17.157509',45,39),(423,1,'2026-04-03 02:11:41.026539',46,39),(424,1,'2026-04-03 02:12:53.686775',37,39),(425,1,'2026-04-03 02:13:17.518267',38,39),(426,1,'2026-04-03 06:16:33.458537',1,40),(427,1,'2026-04-03 06:17:56.994677',11,41),(428,1,'2026-04-03 06:19:27.893768',12,41),(429,1,'2026-04-03 06:19:35.620413',13,41),(430,1,'2026-04-03 06:19:42.526244',14,41),(431,1,'2026-04-03 06:19:45.717416',15,41),(432,1,'2026-04-03 06:19:50.206079',16,41),(433,1,'2026-04-03 06:19:55.038596',17,41),(434,1,'2026-04-03 06:19:59.294206',18,41),(435,1,'2026-04-03 06:30:09.523703',160,42),(436,1,'2026-04-03 06:30:12.619743',161,42),(437,1,'2026-04-03 06:32:06.079888',158,42),(438,1,'2026-04-03 06:32:30.434013',159,42),(439,1,'2026-04-03 06:32:55.743106',162,42),(440,1,'2026-04-03 06:33:02.193615',163,42),(441,1,'2026-04-03 06:33:10.465528',164,42),(442,1,'2026-04-03 06:35:33.627712',165,42),(443,1,'2026-04-03 06:36:13.676160',85,43),(444,1,'2026-04-03 06:51:54.092711',11,44),(445,1,'2026-05-07 13:09:22.870921',217,45),(446,1,'2026-05-07 13:13:06.939501',212,45),(447,1,'2026-05-07 13:14:55.063601',216,45),(448,1,'2026-05-07 13:22:31.703855',217,47);
/*!40000 ALTER TABLE `lms_tiendobaigiang` ENABLE KEYS */;
UNLOCK TABLES;

--
-- Table structure for table `lms_tinnhan`
--

DROP TABLE IF EXISTS `lms_tinnhan`;
/*!40101 SET @saved_cs_client     = @@character_set_client */;
/*!50503 SET character_set_client = utf8mb4 */;
CREATE TABLE `lms_tinnhan` (
  `id_tin_nhan` int NOT NULL AUTO_INCREMENT,
  `noi_dung` longtext COLLATE utf8mb4_unicode_ci NOT NULL,
  `ngay_gui` datetime(6) NOT NULL,
  `id_nguoi_gui_id` int NOT NULL,
  `id_nguoi_nhan_id` int NOT NULL,
  `is_recalled` tinyint(1) NOT NULL,
  `da_xem` tinyint(1) NOT NULL,
  PRIMARY KEY (`id_tin_nhan`),
  KEY `lms_tinnhan_id_nguoi_gui_id_6fee9baa_fk_core_nguo` (`id_nguoi_gui_id`),
  KEY `lms_tinnhan_id_nguoi_nhan_id_fade079d_fk_core_nguo` (`id_nguoi_nhan_id`),
  CONSTRAINT `lms_tinnhan_id_nguoi_gui_id_6fee9baa_fk_core_nguo` FOREIGN KEY (`id_nguoi_gui_id`) REFERENCES `core_nguoidung` (`id_nguoi_dung`),
  CONSTRAINT `lms_tinnhan_id_nguoi_nhan_id_fade079d_fk_core_nguo` FOREIGN KEY (`id_nguoi_nhan_id`) REFERENCES `core_nguoidung` (`id_nguoi_dung`)
) ENGINE=InnoDB AUTO_INCREMENT=46 DEFAULT CHARSET=utf8mb4 COLLATE=utf8mb4_unicode_ci;
/*!40101 SET character_set_client = @saved_cs_client */;

--
-- Dumping data for table `lms_tinnhan`
--

LOCK TABLES `lms_tinnhan` WRITE;
/*!40000 ALTER TABLE `lms_tinnhan` DISABLE KEYS */;
INSERT INTO `lms_tinnhan` VALUES (1,'toi muon tuyen ban vao vi tri nay','2026-04-03 02:16:46.276442',15,14,0,1),(2,'hi','2026-04-03 02:17:07.093034',14,15,0,1),(3,'alo','2026-04-03 06:21:52.205645',5,17,0,1),(4,'test phát','2026-04-03 06:22:05.414528',6,17,0,1),(5,'thay tin nhan ko','2026-04-03 06:22:08.793188',5,17,0,1),(6,'?','2026-04-03 06:22:29.540970',5,17,0,1),(7,'ádfghj','2026-04-03 06:23:00.470901',5,17,0,1),(8,'xin chào!','2026-04-03 06:23:15.179781',6,17,0,1),(9,'dsfdsa','2026-04-03 06:26:01.522832',5,17,0,1),(10,'ádasdsad','2026-04-03 06:26:12.938144',5,17,0,1),(11,'ád','2026-04-03 06:26:13.398519',5,17,0,1),(12,'ád','2026-04-03 06:26:13.652416',5,17,0,1),(13,'ádasd','2026-04-03 06:26:13.820377',5,17,0,1),(14,'ádasdasd','2026-04-03 06:26:13.959466',5,17,0,1),(15,'ádasdasdasd','2026-04-03 06:26:14.105797',5,17,0,1),(16,'dasdasdasdasd','2026-04-03 06:26:14.238103',5,17,0,1),(17,'123456','2026-04-03 06:29:09.735689',5,17,0,1),(18,'ád','2026-04-03 06:30:07.633175',5,17,0,1),(19,'yo','2026-04-03 06:36:22.496150',5,17,0,1),(20,'alo','2026-04-03 06:36:55.192384',5,17,0,1),(21,'nghe','2026-04-03 06:36:58.561968',17,5,0,0),(22,'sao','2026-04-03 06:37:00.075388',17,5,0,0),(23,'sua?','2026-04-03 06:37:02.328454',17,5,0,0),(24,'Xin muốn ứng tuyển vô doanh nghiệp của chúng tôi không?','2026-04-03 06:38:04.778071',6,17,0,1),(25,'sua?','2026-04-03 06:38:13.702733',17,6,0,1),(26,'thêm chức năng đi','2026-04-03 06:38:22.309464',6,17,0,1),(27,'thu hồi tin','2026-04-03 06:38:25.139745',6,17,0,1),(28,'?','2026-04-03 06:38:36.126205',17,6,0,1),(29,'thêm thu hồi tin nào ?','2026-04-03 06:38:58.520734',6,17,0,1),(30,'ok','2026-04-03 06:39:07.720888',17,6,0,1),(31,'hi','2026-04-03 06:57:56.140323',6,18,1,0),(32,'hi','2026-04-03 07:06:47.310718',18,6,1,1),(33,'Hi','2026-04-03 07:15:24.275375',5,17,0,1),(34,'Hello','2026-04-03 07:15:40.476140',5,17,0,1),(35,'yoyo','2026-04-03 07:15:43.792472',5,17,0,1),(36,'blabla','2026-04-03 07:15:46.458942',5,17,0,1),(37,'gugugagag','2026-04-03 07:15:49.711273',5,17,0,1),(38,'alo','2026-04-03 07:26:19.997229',6,17,0,1),(39,'ngon','2026-04-03 07:26:24.726534',17,6,1,1),(40,'oke thấy thu hồi luôn r','2026-04-03 07:26:36.386510',6,17,0,1),(41,'ok','2026-04-03 07:26:39.026177',17,6,0,1),(42,'alo vũ hả vũ','2026-04-03 08:08:49.748320',5,17,0,1),(43,'lo','2026-04-03 08:24:53.989870',5,17,0,1),(44,'hello','2026-04-03 08:46:03.877263',17,5,0,0),(45,'ngon','2026-04-03 08:46:25.099964',5,17,0,1);
/*!40000 ALTER TABLE `lms_tinnhan` ENABLE KEYS */;
UNLOCK TABLES;

--
-- Table structure for table `lms_tuyendung`
--

DROP TABLE IF EXISTS `lms_tuyendung`;
/*!40101 SET @saved_cs_client     = @@character_set_client */;
/*!50503 SET character_set_client = utf8mb4 */;
CREATE TABLE `lms_tuyendung` (
  `id_tuyen_dung` int NOT NULL AUTO_INCREMENT,
  `ngay_tuyen` datetime(6) NOT NULL,
  `ghi_chu` longtext COLLATE utf8mb4_unicode_ci,
  `id_hoc_vien_id` int NOT NULL,
  `id_khoa_hoc_id` int NOT NULL,
  `id_nha_tuyen_dung_id` int NOT NULL,
  `trang_thai` varchar(20) COLLATE utf8mb4_unicode_ci NOT NULL,
  PRIMARY KEY (`id_tuyen_dung`),
  UNIQUE KEY `lms_tuyendung_id_nha_tuyen_dung_id_id__4849a59d_uniq` (`id_nha_tuyen_dung_id`,`id_hoc_vien_id`,`id_khoa_hoc_id`),
  KEY `lms_tuyendung_id_hoc_vien_id_3fd72a96_fk_core_nguo` (`id_hoc_vien_id`),
  KEY `lms_tuyendung_id_khoa_hoc_id_cbc48a38_fk_lms_khoahoc_id_khoa_hoc` (`id_khoa_hoc_id`),
  CONSTRAINT `lms_tuyendung_id_hoc_vien_id_3fd72a96_fk_core_nguo` FOREIGN KEY (`id_hoc_vien_id`) REFERENCES `core_nguoidung` (`id_nguoi_dung`),
  CONSTRAINT `lms_tuyendung_id_khoa_hoc_id_cbc48a38_fk_lms_khoahoc_id_khoa_hoc` FOREIGN KEY (`id_khoa_hoc_id`) REFERENCES `lms_khoahoc` (`id_khoa_hoc`),
  CONSTRAINT `lms_tuyendung_id_nha_tuyen_dung_id_9bb5d95d_fk_core_nguo` FOREIGN KEY (`id_nha_tuyen_dung_id`) REFERENCES `core_nguoidung` (`id_nguoi_dung`)
) ENGINE=InnoDB AUTO_INCREMENT=6 DEFAULT CHARSET=utf8mb4 COLLATE=utf8mb4_unicode_ci;
/*!40101 SET character_set_client = @saved_cs_client */;

--
-- Dumping data for table `lms_tuyendung`
--

LOCK TABLES `lms_tuyendung` WRITE;
/*!40000 ALTER TABLE `lms_tuyendung` DISABLE KEYS */;
INSERT INTO `lms_tuyendung` VALUES (1,'2026-04-02 02:42:20.103261','Team phát triển sản phẩm của chúng tôi đang cần vị trí này, mời bạn tham gia phỏng vấn.',7,3,5,'TuChoi'),(2,'2026-04-02 02:42:20.153888','Team phát triển sản phẩm của chúng tôi đang cần vị trí này, mời bạn tham gia phỏng vấn.',8,12,5,'TuChoi'),(3,'2026-04-02 02:42:20.245400','Team phát triển sản phẩm của chúng tôi đang cần vị trí này, mời bạn tham gia phỏng vấn.',11,1,6,'DaDongY'),(4,'2026-04-03 02:14:49.820534','Tuyển dụng qua hệ thống dựa trên khóa học Khoá học JavaScript Toàn Tập',14,4,15,'ChoXacNhan'),(5,'2026-04-10 02:27:30.878118','Tuyển dụng qua hệ thống dựa trên khóa học Làm chủ Django Rest Framework Toàn Tập',9,6,15,'DaDongY');
/*!40000 ALTER TABLE `lms_tuyendung` ENABLE KEYS */;
UNLOCK TABLES;
/*!40103 SET TIME_ZONE=@OLD_TIME_ZONE */;

/*!40101 SET SQL_MODE=@OLD_SQL_MODE */;
/*!40014 SET FOREIGN_KEY_CHECKS=@OLD_FOREIGN_KEY_CHECKS */;
/*!40014 SET UNIQUE_CHECKS=@OLD_UNIQUE_CHECKS */;
/*!40101 SET CHARACTER_SET_CLIENT=@OLD_CHARACTER_SET_CLIENT */;
/*!40101 SET CHARACTER_SET_RESULTS=@OLD_CHARACTER_SET_RESULTS */;
/*!40101 SET COLLATION_CONNECTION=@OLD_COLLATION_CONNECTION */;
/*!40111 SET SQL_NOTES=@OLD_SQL_NOTES */;

-- Dump completed on 2026-05-08  7:21:59
